"spot_id","name","img","content","address","can_parking","can_pet","crowd_level","overview","homepage","map_x","map_y","content_id","content_type_id","tel"
2910116,라라캠핑장,http://tong.visitkorea.or.kr/cms/resource/96/2910096_image2_1.jpg,,경상북도 경주시 서왕길 381-14,,,,라라캠핑장은 경북 경주시 양남면 신대리에 자리 잡았다. 경주시청을 기점으로 40㎞가량 떨어졌다. 자동차를 타고 신대로와 서왕길을 번갈아 달리면 닿는다. 도착까지 걸리는 시간은 60분 안팎이다. 캠핑장은 산속 숲에 위치한 덕분에 더없이 자연친화적인 느낌이다. 인근에 계곡이 있어 물놀이로 한여름 무더위를 날리기 좋다. 캠핑장에는 파쇄석으로 이뤄진 오토캠핑 사이트 23면이 마련돼 있다. 사이트 크기는 가로 9m 세로 8m 등 여러 가지다. 주변에 관성솔밭해변과 하서항이 있어 연계 관광이 용이하다.,"<a href=""https://cafe.naver.com/lalacamp""target=""_blank"" title=""새창 : 경주양남라라캠핑장 네이버카페로 이동"">https://cafe.naver.com/lalacamp</a>",129.3963642113,35.687766642,2910116,28,
2904463,장터밥상,https://tong.visitkorea.or.kr/cms/resource/59/2904459_image2_1.jpg,,경상북도 경주시 동해안로 1998,,,,"장터밥상은 경상북도 경주시 감포읍 전촌리에 위치하고 있다. 깔끔한 외관과 고급스러운 분위기를 연출하는 인테리어가 눈에 띈다. 내부에는 단체석이 마련되어 있어 각종 모임을 하기 좋다. 대표 메뉴는 연탄불고기백반이다. 이 밖에 마늘보쌈 정식, 마늘보쌈백반, 마늘보쌈수육, 안창국밥, 돼지국밥 등이 준비되어 있다. 인근에 전촌솔밭해변, 전촌항, 용굴, 감포해상공원 등의 관광지가 자리하고 있어 함께 관광하기 좋다.",,129.4908076415,35.7855163623,2904463,39,
127693,골굴사(경주),https://tong.visitkorea.or.kr/cms/resource/89/4075489_image2_1.jpg,,경상북도 경주시 문무대왕면 기림로 101-5,,,,"골굴사는 경주시의 함월산에 위치한 사찰로 선무도(禪武道)의 총본산으로 한국의 소림사라는 별명이 있다. 약 1,500여 년 전 인도에서 온 광유 선인 일행이 경주 함월산에 정착하면서 골굴사와 기림사를 창건하였는데, 골굴사는 광유스님 일행이 인도를 본떠 석굴사원 형태로 조성한 국내에서 가장 오래된 석굴사원이다. 함월산 기슭의 골굴암에는 수십 미터 높이의 거대한 응회암에 12개의 석굴이 나있으며, 암벽 제일 높은 곳에는 돋을새김으로 새긴 마애불상이 있다.",http://www.golgulsa.com,129.406572,35.802359,127693,12,
1492402,경주 대릉원 일원,https://tong.visitkorea.or.kr/cms/resource/71/4056771_image2_1.jpg,,경상북도 경주시 황남동 31-1,,,,"경주 대릉원은 경주시 노동동과 황남동에 있는 신라 시대의 고분군을 말하며 노동동 고분군, 노서리 고분군, 황남동 고분군, 황오동 고분군, 인왕동 고분군으로 구성되어 있다. 노동동 고분군은 고신라 시대 무덤들로, 봉황대, 식리총, 금령총 등이 포함되어 있다.
봉황대는 밑둘레 230m, 직경 82m, 높이 22m로 황남대총 다음으로 규모가 큰 무덤으로 덧널을 설치한 돌무지덧널무덤이다. 노서리 고분군은 넓은 평지에 크고 작은 고분 14기가 있다. 노동리의 봉황대 고분과 더불어 규모가 있고 쌍벽을 이루는 제130호 고분을 비롯해 1921년에 금관이 출토된 금관총, 1926년에 일본 방문 길에 스웨덴의 황태자이며 고고학자인 구스타프 6세 아돌프가 들러 발굴을 조사 참관한 서봉총이 있다. 1946년에 고구려 광개토왕의 이름이 새겨진 청동 그릇이 발견됐으며 신라 고분 연대 추정에 도움을 준 호우총과 은평총, 쌍상총, 마총 등도 있다. 쌍상총에서 토기 조각, 마총에서 말뼈와 안장 조각이 출토됐다. 황남동 고분군은 신라초기의 무덤들로 일부가 대릉원 구역 안에 있다. 원형으로 흙을 쌓아 올린 30기의 무덤이다. 큰 무덤은 돌무지덧널무덤이고 주변에는 봉문이 없어진 작은 무덤이 있다. 대릉원 안에는 전 미추왕릉을 비롯하여 천마총과 황남대총 등이 있다. 천마총은 1973년 4월 6일부터 12월 4일까지 발굴조사됐다. 천마총은 지름 47m, 높이 12.7m로 금관을 비롯하여 많은 유물이 나왔다. 당시 천마도가 그려진 말안장 드리개가 출토되었기 때문에 천마총이라 이름 짓고 내부를 공개하고 있다.  황오동 고분군은 크고 작은 신라시대 무덤들이 밀집되어 있다. 오랜 세월 관리가 되지 않아 봉분이 많이 손상되었으나, 현재 고분 형태 유지가 확인되는 것만 10여 기에 달한다. 이 무덤들은 인접 지역에서 발굴된 무덤 구조로 미루어 볼 때 주로 4~5세기경의 왕족 또는 귀족을 묻은 돌무지 덧널무덤으로 추정한다.
인왕동 고분군은 경주 중심부 평야지대에 남아 있는 고분군 중 가장 동편에 위치하고 있다. 일제 강점기 때 13기의 봉토분이 확인되었고 새로 10기의 고분이 더 분포하고 있는 것으로 조사되었다. 고분 중 일부를 발굴조사 했는데, 삼한과 삼국시대의 무덤 양식이 확인됐다. 이른 시기부터 무덤이 축조되기 시작했음을 알 수 있다. 봉토가 남아 있는 삼국시대 고분들은 대부분 돌무지덧널무덤으로 출토유물이나 유구의 크기 등으로 보아 신라 귀족들의 무덤으로 추정된다.   

◎ 한류의 매력을 만나는 여행 정보 - 드라마 
에서 보라가 수학여행 자유시간을 보낸 곳으로 고분들이 밀집된 공원이다. 약 20여 기의 큰 고분들이 마치 능선을 그리는 것처럼 몽환적인 분위기를 형성한다. 고분 사이에 목련 나무 한 그루가 서 있는 곳이 포토존으로 유명하다. 유일하게 내부를 공개하는 천마총도 함께 둘러보는 것을 추천한다.",경주문화관광 http://www.gyeongju.go.kr/tour국가유산청 https://www.heritage.go.kr/,129.2128,35.8382,1492402,12,
3336522,통일전 은행나무길,https://tong.visitkorea.or.kr/cms/resource/21/3566021_image2_1.jpg,,경상북도 경주시 칠불암길 6 (남산동),,,,통일전 은행나무길은 경주시의 대표적인 가을 명소로 손꼽히는 곳이라고 할 수 있다. 신라의 삼국통일 정신과 화랑의 호국정신을 기리고 이를 이어받아 나라의 정신적 지주로 삼기 위하여 조성한 길이다. 근방에 삼국통일의 정신을 계승하기 위하여 건립된 통일 전부터 시작되어 직선으로 광활하게 펼쳐진 도로 양옆으로 은행나무 가로수가 늘어서 있는 형태이다. 은행이 절정으로 물드는 10월 말부터 11월 초까지 가을의 정취를 느낄 수 있기 때문에 경주 지역 주민들뿐만 아니라 외지인들도 많이 방문하기도 한다. 또한 통일전으로 올라가 누각 위에서 통일전 은행나무길 전체의 풍광을 한눈에 담을 수 있다.,경주문화관광 https://www.gyeongju.go.kr/tour,129.2422734978,35.7981980832,3336522,12,
2905411,감포이견대카페,https://tong.visitkorea.or.kr/cms/resource/93/2905393_image2_1.jpg,,경상북도 경주시 동해안로 1488,,,,"감포이견대카페는 경상북도 경주시 감포읍 대본리에 위치한 카페이다. 이국적인 멋을 풍기는 외관과 고급스러운 분위기의 인테리어가 돋보이며, 넓고 쾌적한 실내에는 단체석이 마련되어 있어 각종 모임 장소로 이용하기 좋다. 대표 메뉴는 티라미수이며, 부드러운 식감과 달콤한 맛으로 많은 사람들이 찾는다. 이 밖에 아보카도 크림라테, 아보카도 스무디, 아메리카노, 카페라테, 콜드브루 등 다양한 음료가 준비되어 있어 취향에 따라 즐길 수 있다. 커피와 디저트를 함께 맛보며 여유로운 시간을 보내기 좋은 곳이다. 동경주 IC에서 가깝고 주변에 경주문무대왕릉과 나정고운모래해변이 있다.",,129.4847066021,35.7453571102,2905411,39,
3032563,불리단길,https://tong.visitkorea.or.kr/cms/resource/47/3032547_image2_1.jpg,,경상북도 경주시 불국신택지5길 11 (진현동),,,,"불리단길은 경주 진현로 일대에 조성된 문화거리로, 불국사 상가시장과 토함산 자락의 마을 골목을 중심으로 형성되어 있다. 과거 관광객들이 많이 찾던 지역이었으며, 최근에는 도시재생사업을 통해 카페와 음식점, 공방, 갤러리 등이 들어서며 새로운 문화공간으로 자리 잡고 있다. 봄에는 겹벚꽃 명소로 알려져 있으며, 플리마켓과 전시, 체험 프로그램 등 다양한 문화행사가 열린다. 거리 곳곳에는 전통적인 분위기의 건물과 개성 있는 상점들이 어우러져 있으며, 인근 벽화마을에서는 다채로운 거리 예술도 감상할 수 있다. 불국사와 토함산을 찾는 여행객들이 함께 둘러보기 좋은 경주의 대표 문화거리이다.",,129.3270359029,35.7844260634,3032563,12,
3032652,두송녹색농촌체험마을,https://tong.visitkorea.or.kr/cms/resource/31/3032631_image2_1.jpg,,경상북도 경주시 송전기곡길 15-12,,,,"두송녹색농촌체험마을은 폐교를 리모델링한 곳으로 다양한 체험과 숙박을 함께 할 수 있는 농림부지원 교육체험 학습장이다. 캠핑을 할 수 있는 야외 데크와 교실을 리모델링한 숙박시설, 60평 대형강당으로 구성되었으며 천연잔디로 조성된 150평 규모의 야외행사장은 각종 축구장, 농구장 등 운동시설이 준비되어 있다. 친구, 가족 단위 캠핑은 물론 학생, 모임, 직장 단체 수련회 등 단체 방문이 가능하다. 수영장과 야외 미끄럼틀, 숲 속 원두막, 바베큐장 시설이 갖추어져 있어 자연 속 휴식을 취할 수 있는 공간이다.",www.dusonggreen.kr,129.4279153692,35.7656991349,3032652,12,
3032662,보불ATV체험장,https://tong.visitkorea.or.kr/cms/resource/54/3032654_image2_1.jpg,,경북 경주시 천군동 60-7,,,,"보불ATV체험장은 경주에 위치한 사륜바이크(ATV) 체험장으로, 다양한 코스를 갖추고 있어 색다른 레저 활동을 즐길 수 있는 곳이다. 이용자의 연령과 운전 경험을 고려해 적합한 차량을 배정하며, 체험 전 안전교육과 주행 연습을 진행한 뒤 코스를 이용할 수 있다. 코스는 언덕길과 숲길, 계곡 인근 구간 등으로 구성되어 있으며, 숙련도에 따라 다양한 난이도의 주행을 경험할 수 있다. 또한 체험 중 사진 촬영 서비스를 제공해 활동 모습을 기록할 수 있다. 경주의 문화유산 관광과 함께 즐길 수 있는 이색 체험 공간으로 많은 여행객이 찾고 있다.",,129.299327,35.831666,3032662,28,
2910090,무릉관광농원,http://tong.visitkorea.or.kr/cms/resource/77/2910077_image2_1.jpg,,경상북도 경주시 강동면 호국로 3150-42,,,,"무릉관광농원은 경북 경주시 강동면 호명리에 자리 잡았다. 캠핑장은 형산강 변에 자리했을 뿐만 아니라 많은 수목이 식재돼 있어 더없이 자연친화적인 느낌이다. 캠핑장에는 파쇄석 15면, 자갈 6면, 데크 3면, 마사토 1면으로 이뤄진 사이트 등 모두 25면의 오토캠핑 사이트가 마련돼 있다. 놀이기구가 있는 체험빌리지를 비롯해 수영장, 산책로 등 알찬 부대시설도 갖춰져 있다.",,129.2471965359,35.9855885427,2910090,28,
2839014,료미,https://tong.visitkorea.or.kr/cms/resource/03/4071903_image2_1.jpg,,경상북도 경주시 포석로 1058-1,,,,"료미는 경상북도 경주시 황남동에 있다. 황리단길에서 유명한 일식집이다. 경주 여행길에 일부러 찾아오는 사람도 많다. 대표 메뉴는 참치, 단무지, 오이, 우엉 등을 넣은 후토마키다. 이 밖에 스테이크 덮밥, 고마소바, 청귤 냉소바, 닭껍질 가라아게, 왕새우 튀김 등도 맛볼 수 있다. 내부에는 단체석이 마련되어 있어 모임 하기에 좋다. 반려동물과 함께 입장할 수 있다는 장점도 지녔다. 경주 IC에서 가깝고 인근에 첨성대, 보문관광단지, 경주 CC가 있다.",,129.209740885,35.8355133675,2839014,39,
3337718,라한셀렉트 경주,https://tong.visitkorea.or.kr/cms/resource/06/3337706_image2_1.jpg,,경상북도 경주시 보문로 338 (신평동),,,,"라한셀렉트 경주는 경주를 대표하는 특급호텔로 라한호텔의 최상위 럭셔리 브랜드이다. 보문호수의 아름다운 자연경관과 라한셀렉트 경주에서만 만나볼 수 있는 북스토어&카페, 키즈라운지, 셀렉트 다이닝 등 이색적인 부대시설을 보유하고 있다. 수영장은 어덜트풀, 키즈풀, 베이풀로 구분될뿐만 아니라 자쿠지 및 바데풀과 같이 다양한 스폿이 있어 가족과 함께 방문하기에 좋다.",,129.2785910737,35.8495714411,3337718,32,
2909960,소풍캠핑장(경주),,,경상북도 경주시 새터흥림길 1-27,,,,"소풍캠핑장은 경북 경주시 천북면 화산리에 자리한 폐교 리모델링 캠핑장이다. 캠핑장에는 넉넉한 크기의 오토캠핑 사이트 14면이 마련되어 있으며 사이트 간 간격도 여유로워 보다 프라이빗 한 캠핑을 즐길 수 있다. 카라반과 개인 트레일러 동반 입장이 가능하며, 연박 이용객에게는 할인 혜택도 제공한다. 또한 천연 염색과 천연 화장품 만들기, 도예 체험 등 다양한 체험 프로그램이 준비되어 있어 가족 단위 방문객들에게 인기가 높다. 주변에는 루나엑스 골프장과 보문관광단지가 있어 관광과 함께 즐기기 좋다.",,129.2902474834,35.9220935263,2909960,28,
2906650,먹거리해물생칼국수,,,경상북도 경주시 감포로5길 6-20,,,,"먹거리해물생칼국수는 경상북도 경주시 감포읍에 위치한 칼국수 전문점이다. 세월의 흔적이 느껴지는 정겨운 외관과 편안한 분위기의 실내가 인상적이며, 단체석이 마련되어 있어 가족 모임이나 단체 방문에도 적합하다. 대표 메뉴인 해물칼국수를 비롯해 들깨칼국수, 굴 칼국수, 콩국수, 옛날 칼국수 등 다양한 면 요리를 선보인다. 이 밖에도 해물파전과 닭볶음탕 등 곁들임 메뉴를 함께 즐길 수 있다. 동경주 IC와 가까워 접근성이 좋으며, 인근의 감포항과 송대말등대 빛 체험 전시관을 함께 둘러보기에도 좋다.",,129.501292227,35.804186576,2906650,39,
2907335,늘곰탕,https://tong.visitkorea.or.kr/cms/resource/41/3584841_image2_1.jpg,,경상북도 경주시 포석로 986 1층,,,,"늘곰탕은 경상북도 경주시 황남동에 있다. 한옥으로 지어진 덕분에 외관에서 고풍스러운 멋이 풍긴다. 예스러운 분위기를 연출하는 인테리어도 눈에 띈다. 내부에는 단체석이 마련되어 있어 각종 모임을 하기 좋다. 대표 메뉴는 한우 갈비뼈 등을 넣고 12시간 이상 끓인 육수로 만든 늘곰탕이다. 이 밖에 늘한우수육, 늘함박떡갈비, 늘김치말이묵국수도 판다. 경주 IC에서 가깝고 주변에 첨성대를 비롯해 국립경주박물관, 경주교촌한옥마을 등 경주의 유명 관광지가 많다.",,129.209863284208,35.8289780339188,2907335,39,
3451999,황리단길 생활문화센터,https://tong.visitkorea.or.kr/cms/resource/47/3451947_image2_1.JPG,,경상북도 경주시 포석로 1058-26 (황남동),,,,"황리단길 생활문화센터는 경주시 황리단길 인근에 위치한 복합문화공간으로, 공연장, 북카페, 청년상점, 무료 짐보관함 등 다양한 시설을 갖추고 있다. 2021년에 개관하여 지역 주민과 관광객에게 문화와 소통의 장을 제공하며, 경주의 새로운 문화 허브로 자리 잡고 있다.",,129.21049445192082,35.835251738531674,3451999,14,
2906658,명성수산,,,경상북도 경주시 감포로2길 105 1층,,,,"명성수산은 경주시 감포읍 감포항 인근에 위치한 횟집으로, 신선한 해산물과 감포항의 풍경을 함께 즐길 수 있는 곳이다. 현대적인 외관과 깔끔하게 정돈된 실내가 돋보이며, 단체석이 마련되어 있어 가족 모임이나 단체 식사 장소로도 이용하기 좋다. 창가에 앉으면 감포항의 정취를 감상하며 여유롭게 식사를 즐길 수 있다. 대표 메뉴는 각종 생선회이며, 전복죽과 전복물회, 오징어물회, 우럭매운탕, 삼식이매운탕 등 다양한 해산물 요리도 함께 선보인다. 동경주IC와 가까워 접근성이 좋으며, 인근의 감포항과 송대말등대 빛체험전시관을 함께 둘러보기에도 좋다.",,129.503891978059,35.8043727153522,2906658,39,
3444721,정글미디어파크,https://tong.visitkorea.or.kr/cms/resource/99/3444699_image2_1.jpg,,경상북도 경주시 보문로 465-67 (신평동) 지하 1층,,,,"정글미디어파크는 경상북도 경주시 서면에 위치한 체험형 미디어 공간으로, 자연 환경과 첨단 기술을 결합한 다양한 미디어 콘텐츠와 체험 프로그램을 제공한다.",,129.29025829515348,35.839670610640496,3444721,12,
2906673,모카커피,,,경상북도 경주시 감포읍 사무골길 28-9,,,,"모카커피는 경상북도 경주시 감포읍 감포리에 위치한 카페다. 한옥 형태로 지어진 건물은 전통적인 분위기와 고풍스러운 멋을 느낄 수 있으며, 내부는 감각적인 인테리어로 꾸며져 편안하면서도 세련된 분위기를 연출한다. 대표 메뉴인 모카커피를 비롯해 모카로즈, 붉은 장미에이드, 촉촉 코코넛 등 개성 있는 음료 메뉴를 제공하고 있으며, 커피와 함께 즐기기 좋은 다양한 디저트도 마련되어 있다. 전통적인 한옥의 분위기와 현대적인 감성이 어우러져 여유로운 시간을 보내기 좋은 공간으로 많은 방문객들의 발길이 이어지고 있다.",,129.5004716551822,35.80479458845078,2906673,39,
3532717,스테이 안김A,,,경상북도 경주시 첨성로99번길 26-5 (황남동),,,,"경주 황리단길 여행하기 가장 좋은 위치의 독채한옥 숙소입니다. 대릉원, 첨성대 등 관광유적지구와 경주 황리단길 핫플 사이에 스테이안김이 있습니다. 스테이 안김A는 2025년에 신규 오픈했습니다.실내 자쿠지와 마당이 있는 스테이안김 1F, 실내 테라스와 전망이 좋은 스테이안김 2F, 두 가지 타입의 객실이 있습니다.",https://map.naver.com/p/entry/place/1112693359,129.2129954936,35.835527072,3532717,32,
127484,경주국립공원,https://tong.visitkorea.or.kr/cms/resource/70/4059570_image2_1.jpg,,경상북도 경주시 천북남로 12 (신평동),,,,"경주국립공원은 설악산국립공원, 한려해상국립공원처럼 산이나 바다 등 자연경관이 아닌 세계적으로도 놀라운 문화유산으로  이루어진 국립공원이다. 신라 천 년의 찬란한 문화를 꽃피운 경주는 우리 조상이 남긴 찬란한 민족문화의 발자취와  삼국통일의 웅장한 기상이 서려 있고 가는 곳마다 명승고적과 전설, 고유민속 등의 수많은 문화유산을 보존하고 있는 한국 관광의 대표적인 곳이다. 훌륭한 사적과 문화적, 역사적 유물이 놀라울 만큼 한 고장에 집중적으로 보존돼 있고 국보급 또는 세계적으로 가치 있는 고고품이 쏟아져 나왔으며, 또 찬란했던 불교문화와 그 예술을 확인할 수 있는 경주는 한마디로 도시 전체가 벽 없는 박물관이다. 특히, 경주시가 관광특구로 지정된 후 민관이 함께 관광기반시설과 환경개선에 힘을 기울이고 있어 과거 어느 때보다도  훌륭한 관광 지역으로  변모하고 있으며, 해마다 5백만 명 이상이 경주를 찾고 있다.",https://www.knps.or.kr,129.289465119394,35.8439305508424,127484,12,
3022997,국립경주박물관 신라천년서고,https://tong.visitkorea.or.kr/cms/resource/28/3022928_image2_1.jpg,,경상북도 경주시 인왕동 76,,,,"2022년 12월 15일 개관한 신라천년서고는 박물관 소장 도서를 열람할 수 있는 박물관 내 도서관이다. 이곳은 기존에 수장고로 이용되던 건물로, 한옥 형태의 외관은 그대로 살리고 내부는 현대적으로 재해석해 리모델링했다.
이곳에서는 국립경주박물관에서 발간한 도서뿐 아니라 국내외 전시 도록과 신라 및 경주학 관련 도서 등을 소장하고 있다. 또한 별도로 마련된 북큐레이션룸에서는 박물관 큐레이터와 사서가 함께 고른 책들을 주제에 맞춰 소개하며, 책과 관련된 다양한 행사를 진행한다. 이 건물은 한국실내건축가협회(KOSID)가 주관하는 2022년 골든 스케일 베스트어워드 협회상을 수상했다.",https://gyeongju.museum.go.kr/,129.2269,35.8293,3022997,14,
3486975,더히든풀빌라,https://tong.visitkorea.or.kr/cms/resource/65/4058465_image2_1.jpg,,경상북도 경주시 서낭길 122-12 (북군동),,,,"경주 관광지 보문단지에 위치한 더히든 풀빌라는 2023년 6월 1일 오픈했다. 신축 독채 풀빌라로써 1층 (거실, 찜질방, 수영장, 바비큐장), 2층(거실, 침실, 테라스) 으로 구성 되어있다. 수영장은 지하 800m 천연 온천수(33~34도)로 사계절 즐거운 물놀이를 즐길 수 있는 실내 개별 온수풀이다. 대화를 나눌 수 있는 개별 바비큐장과 피로를 풀 수 있는 편백 찜질방도 운영하고 있다. 실외 공간은 영유아 어린이들이 즐길 수 있는 트램펄린, 어린이 미끄럼틀이 구비되어 있는 놀이터가 있으며 전동오토바이, 실외 파라솔 테이블도 마련되어 있다.",,129.26649193074303,35.862223652526275,3486975,32,
2903995,스펑크커피,,,경상북도 경주시 임해로 127,,,,"스펑크커피는 경상북도 경주시 황오동에 있다. 현대적인 감각이 돋보이는 외관과 깔끔한 분위기를 연출하는 인테리어가 눈에 띈다. 대표 메뉴는 아메리카노다. 이 밖에 케일&사과 샐러드, 베이크드쉬림프, 치킨레이어 등 여러 가지 먹거리가 준비되어 있다. 경주 IC에서 가깝고, 주변에 첨성대를 비롯해 국립경주박물관, 경주 교촌한옥마을 등 경주의 유명 관광지가 많다.",,129.229022188632,35.8431072800391,2903995,39,
2876501,보불어탕명가,,,경상북도 경주시 보불로 174-17 (하동),,,,"보불어탕명가는 경상북도 경주시 하동에 위치해 있다. 한옥의 고픙스러움을 느낄 수 있는 외관과 예스러운 분위기를 연출하는 인테리어가 눈에 띈다. 내부에는 단체석이 마련되어 있어 각종 모임을 하기 좋다. 대표 메뉴는 어탕 손수제비다. 이 밖에 어탕 칼국수, 어탕 만둣국, 어탕 해장국, 어탕밥, 매운 어탕수제비 등 여러 가지 어탕 요리가 준비되어 있다. 동경주 IC에서 가깝고 주변에 추억의 달동네, 세계문화유산 석굴암이 있어 연계 여행에 나서기 제격이다.",,129.31452464312804,35.80018878833277,2876501,39,
2902912,청산한우,,,경상북도 경주시 강동면 천강로 938,,,,"청산한우는 경상북도 경주시 강동면 왕신리에 있다. KBS 2TV 시사 교양 프로그램 에 소개된 바 있다. 깔끔한 외관과 예스러운 분위기를 연출하는 인테리어가 눈에 띈다. 내부에는 단체석이 마련되어 있어 각종 모임을 하기 좋다. 대표 메뉴는 한우를 손질해 손님상에 내는 갈빗살이다. 소금구이, 육회, 소고기국밥, 냉면, 된장찌개 등도 판다. 강동 IC에서 가깝고 주변에 세계문화유산 경주 양동마을과 옥산서원이 있어 식전이나 식후에 방문하기 수월하다.",,129.29175968422214,35.96619174119873,2902912,39,
3417731,경주 비단벌레 전동차,https://tong.visitkorea.or.kr/cms/resource/32/3538032_image2_1.jpg,,경상북도 경주시 첨성로 149 (황남동),,,,"경주 비단벌레 전동차는 천연기념물로 지정된 비단벌레를 형상화한 친환경 전기자동차다. 비단벌레 전동차를 타고 문화해설을 들으며 첨성대를 비롯한 동부사적지대 일원을 투어한다. 남녀노소 다양한 연령대가 이용하고 있으며 특히 아이들에게 인기 만점이다. 운행코스는 매표소에서 출발하여 계림과 향교, 최부자집, 교촌마을, 월정교, 월성, 꽃단지, 월성홍보관, 첨성대를 들러 출발지 도착하는 코스로 경주의 유명 관광지들을 한번에 둘러 볼 수 있다.","https://www.gjfmc.or.kr""",129.21736653474522,35.83562045848707,3417731,12,
2903989,스테이550,https://tong.visitkorea.or.kr/cms/resource/64/4056464_image2_1.jpg,,경상북도 경주시 사정로 56-1,,,,"스테이550은 경상북도 경주시 황리단길에 위치한 디저트 카페이다. 빈티지한 멋을 풍기는 외관과 노출콘크리트 등으로 연출한 인테리어가 눈에 띈다. 대표 메뉴는 딸기케이크로 퀄리티 좋은 과일케이크가 다양하게 준비되어 있다. 이외에도 과일빙수와 음료메뉴 등 여러 가지가 준비되어 있다. 경주 IC에서 가깝고 주변에 첨성대를 비롯해 국립경주박물관, 경주교촌한옥마을 등 경주의 유명 관광지가 많다.",,129.209163135896,35.8364021399101,2903989,39,
3532927,별사이,,,경상북도 경주시 노하길 27-11 (서악동),,,,"경주 별사이에서는 북적이는 곳에서 벗어나, 경주의 옛 정취가 고스란히 느껴지는 조용한 마을 속 별사이에서 진정한 휴식을 경험할 수 있습니다.
저희 별사이는 WOORI, BYEOL, SAI 세 개의 독립적인 독채 객실로 이루어져 있으며, 그리스의 파란 문에서 영감을 받아 유럽 시골 마을에 온 듯한 아늑하고 특별한 분위기를 담았습니다.",https://www.instagram.com/byeolsai.gj,129.1909005594,35.8231697168,3532927,32,
3367497,미추왕릉,https://tong.visitkorea.or.kr/cms/resource/81/3367481_image2_1.JPG,,경상북도 경주시 황남동 89-2,,,,"신라 시조인 김알지의 7대손 미추왕의 릉인 이곳은 경주 대릉원 내부에 존재하며 지름 59.1m, 높이 13.5m의 크기로 대릉원 고분군 중에서 4번째 규모에 해당하는 큰 규모의 능이다.
김씨 중 가장 처음 왕위에 올랐던 인물의 무덤이라는 것에 의의가 있다. 내부는 인근 황남대총 및 천마총과 동일한 돌무지 덧널무덤 구조로 추정되는데, 이는 후대 눌지왕대 그의 업적을 기리기 위해 단순 덧널무덤이었던 것을 당대 묘제인 돌무지덧널무덤으로 수즙한 것으로 보고 있다.",https://www.gyeongju.go.kr/tour/,129.2134991,35.8365904,3367497,12,
4054306,제로스페이스 경주[면세점(TAX REFUND SHOP)],https://tong.visitkorea.or.kr/cms/resource/83/4022783_image2_1.jpg,,경상북도 경주시 손효자길 17-2 (황남동),,,,제로스페이스(ZERO SPACE)는 일상의 모든 기록을 즐거운 영감으로 채워주는 디자인 문구 및 소품 브랜드입니다. 독창적인 그래픽과 아기자기한 디자인의 아이템들을 통해 고객의 공간에 새로운 활력과 창의적인 재미를 불어넣습니다.,zeroperzero.kr,129.21030824145,35.8376273946743,4054306,38,
4012184,삼성스토어 경주,https://tong.visitkorea.or.kr/cms/resource/81/4043881_image2_1.JPG,,경상북도 경주시 산업로 4465 (용강동),,,,삼성스토어는 삼성전자의 최신 혁신 가전과 모바일 제품을 직접 체험하고 전문가의 맞춤 상담을 받을 수 있는 프리미엄 전자 매장입니다. 차별화된 AI 기술과 편리한 연결 경험을 통해 고객의 일상을 더욱 스마트하게 바꿔주는 혁신적인 솔루션을 제안합니다.,www.samsung.com,129.227313127759,35.8777597923939,4012184,38,
4026418,롯데하이마트 경주점,https://tong.visitkorea.or.kr/cms/resource/82/4043882_image2_1.JPG,,경상북도 경주시 원화로 447 (황성동),,,,"롯데하이마트는 대한민국의 가전제품 전문 유통 브랜드로, 생활가전부터 스마트기기까지 다양한 전자제품을 한곳에서 만나볼 수 있습니다. 전국 300여 개 매장과 온라인 쇼핑몰에서 합리적인 가격과 전문 상담 서비스를 제공합니다.",e-himart.co.kr,129.220036806362,35.8606562235906,4026418,38,
4026421,한양민예사,https://tong.visitkorea.or.kr/cms/resource/83/4043883_image2_1.JPG,,경상북도 경주시 진현로3길 50 (진현동),,,,한양민예사는 한국 전통의 미와 정취를 담은 고품격 민예품과 생활 공예품을 선보이는 브랜드입니다. 장인의 숨결이 살아있는 소품들을 통해 고객의 공간에 한국적인 고전 미학과 평온한 여유를 더해줍니다.,,129.325550251403,35.7864458964377,4026421,38,
4026447,디스커버리 경주점,https://tong.visitkorea.or.kr/cms/resource/99/4045899_image2_1.png,,경상북도 경주시 중앙로48번길 16 (노동동) 1층,,,,"디스커버리는 탐험 정신을 기반으로 한 글로벌 아웃도어 브랜드로, 내구성과 디자인을 동시에 만족시키는 제품을 제공합니다. 트렌디한 감각과 기능성을 겸비해 젊은 세대에게 인기가 높으며, 아웃도어 활동과 일상 생활 모두에 적합합니다.",www.discovery-expedition.com,129.21337208932,35.8440687715808,4026447,38,
2756706,흥무공원,https://tong.visitkorea.or.kr/cms/resource/49/3525149_image2_1.jpg,,경상북도 경주시 충효동 9-2,,,,흥무대왕으로 추존되었던 김유신 장군의 묘 인근에 있어 이름이 흥무공원이다. 김유신 장군묘 향하는 길이 흥무로였다. 공원은 크지 않지만 넓은 잔디밭과 곳곳에 나무가 만들어주는 그늘이 있어 경주시민들이 애용하는 휴식 공간이며 산책로도 잘 되어있어 힐링하기 좋은 장소이다.,경주문화관광 https://www.gyeongju.go.kr/tour,129.1952,35.8456,2756706,12,
131066,하곡지,https://tong.visitkorea.or.kr/cms/resource/74/3513774_image2_1.jpg,,경상북도 경주시 안강읍 두류리,,,,"하곡지는 경북 경주시 안강읍 호국로에 위치한 저수지이다. 저수지 규모에 비해 평균 수심이 얕다. 하곡지에는 겹벚꽃나무가 있어 봄철에 방문하기 좋은 명소로 알려져 있다. 하곡지 근처에 특고압 전력선이 지나고 있어 감전위험으로 낚시가 불가하다. 주변 관광지로 옥산서원, 경주 독락당, 국립영천호국원 등이 있다.",,129.1542,35.9824,131066,12,
3555814,코오롱스포츠 경주중앙로점,https://tong.visitkorea.or.kr/cms/resource/67/4021267_image2_1.jpeg,,경상북도 경주시 화랑로 114 (동부동),,,,"코오롱은 친환경을 추구하는 대한민국 패션·라이프스타일 브랜드입니다. 아웃도어부터 캐주얼까지 폭넓은 라인업을 갖추고 있으며, 제품의 내구성과 기능성, 실용성이 뛰어나 많은 사랑을 받고 있습니다.",kolonsport.com,129.213131206994,35.8443129781038,3555814,38,
3555818,이니스프리 경주점,https://tong.visitkorea.or.kr/cms/resource/69/4021269_image2_1.jpeg,,경상북도 경주시 원효로 108 (노동동),,,,"이니스프리는 자연에서 얻은 성분으로 피부 본연의 아름다움을 지키는 K-뷰티 브랜드입니다. 제주 청정 원료를 활용한 친환경 화장품을 합리적인 가격에 제공하며, 지속 가능한 아름다움을 추구해 외국인 관광객에게도 인기가 높습니다.",innisfree.com,129.212643389339,35.8418835589677,3555818,38,
3556064,홀리카홀리카 경주점,https://tong.visitkorea.or.kr/cms/resource/81/4022781_image2_1.jpg,,경상북도 경주시 원효로105번길 2 (노동동),,,,홀리카홀리카는 상상력을 자극하는 유니크한 패키지와 트렌디한 제품력으로 인기를 끄는 K-뷰티 브랜드입니다. 개성 있는 컬러와 혁신적인 제형의 제품들을 통해 고객들이 매일 색다른 아름다움을 발견하는 즐거움을 선사합니다.,www.holikaholika.co.kr,129.212640980937,35.8421234614066,3556064,38,
2929554,모다아울렛 경주포항점,https://tong.visitkorea.or.kr/cms/resource/79/4022779_image2_1.jpg,,경상북도 경주시 천북면 산업로 4930,,,,"모다아울렛은 전국 주요 도시에 위치한 패션 아울렛으로, 다양한 국내외 브랜드를 합리적인 가격에 제공합니다. 쾌적한 쇼핑 환경과 폭넓은 상품 구성으로 가족 단위 고객에게 특히 사랑받으며, 외국인 관광객에게도 인기가 높습니다.",modaoutlet.com,129.244360180402,35.9164228556671,2929554,38,
2570570,경주 감포한옥펜션,http://tong.visitkorea.or.kr/cms/resource/63/2568463_image2_1.jpg,,경상북도 경주시 감포읍 감포로10길 40-11,,,,"편안한 휴식을 선물하는 경주 감포 한옥펜션은 무더운 날, 시원한 바람이 불어오는 대청 마루에서 시간의 여유를 즐길 수 있다.","<a href=""http://xn--439aq80ckxjcmb.com/"" target=""_blank"" alt=""새창열림 : 경주 감포한옥펜션 홈페이지"">http://xn--439aq80ckxjcmb.com/</a>",129.5008736523,35.8153264806,2570570,32,
2838953,나정에가면,https://tong.visitkorea.or.kr/cms/resource/49/2838949_image2_1.jpg,,경상북도 경주시 동해안로 1862,,,,"나정에 가면은 경상북도 경주시 감포읍 나정리에 위치한 라면전문점이다. 동해를 감상하며 색다른 라면을 맛볼 수 있는 곳이다. 풍경도 좋고 음식 맛도 좋아서 연중 사람들의 발길이 끊이지 않는다. 대표 메뉴는 홍게 한 마리가 통째로 들어간 홍게라면이다. 이 밖에 담백한 맛이 일품인 차돌박이라면, 부산수제어묵을 넣은 어묵라면, 라면 고유의 맛을 느낄 수 있는 달걀탁라면 등도 맛볼 수 있다. 동경주 IC에서 가깝고, 주변에 나정항, 나정 고운 모래해변 등이 있다.",,129.494435396477,35.7746205003528,2838953,39,
4008376,다다쇼핑,https://tong.visitkorea.or.kr/cms/resource/82/4022782_image2_1.jpg,,경상북도 경주시 포석로 981 (사정동),,,,다다쇼핑은 일상에 필요한 모든 것을 합리적인 가격에 제안하는 실용 중심 쇼핑 브랜드입니다. 폭넓은 카테고리의 믿을 수 있는 품질의 제품을 통해 고객의 생활 편의를 높이고 즐거운 소비 환경을 제공합니다.,,129.209432727487,35.8287632393434,4008376,38,
2876236,경주 원조콩국,,,경상북도 경주시 첨성로 113 (황남동),,,,"경주 원조콩국은 경상북도 경주시 황남동에 있다. TV조선 시사 교양 프로그램 , SBS 시사 교양 프로그램  등 여러 방송에 소개된 바 있다. 한옥으로 지어진 덕분에 고풍스러운 느낌의 외관과 예스러운 분위기를 연출하는 인테리어가 눈에 띈다. 내부에는 단체석이 마련되어 있어 각종 모임을 하기 좋다. 대표 메뉴는 따뜻한 콩국이다. 검은깨, 검은콩, 꿀, 찹쌀도넛을 곁들여 먹는 메뉴 등 세 가지로 나뉜다. 이 밖에 콩국수, 냉우무콩국, 순두부찌개, 생콩우거지탕, 생콩해물파전 등이 준비되어 있다. 경주 IC에서 가깝고 주변에 첨성대, 국립경주박물관, 경주 교촌한옥마을 등 경주의 유명 관광지가 즐비하다.",,129.214714928085,35.8334489053257,2876236,39,
126947,단석산,https://tong.visitkorea.or.kr/cms/resource/79/3518879_image2_1.jpg,,경상북도 경주시 건천읍 방내리,,,,"단석산(827.2m)은 경주에서 가장 높은 산으로 백제에 대한 신라의 국방의 요충지였다. 진달래군락지로 봄철 산악애호가들의 사랑을 받고 있으며, 인근 조래봉과 더불어 등산코스로 각광을 받고 있다. 또한, 산 7~8부 능선 4개의 바위가 둘러싸인 천연굴이 있는데, 옛날에는 상인암 이라고 불렸다고 한다. 화랑들은 이 바위굴 속에 불상을 새기고, 그 위에 지붕을 덮어 석굴사원을 만들었다. 이 절을 신선사(神仙寺) 또는 단석사(斷石寺)라고 부른다. 내부의 마애불상은 국보로 지정되었다.",http://gyeongju.knps.or.kr,129.0889,35.7946,126947,12,
2756910,추억의 달동네,https://tong.visitkorea.or.kr/cms/resource/79/3514479_image2_1.jpg,,경상북도 경주시 보불로 216-8 (하동),,,,"불국사와 멀지 않은 곳에 아버지, 어머니 대의 역사를 담은 근대사 박물관 추억의 달동네가 있다. 추억의 달동네에서는 1970~80년대의 생활상을 재현해 놓은 콘텐츠를 접할 수 있다. 지금은 쓰지 않는 낡은 라디오, 그것을 고치는 전파상, 골목 점방, 초등학교 아닌 국민학교 교실까지, 근래 반세기 우리네 생활상을 그대로 옮겨 두었다. 추억의 간식 달고나 체험, 추억의 교복체험 등 다양한 체험프로그램도 마련되어 있다.",http://www.daldongnae.co.kr/,129.31204462744068,35.803536052327175,2756910,14,
127995,마우나오션리조트 블루 워터,https://tong.visitkorea.or.kr/cms/resource/16/4010516_image2_1.jpg,,경상북도 경주시 양남면 동남로 982,,,,"마우나오션 리조트 내에 있는 블루워터 스파는 영남 지역 최초의 고품격 스파시설이다. 온 가족이 함께 즐길 수 있는 실내 바데풀과 야외 수영장, 사우나 등이 있다. 실내와 실외 물놀이 시설을 모두 갖추고 있어 아이들과 함께 휴식과 여가를 즐기기 위해서 많이 방문한다.",https://maunaoceanresort.co.kr,129.375464190088,35.6909287451166,127995,12,
2756619,파도소리길,https://tong.visitkorea.or.kr/cms/resource/50/3510650_image2_1.jpg,,경상북도 경주시 양남면 읍천리 405-5,,,,"파도소리길은 읍천항에서 하서항까지 1.7㎞ 구간을 일컫는다. 데크 로드, 정자, 벤치, 구름다리 등 해안 길이 잘 정비되어 있다. 이곳은 경주 양남 주상절리를 구경하며 걸을 수 있다. 경주 양남 주상절리는 2012년 군부대가 철수하면서 세상에 나왔다. 통상적으로 주상절리는 주로 화산암 지대에서 발견할 수 있는 위로 솟은 모양의 육각형 돌기둥을 뜻한다.
이곳 양남 주상절리군에서는 위로 솟은 주상절리뿐만 아니라, 부채꼴 주상절리, 기울어진 주상절리, 누워있는 주상절리 등 다양한 형태의 주상절리를 관찰할 수 있다. 발달 규모와 형태의 다양성을 인정받아 지난 2012년 9월 천연기념물로 지정되었다. 그중에서도 압권은 펴진 부채 모양과 같이 둥글게 펼쳐진 부채꼴 주상절리이다. 세계적으로도 유례를 찾기 어려운 아주 희귀한 형태이다.",경북나드리 https://tour.gb.go.kr/,129.4749,35.6899,2756619,12,
4012202,다비치안경 경주중앙로점,https://tong.visitkorea.or.kr/cms/resource/78/4022778_image2_1.jpg,,경상북도 경주시 화랑로 114 (동부동),,,,"다비치안경은 세련된 디자인과 우수한 품질을 자랑하는 대한민국 안경 브랜드입니다. 트렌디하면서도 개성 넘치는 다양한 프레임을 합리적인 가격에 제공해, 외국인 관광객에게도 인기가 높습니다.",,129.213131206994,35.8443129781038,4012202,38,
2752132,무장산,https://tong.visitkorea.or.kr/cms/resource/76/3509276_image2_1.jpg,,경상북도 경주시 암곡동,,,,"문무왕이 삼국통일을 완성하고 병기와 투구를 묻었다고 전하는 산이 있다. 함월산과 토함산을 이웃으로 두고 있는 동대봉산, 무장봉이라 부르는 산이다.  보문관광단지에서 자동차로 15분가량 가면 무장산 등반로 초입인 암곡마을에 닿는다. 미나리가 유명한 농촌 마을인 이곳은 가을철이면 등산객들로 인산인해를 이룬다. 무장산 정상부의 넓은 초원에 조성된 억새군락을 보기 위한 인파다. 이 일대는 1980년대까지 목장이 있던 곳인데, 목장이 문을 닫으면서 유휴지가 된 자리에 억새가 자생하면서 군락을 이루게 되었다. 아름다운 풍광이 입소문을 타면서 드라마 과 영화  등의 배경이 되기도 하여 이름을 더욱더 알리게 됐다.",,129.3553,35.875,2752132,12,
2902900,천년애 황남점,,,경상북도 경주시 첨성로 67,,,,천년애 경주빵 찰보리빵 찰보리떡은 경주시 황리단길에 위치해 있다. 한옥으로 지어진 외관이 고풍스러운 멋을 풍긴다. 이곳의 대표메뉴는 찰보리떡과 빵이다. 찰보리빵과 떡은 10월 중순에 파종하여 이듬해 6월 초순경에 수확하는 찰보리 100%를 사용하여 만든 경주를 대표하는 특산명과 이다. 신라천년 역사의 유물을 간직한 경주에서 생산되는 찰보리를 100% 주원료로 하여 만든 영양간식이기 때문에 경주 지역 특산품으로 거듭나고 있다.,,129.209757619981,35.8330914328807,2902900,39,
2778485,산갈래닭갈비 본점,,,경상북도 경주시 금성로395번길 25 (성건동),,,,"산갈래닭갈비 본점은 경상북도 경주시 성건동에 자리 잡고 있다. 매장이 크고 테이블이 많아서 대기 시간이 길지 않다. 대표 메뉴는 일반 닭갈비와 매콤한 닭갈비로 모두 국내산 닭만 사용한다. 양념에 강황 가루와 카레를 넣어 독특한 맛을 느낄 수 있고 볶음밥도 별미이다. 주방에서 모두 익혀서 나오기 때문에 테이블에서 바로 먹을 수 있어 편리하다. 
음식점과 가까운 거리에 황리단길, 대릉원, 첨성대, 동궁과 월지 등 경주의 유명 관광지가 많다.",,129.204151807831,35.852865384745,2778485,39,
2932676,오륙돈,,,경상북도 경주시 동성로 127 (황오동),,,,"오륙돈은 다섯가지 한약재로 돼지고기 특유의 잡내를 잡아 깔끔하고 담백하며 보약 한 그릇 먹는 것과 같이 건강한 맛으로 유명하다. 매장은 아담한 편이고 주말에는 손님이 많아 웨이팅이 긴편이다.  메뉴는 돈곰탕과 돔지짐, 수육이 있다. 돈곰탕은 맑은 국물에 얇게 썬 고기가 듬뿍 들어가 있고 한약재 맛이 난다.  돈지짐은 떡갈비로 육즙이 가득하고 부드럽다. 수육은 부드럽고 은은하게 불향이 나서 풍미가 좋다.",,129.214545623798,35.8432503471292,2932676,39,
2816890,히크닉,,,경상북도 경주시 태종로 738-2,,,,"버스터미널에서 황리단길로 가는 길목에 있는 화이트 톤의 카페이다. 레터링 케이크도 주문 가능하다. 카페 내부가 깔끔하면서 분위기 있게 잘 꾸며져 있어 포토스폿도 군데군데 찾아볼 수 있다. 맛, 인테리어, 서비스의 삼박자가 고루 어우러져 만족스러운 시간을 보낼 수 있다.",,129.208954740671,35.839226800853,2816890,39,
2805190,산해,,,경상북도 경주시 숲머리길 130-5 (보문동),,,,"산해는 경상북도 경주시 보문동에 있는 석쇠구이 전문점이다. 한옥을 기본으로 한 고풍스러운 외관과 인테리어가 눈에 띈다. 대표 메뉴는 돼지고기를 연탄불에 올려서 구워 먹는 석쇠구이다. 이 밖에 간장게장, 김치찜, 청국장  등도 맛볼 수 있다.",,129.25076142697,35.8412329968991,2805190,39,
132984,물방아삼계탕,https://tong.visitkorea.or.kr/cms/resource/79/1896179_image2_1.jpg,,경상북도 경주시 알천북로 339-1,,,,"물방아 삼계탕은 경주 동천동에 있는 삼계탕 전문점으로, 삼계탕 단일 메뉴만을 판매하고 있다.
냉동닭을 쓰지 않고 판매할 만큼의 닭을 구입하여 그날 그날 소진하는 것을 원칙으로 한다고 한다.
단체석도 완비되어 있어 각종 모임을 하기에도 좋다.",,129.234632741136,35.844207256967,132984,39,
138363,일성 경주보문콘도&리조트,https://tong.visitkorea.or.kr/cms/resource/01/2378201_image2_1.jpg,,경상북도 경주시 보문로 365,,,,'신라 천년의 숨결이 살아있는 예술의 휴양지' 현대와 전통의 아름다운 조화 속에 고품격 레저를 선보이는 '일성 경주보문콘도&리조트' 는 신라 천년의 역사를 한눈에 볼 수 있는 다양한 관광지와 다채로운 행사로 휴양의 또 다른 묘미를 느낄 수 있다.,,129.281125472102,35.8485715192607,138363,32,
482074,천룡사(경주),,,경상북도 경주시 내남면 백운대길 101-388 (내남면),,,,"서남산의 최고봉인 고위산(高位山) 정상 부근에 자리한 천룡사는 신라시대 때 천녀(天女)와 용녀(龍女)라는 두 딸을 가진 부모가 딸들을 위해 창건하였다고 전한다. 천룡사는 지리적으로 큰 역할을 하는 사찰이었다. 그것은 이 절이 계림(鷄林) 땅을 흐르는 한 줄기의 객수(客水)와 한 줄기의 역수(逆水)의 근원지에 있으면서 객수와 역수의 조화를 유지시키는 위치에 있고 그 일을 수행한다는 것이다. 이러한 지리를 아는 당(唐)의 사자(使者) 악붕귀(樂鵬龜)는 “이 절을 파괴하면 나라가 망한다.”라고 했다. 신라 말기에 와서 어느 사이엔가 절이 폐사가가 되고 과연 나라도 망하고 말았다. 이처럼 신라시대에 천룡사는 없어지면 나라가 망한다고까지 존숭되고 석가 만일도량(萬日道場)이 열릴 정도로 중요한 사찰이었다. 천룡사에서 열렸던 석가 만일도량에 관해서는 고려 때 최승로가 지은 글이 남아 있는데, 10,000일이면 거의 30년에 해당하는 셈인데, 이렇게 오랜 기간 동안 끊임없이 법회가 열렸던 것이다.

그러나 이와 같이 신라의 대표적 사찰 가운데 하나인 천룡사가 언제 폐허가 되었는지 분명하지 않다. 고려의 재상 최승로의 아들 최제안이 천룡사를 중건한 이야기가 전하므로 고려 후기까지 법등이 이어졌음을 알 수 있지만 그 뒤의 역사는 전혀 전하는 것이 없어 아쉬움을 준다. 현재 유일하게 옛 터에 남아있는 천룡사 삼층석탑은 본래 무너져 있던 것을 동국대학교 경주캠퍼스에서 발굴 조사하여 1991년 9월 25일에 복원하였으며, 현재 보물로 지정되어 있다. 폐석탑이었던 이 탑이 복원되는 데는 용성(龍城) 스님의 유훈에서 비롯되었다고 한다. 용성 스님은 호국호법도량 천룡사가 흥할 때 국가도 흥했던 역사를 돌이켜보면서 우리나라 8백 년 국운과 불법 중훙을 위해 천룡사 복원을 제자 동헌 스님에게 부촉했다.

그리고 동헌 스님으로부터 이 부촉을 이어받은 도문 스님은 20여 년에 걸쳐 농가로 변한 천룡사지 6만여 평을 구입하였다. 축대석, 초석, 석당(石幢)의 귀부, 맷돌 등과 함께 폐탑의 부재들이 산재해 대가람이었음을 보여주는 빈터에서 석탑만이라도 먼저 복원하여 옛 모습을 찾기로 하고 동국대 경주캠퍼스 박물관이 주관하여 90년 11월 탑지 주변을 발론하고 91년 8월~9월에 복원 완공했다. 이 탑에는 정영호 박사가 기증한 4과의 세존 진신사리를 순은으로 된 2중 원통형 사리 병과 백자로 된 사리함에 모셔 봉안했고, 호국호법 삼부경과 그 외 경전과 소탑 및 순은 판에 쓴 석탑 복원 연기문을 함께 모셨다고 한다.",,129.22390545269,35.7657719073516,482074,12,
135914,전통맷돌순두부,https://tong.visitkorea.or.kr/cms/resource/34/1896334_image2_1.jpg,,경상북도 경주시 숲머리길 111,,,,"100% 국산콩을 사용하여 가마솥에 끓이는 전통 방식으로 손두부와 순두부를 직접 만든다. 때문에 방부제나 색소가 전혀 들어가지 않는다. 뿐만아니라 보쌈에 나오는 야채들도 식당 뒤쪽의 텃밭과 비닐하우스에서 직접 재배해 내놓는다. 주요리는 순두부찌개와 두부전골 등이다. 두부를 만들고 난 후 나오는 콩비지는 무료로 가져갈 수 있다.",,129.248453762788,35.8408440316965,135914,39,
131557,경주컨트리클럽,,,경상북도 경주시 보문로 182-98 (북군동),,,,"경주컨트리클럽은 한국골프의 대중화를 선도하는 국내 최고의 대중골프장이다. 천년고도의 경주 보문관광단지에 위치하며 보문 호반을 중심으로 구성되어 자연경관이 수려하고 보문호수 및 보문관광단지 전경을 한눈에 볼 수 있다. 밤에 즐기는 환상적인 Light 경기는 경주컨트리클럽의 자랑으로, 전홀 라이트시설을 완비하여 새벽 및 야간에도 골프를 부담없이 즐길 수 있다.",www.kyongjugolf.co.kr,129.262998937167,35.8644331789343,131557,28,
2824393,경춘재,,,경상북도 경주시 진현로2길 61-7 (진현동),,,,경춘재는 경주 불국사 인근에 있는 비빔밥 전문점이다. 신선한 식재료에 적당한 간을 한 정갈한 한식 요리로 많은 손님들의 입맛을 만족시키는 맛집이다.,,129.326703271719,35.7869113973172,2824393,39,
725787,웰빙황토우렁이쌈밥,,,경상북도 경주시 현곡면 용담로 847,,,,"경주시 현곡면 남사 저수지와 동학 교주 최제우 탄생지인 용담정을 끼고 구미산의 수려한 산세를 배경으로 맛있는 음식을 즐길 수 있다. 메뉴로는 명품 야채와 곁들여 먹는 우렁이 특제 쌈장, 제육볶음, 우렁이 무침회 세트로 되어 있는 메뉴가 있다. 또한 쌈 채소를 무한 리필로 가져다 먹을 수 있다는 장점이 있다.",,129.147005938841,35.9031958023786,725787,39,
142892,힐튼 경주,,,경상북도 경주시 보문로 484-7 (신평동),,,,"세계적인 체인 호텔, 힐튼 경주는 ‘벽 없는 박물관’으로 불리는 경주의 아름다운 보문 호수 옆에 위치한 호텔로써, 신라의 천년 수도인 경주를 둘러보는 출발점이 되어준다. 가족들과 함께 즐거운 시간을 보낼 수 있는 모던하고 안락한 객실과 다양한 레크리에이션 시설이 잘 갖추어져 있으며, 각종 연회와 비즈니스 고객을 위한 연회장과 미팅룸이 준비되어 있다. 이외에도 피트니스센터와 실·내외 수영장, 사우나 등을 갖추고 있으며, 호텔 내에 위치한 우양미술관에서는 세계적으로 유명한 현대미술작품을 만나 볼 수 있다.
KTX 경주역에서는 약 30분 정도 소요되며, 부산 김해공항에서는 약 1시간 10분 정도 거리에 위치해 있다.",,129.285947654449,35.8399132683983,142892,32,
2910042,명수원,http://tong.visitkorea.or.kr/cms/resource/35/2910035_image2_1.jpg,,경상북도 경주시 장사길 46-17,,,,"산내 명수관광농원은 경북 경주시 산내면 감산리에 자리 잡았다. 경주시청을 기점으로 25㎞가량 떨어졌다. 자동차로 건포산업로와 단석로를 번갈아 달리면 닿는다. 도착까지 걸리는 시간은 30분 안팎이다. 캠핑장은 다양한 수목이 식재되어 있어 더없이 자연친화적이다. 연못을 중심으로 데크와 파쇄석으로 이뤄진 일반캠핑 사이트 24면이 마련되어 있다. 카라반과 트레일러 동반 입장이 가능하며, 추가 요금은 없다. 봄부터 가을까지는 물고기 잡기 체험, 겨울에는 썰매 타기 체험을 할 수 있다. 주변에는 화랑의언덕, 국민힐링파크가 있어 연계 여행에 나서기 수월하다.",,129.0510776512,35.7897930785,2910042,28,
2904103,아리랑,https://tong.visitkorea.or.kr/cms/resource/94/2904094_image2_1.jpg,,경상북도 경주시 숲머리길 197,,,,"아리랑은 경상북도 경주시 보문동에 있다. 한옥으로 지어진 덕분에 외관에서 고풍스러운 멋이 풍긴다. 예스러운 분위기를 연출하는 인테리어도 눈에 띈다. 내부에는 단체석이 마련되어 있어 각종 모임을 하기 좋다. 대표 메뉴는 토종닭으로 구성된 닭 코스 요리다. 닭가슴살 샤부샤부, 백숙, 녹두전 등이 상에 오른다. 경주 IC에서 가깝고 주변에 보문관광단지와 경주동궁원이 있다.",,129.256650107362,35.8445854116363,2904103,39,
143006,더 케이 호텔 경주,https://tong.visitkorea.or.kr/cms/resource/06/4010606_image2_1.jpg,,경상북도 경주시 엑스포로 45 (신평동),,,,"더 케이 호텔 경주는 신라 천년의 고도인 경주 보문단지에 위치하고 있는 호텔이다. 보문호수의 수려한 자연경관을 배경으로 쾌적한 환경을 갖추고 있다. 유적관광과 온천욕을 동시에 즐길 수 있는 특급호텔로서 다양한 객실과 컨벤션홀, 온천 등 다양한 부대시설을 즐길 수 있다.",,129.290208947521,35.8381610435874,143006,32,
136208,한화리조트 경주,http://tong.visitkorea.or.kr/cms/resource/00/3592400_image2_1.jpg,,경상북도 경주시 보문로 182-27 (북군동),,,,"한화리조트 경주는 세계적인 문화유산인 경주 보문단지의 대표적인 숙박시설이다. 객실은 에톤과 담톤으로 구성되어 있으며, 수영장, 온천사우나, 연회장, 세미나실 등 다양한 부대시설을 갖추고 있다. 
객실은 깨끗함과 안락함을 자랑하며, 현대적인 감각에 발맞춰 모던하고 심플하게 꾸며져 있다. 넉넉한 여유를 느낄 수 있는 객실에는 다양한 최신 설비를 갖추고 있으며, 고객을 한 번 더 생각하는 서비스를 통해 편안하게 머무를 수 있도록 모든 편의를 제공하고 있다.",,129.2694981824,35.859819842,136208,12,
2014746,하연지,,,경상북도 경주시 포석로 932-4 (탑동),,,,"경주 오릉 인근에 위치한 하연지는 연을 사용하여 다양한 음식을 만드는 식당이다. 연잎밥이 맛있기로 유명하며, 채식 위주의 식단이라 건강한 식사를 즐길 수 있다. 또한 직접 두부를 만들고, 인근 지역의 농산물을 사용하여 반찬을 만들어 손님상에 올리고 있다. 찰밥과 견과로 지어진 연잎밥은 감칠맛이 나며, 10여 가지에 이르는 반찬은 담백하다.",,129.2110320988,35.8242116456,2014746,39,
2876449,반도식당,,,경상북도 경주시 화랑로 83,,,,"반도식당은 경주에서 오래된 갈비 맛집이다. 현지인들 사이에서 유명한 노포 맛집으로 연탄불에 한우 생갈비를 구워 먹는 곳이다. 메인메뉴인 한우 생갈비, 양념갈비, 갈빗살 소금구이, 갈빗살 양념구이 등을 주문하면 사장님이 맛있게 먹는 방법도 알려주신다. 고기의 질과 맛, 친절함으로 경주 여행을 온 관광객들 사이에서도 다시 찾는 맛집이다.",,129.2098705016,35.8448620705,2876449,39,
2876348,다인매운등갈비찜,http://tong.visitkorea.or.kr/cms/resource/83/3588683_image2_1.jpg,,경상북도 경주시 원화로181번길 25,,,,"다인매운등갈비찜은 경상북도 경주시 황남동에 있다. 한옥으로 지어져 외관에서 고풍스러운 멋이 풍긴다. 예스러우면서 깔끔한 분위기를 연출하는 인테리어가 눈에 띈다. 내부에는 단체석이 마련되어 있어 각종 모임을 하기 좋다. 대표 메뉴는 매운맛, 중간 맛, 순한맛으로 나누어져 있는 매운등갈비찜이다. 이 밖에 다인삼겹살, 된장찌개, 치즈볶음밥, 계란볶음밥 등이 준비되어 있다. 경주IC에서 가깝고, 주변에 첨성대, 국립경주박물관, 경주 교촌한옥마을 등 경주의 유명 관광지가 즐비하다.",,129.2172700978,35.8362631812,2876348,39,
2876577,송정원순두부,http://tong.visitkorea.or.kr/cms/resource/65/2876565_image2_1.jpg,,경상북도 경주시 구매1길 23,,,,"송정원 순두부는 경상북도 경주시 시래동에 있다. 깔끔한 외관과 차분한 분위기를 연출하는 인테리어가 눈에 띈다. 내부에는 단체석이 마련되어 있어 각종 모임을 하기 좋다. 대표 메뉴는 옛날 순두부며, 해물 순두부도 많은 사람이 찾는다. 이밖에 간장게장, 양념게장, 오징어불고기, 돼지 간장 불고기도 맛볼 수 있다. 재료가 모두 소진되면 조기에 영업을 마감한다.",,129.3099694078,35.7705556788,2876577,39,
2563238,[백년가게] 외바우,,,경상북도 경주시 안강읍 구부랑3길 12,,,,"외바우 안강본점은 1968년, 안강시장에서 작은 식육식당으로 시작했다. 한우와 한돈만을 정직하게 다루던 부모님 세대의 방식과 철학을 이어받아 현재까지 57년 동안 한결같은 마음으로 식당을 운영해오고 있다. 오랜 시간 동안 많은 손님들이 외바우를 찾았고, 그 덕에 로컬 맛집으로 자리 잡았다.  
외바우는 최상급 한우와 신선한 한돈을 사용한다. 맛을 좌우하는 모든 기본 재료 역시 엄격한 기준으로만 선별해 안심하고 먹을 수 있다. 이곳의 대표메뉴인 버섯불삼겹철판볶음, 새우낙지철판볶음은 불향과 풍미가 살아 있다. 버섯한우전골, 낙지전골 역시 진한 육수와 넉넉한 양으로 재방문을 부르는 메뉴이다.",,129.1956117301,36.0011635816,2563238,39,
131885,경주시청소년수련관,http://tong.visitkorea.or.kr/cms/resource/64/3575764_image2_1.jpg,,경상북도 경주시 알천북로 131 (황성동),,,,"경주시청소년수련관은 청소년정책 전담 부서이자 청소년시설의 기능을 함께 수행하는 청소년들의 열린 참여·활동 공간으로서, 1995년 개관한 이래 청소년들의 건강한 성장을 목적으로 운영하고 있다. 우리 청소년수련관에서는 청소년 참여·권리 증진과 역량개발, 청소년 상담 및 학업중단 등 위기 청소년 자립지원, 지역사회 청소년 유익 환경 조성 및 유해환경 개선 등 청소년 활동· 교육, 상담·복지, 보호·선도 등 다양한 청소년정책 사업을 추진한다. 

(출처: 경주시청소년수련관)","<a href=""http://youth.gyeongju.go.kr/"" target=""_blank"" title=""새창 : 경주시청소년수련관 홈페이지로 이동"">http://youth.gyeongju.go.kr</a>",129.2156919397,35.8544694288,131885,28,
2910186,유니레저 경주지점,http://tong.visitkorea.or.kr/cms/resource/55/2910155_image2_1.jpg,,경상북도 경주시 경감로 466-311,,,,"유니레저 경주지점(보문산카라반파크)은 경북 경주시 천군동에 자리 잡고 있다. 경주시청을 기점으로 8㎞가량 떨어져 있다. 자동차로 산업로와 동방북길을 번갈아 달리면 닿는다. 도착까지 걸리는 시간은 15분 안팎이다. 캠핑장에는 일반캠핑 사이트 3면과 카라반 17대가 마련되어 있다. 카라반 크기 등에 따라 세 가지 종류로 나뉜다. 내부에는 침대, TV, 취사도구, 화장실, 샤워실 등 일상생활이 가능할 정도의 물품이 준비돼 있다. 부대시설로는 자이언트 트리 물놀이장, 친환경 생태공원 등이 있다. 주변에 첨성대, 보문관광단지 등 경주의 유명 관광지가 많다.","<a href=""http://www.xn--oi2bv4eitat0ab45dqwcn8f.kr/intro/intro.php""target=""_blank"" title=""새창 : 경주 보문 카라반파크 홈페이지로 이동"">http://www.경주 보문 카라반파크.kr</a>",129.270279975,35.8140777973,2910186,28,
319812,경주 헌강왕릉,http://tong.visitkorea.or.kr/cms/resource/57/3575757_image2_1.jpg,,경상북도 경주시 남산동 산55,,,,"이 능은 신라 제49대 헌강왕(재위 875~886)의 무덤이다. 경문왕의 맏아들로서 왕위를 이었다. 헌강왕은 왕은 불교와 국학에 큰 관심을 가지고 문치를 지향하였다. 재위 기간에 해마다 풍년이 들어 태평성대를 이루었는데, 거리마다 노랫소리가 끊이지 않았고 일본왕이 황금을 바칠 정도였다고 한다. 헌강왕이 죽은 후에 보리사 동남쪽에 장사를 지냈다고 한다. 
이 능이 있는 곳은 경주 남산 북동쪽의 자락이다. 무덤은 높이 4.2m, 지름 15.3m의 둥근형태로 흙을 쌓은 원형 봉토무덤으로, 무덤을 보호하기 위해 무덤 밑둘레에 돌을 4단으로 쌓았다. 1993년에 발굴조사로 석실 내부 구조를 확인했다. 동남쪽으로 널길이 있고, 서쪽으로 석실을 배치하였다. 석실 입구에 돌문, 문지방, 폐쇄석 등이 있으며, 서쪽 벽 접하여 시신을 안치한 시상이 있다.","<a href=""https://www.gyeongju.go.kr/tour/page.do?cmd=2&mnu_uid=2517&chaNo=3295""target=""_blank"" title=""새창:  경주문화관광 홈페이지로 이동"">http://www.gyeongju.go.kr/tour</a>",129.2401273972,35.8022424516,319812,12,
1621714,경주 지마왕릉,http://tong.visitkorea.or.kr/cms/resource/68/3575768_image2_1.jpg,,경상북도 경주시 배동 산 30,,,,"신라 제6대 지마왕(재위 112~134)의 무덤이다. 지마왕은 신라 5대 파사왕의 아들로 태어나 23년간 재위하면서 가야, 왜구, 말갈의 침입을 막았다. 지마왕의 재위 기간에는 신라는 백제와 우호적 관계를 유지했으나 가야와는 낙동강 하류를 둘러싸고 패권을 다투었다. 왜인들이 동쪽 변경을 침범하였으나 교섭하여 강화를 맺었고, 북쪽에서 말갈이 쳐들어오자 백제의 도움을 받아 물리쳤다.
무덤은 포석정에 남쪽으로 200m 떨어진 남산 서쪽 자락에 위치해 있다. 왕릉 중에서는 작은 편에 속하며, 외형과 입지로 보아 내부 구조는 굴식돌방무덤일 가능성이 있다.","<a href=""https://www.gyeongju.go.kr/tour/page.do?cmd=2&mnu_uid=2517&chaNo=3302"" target=""_blank"" title=""새창: 경주문화관광 홈페이지로 이동"">tps://www.gyeongju.go.kr/tour</a>",129.2115298388,35.8044416638,1621714,12,
126208,경주 포석정지,http://tong.visitkorea.or.kr/cms/resource/36/3575836_image2_1.jpg,,경상북도 경주시 배동 454-3,,,,"경주 남산 서쪽에 있는 포석정은 왕이 술을 들면서 즐길 수 있도록 마련된 별궁의 하나였으나, 현재 정자는 없고 풍류를 즐기던 물길만이 남아있다. 조성연대는 신라 제49대 헌강왕(875~886) 때로 본다. 규모는 폭이 약 35㎝, 깊이 평균 26㎝, 전체 길이가 약 10m이다. 
포석정은 중국 고대 강가에서 초혼제를 지내고 악귀를 쫓는 행사의 하나인 유상곡수연에서 유래하였다. 353년 중국의 왕희지가 쓴 난정서문에 보면 맑은 시냇물을 아홉 구비로 돌아 흐르게 하여 흐르는 물속에 술잔을 띄우고 시를 짓게 하되 술잔이 아홉 구비를 다 지날 때까지 시를 짓지 못하면 벌술 3잔을 마시게 하였다. 유상곡수를 즐기는 주위는 높고 험한 산이 있고, 숲과 대나무숲이 있으며 옆으로는 맑은 시냇물이 흘렀다 한다. 이에 신라에서도 험한 남산 봉우리를 뒤로 하고 죽림과 송림이 울창하고 맑은 시내가 흐르는 계곡에 포석정을 만들었던 것이다. 원래는 남산계곡에서 흘러 들어오는 입구에 거북 모양의 큰 돌이 있었고, 그 입에서 물이 나오도록 만들어졌다고 하나 지금은 없어져 정확한 형태는 알 수 없고 삼국유사에 헌강왕이 이곳에 와서 남산 신의 춤을 따라 해 어무상심무를 만들었다 한다. 또한 이곳은 인간의 마음을 수양하고 화랑이 정신을 도야하며 시문을 짓고 속세를 떠나 유정을 느끼던 아름다운 장소였다. 927년 신라 경애왕이 이곳에서 잔치를 베풀며 놀고 있다가 후백제 견훤의 습격을 받아 붙잡히게 되어 스스로 목숨을 끊었던 신라 천 년 역사의 치욕이 담긴 장소이기도 하다. 화랑세기필사본에서 포석정을 포석사(鮑石社)라고 표현하고 있으며, 1998년 남쪽으로 50m 떨어진 곳에서 많은 유물이 발굴되면서 이곳에 규모가 큰 건물이 있었다는 것이 알려졌다. 제사에 사용된 것으로 보이는 제기류도 출토되어 포석정이 연회를 즐기던 곳이 아니라, 나라의 안녕을 기원하는 제사 의식을 거행하던 신성한 장소였다는 견해도 제기되고 있다.
입구 포석정지 방문자센터에서는 포석정의 이해를 돕기 위한 모형과 영상물을 상영한다.","<a href=""https://www.gyeongju.go.kr/tour/page.do?cmd=2&mnu_uid=2517&chaNo=3229""target=""_blank"" title=""새창:  경주문화관광 홈페이지로 이동"">http://www.gyeongju.go.kr/tour</a>",129.2129296369,35.8072413742,126208,12,
128526,경주 동궁과 월지,http://tong.visitkorea.or.kr/cms/resource/62/2612562_image2_1.jpg,,경상북도 경주시 원화로 102 (인왕동),,,,"경주 동궁과 월지는 신라 왕궁의 별궁 터이다. 다른 부속건물들과 함께 왕자가 거처하는 동궁으로 사용되면서, 나라의 경사가 있을 때나 귀한 손님을 맞을 때 이곳에서 연회를 베푼 장소이다. 신라가 멸망한 후 이곳에 기러기와 오리가 날아와 기러기 안과 오리 압을 써서 예전엔 안압지로 불렸으나 1980년대 이곳에서 월지-달이 비치는 연못이라는 글자가 새겨진 토기 파편이 발굴되고 삼국 통일 후 문무왕 14년(674)에 큰 연못을 파고 못 가운데에 3개의 섬과 못의 북·동쪽으로 12 봉우리의 산을 만들었으며 여기에 아름다운 꽃과 나무를 심고 진귀한 새와 짐승을 길렀다고 전해지는 내용으로 보아 이곳이 신라시대 때 월지라고 불린 장소로 확인되어 2011년에 경주 동궁과 월지라는 명칭으로 변경되었다.
일제강점기에 철도가 지나가는 등 많은 훼손을 입었던 임해전 터의 못 주변에는 1975년 준설을 겸한 발굴조사에서 회랑지를 비롯해서 크고 작은 건물 터 26곳이 확인되었다. 그 중 1980년에 임해전으로 추정되는 곳을 포함하여 신라 건물 터로 보이는 3곳과 월지를 복원하여 오늘에 이르고 있다. 이곳에서는 많은 유물들이 출토되었는데, 그중 보상화 무늬가 새겨진 벽돌에는 조로 2년 (680)이라는 글자가 새겨져 있어 임해전이 문무왕 때 만들어진 것임을 뒷받침해 주고 있다. 대접이나 접시도 많이 나왔는데 이것은 신라무덤에서 출토되는 것과는 달리 실제 생활에 사용되었던 것으로 보인다. 임해전은 별궁에 속해 있던 건물이지만 그 비중이 매우 컸던 것으로 보이며 월지는 신라 원지를 대표하는 유적으로서 연못 가장자리에 굴곡을 주어 어느 곳에서 바라보아도 못 전체가 한눈에 들어올 수 없게 만들었다. 이는 좁은 연못을 넓은 바다처럼 느낄 수 있도록 고안한 것으로 신라인들의 예지가 돋보인다. 동궁에는 임해전을 비롯해 총 27동의 건물이 있었음이 확인되었고 현재는 3채만 복원되었고 그 건물을 비추는 화려한 조명과 월지에 반사된 모습은 경주의 대표 야경명소로 뽑힌다.","경주문화관광 <a href=""https://www.gyeongju.go.kr/tour/page.do?cmd=2&mnu_uid=2517&chaNo=3236""target=""_blank"" title=""새창:  경주문화관광 홈페이지로 이동"">http://www.gyeongju.go.kr/tour</a><br>경주시설관리공단 <a href=""https://gjfmc.or.kr/gjsiseol/facility/facilityTab1.do?menuNo=221&classId=TOUR&itemId=T0000006"" target=""_blank"" title=""새창: 경주시설관리공단 홈페이지로 이동"">https://gjfmc.or.kr/gjsiseol</a>",129.2283747104,35.8352023996,128526,12,
2840855,화산숯불&손두부,http://tong.visitkorea.or.kr/cms/resource/42/2840842_image2_1.jpg,,경상북도 경주시 천강로 460,,,,"화산숯불은 경상북도 경주시 천북면 화산리 소재 화산한우숯불단지 내에 있다. 30년 이상 영업 중인 한우 맛집으로 이름 높다. KBS 2TV 시사 교양 프로그램 생생 정보통에 출연한 바 있다. 대표 메뉴는 갈빗살 소금구이다. 이 밖에 갈빗살 양념구이, 육회, 등심, 안창살, 냉면, 집된장찌개 등을 맛볼 수 있다. 내부에는 단체석이 마련되어 있어 각종 모임을 하기 좋다. 북경주 IC에서 가깝고, 인근에 루나엑스 골프장이 있다.",,129.2877918634,35.9275264313,2840855,39,
2906819,"1925감포",http://tong.visitkorea.or.kr/cms/resource/91/2906791_image2_1.jpg,,경상북도 경주시 감포안길 15,,,,"1925감포는 경상북도 경주시 감포읍 감포리에 있다. 감포항이 개항하던 1925년이었던 것에 영감받아 카페가 만들어졌다. 인테리어 내부는 약 30년 동안 폐업한 옛날 목욕탕을 리모델링하여 카페로 탈바꿈한 공간이다. 외관은 빈티지한 멋과 현대적인 감각이 돋보인다. 감성적인 분위기를 연출하는 인테리어가 눈에 띈다. 대표 메뉴는 부표가 동동 떠 있는 부표라떼이다. 이밖에 아메리카노, 감포비취, 산내 어서오곡, 송대말의 오후, 고아라의 아침 등 이색 음료와 디저트 등을 맛볼 수 있다.","공식 인스타그램 <a href=""https://www.instagram.com/1925gampo""target=""_blank"" title=""새창 : 1925감포 인스타그램으로 이동"">https://www.instagram.com/1925gampo</a>",129.5015766453,35.8057109112,2906819,39,
2771020,성호리조트,http://tong.visitkorea.or.kr/cms/resource/72/2771272_image2_1.jpg,,경상북도 경주시 외동읍 영지로 636,,,,"성호리조트는 경상북도 경주시 외동읍에 자리 잡은 콘도형 리조트이다. 140여 개의 객실과 기업 모임이나 세미나, 예식홀로 이용 가능한 소형과 대형 연회장이 있다. 객실은 패밀리룸, 슈페리어룸, 엠버서더 스위트, 디럭스 스위트, 로열 스위트 등을 갖추었고 부대시설로는 연회장을 비롯해 야외 수영장, 승마장, 휘트니스 클럽, 레스토랑, 편의점, 카페, 사우나, 노래연습장, 바비큐장 등이 있다.",,129.3089196936,35.7637203182,2771020,12,
2743753,월계수 캠핑장,http://tong.visitkorea.or.kr/cms/resource/98/2744198_image2_1.jpg,,경상북도 경주시 산내면 문복로 758,,,,"월계수 오토캠핑장은 경북 경주시 산내면에 위치해 있다. 계곡과 인접해 있어 휴가철 물놀이와 캠핑을 병행할 수 있고 빼곡한 숲에 둘러싸여 있어 청량감 넘치는 캠핑을 만끽할 수 있다. 캠핑장은 파쇄석 27면과 데크 5면, 총 32면으로 사이트 크기는 가로 7m 세로 8m다. 개인 트레일러와 카라반 출입이 자유롭고 소형견에 한해 동반 입장도 가능하다. 관리소에서 릴선, 화로대 등 캠핑 장비를 대여할 수 있다.",,129.0578629973,35.6972175393,2743753,28,
2738038,콩이랑,http://tong.visitkorea.or.kr/cms/resource/56/2738256_image2_1.jpg,,경상북도 경주시 보불로 97 (하동),,,,"콩이랑의 대표 메뉴는 콩이랑 정식이다. 2인 이상 주문할 수 있는데 각자 먹고 싶은 찌개를 선택할 수 있다. 찌개는 옛날순두부, 김치순두부, 청국장순두부, 비지찌개로 4종류다. 개인별로 찌개를 선택하면 고추장불고기, 쌈 채소, 15가지 반찬이 나온다. 이 밖에도 황태구이정식, 돈가스 등을 맛볼 수 있다. 인근에 세계문화유산인 석굴암이 있어 연계 관광이 손쉽다.",,129.3132268159,35.7930115416,2738038,39,
2903605,타베르나,http://tong.visitkorea.or.kr/cms/resource/89/2903589_image2_1.jpg,,경상북도 경주시 첨성로81번길 18,,,,"타베르나는 경상북도 경주시 황남동에 있다. 한옥으로 지어진 덕분에 외관에서 고풍스러운 멋이 풍긴다. 세련된 분위기를 연출하는 인테리어도 눈에 띈다. 내부에는 단체석이 마련되어 있어 각종 모임을 하기 좋다. 대표 메뉴는 프랑스 음식인 크헤벳 앙 프레슈흐, 브랑다드, 푸아그라 떼린 등이 있다. 경주 IC에서 가깝고 주변에 첨성대를 비롯해 국립경주박물관, 경주 교촌한옥마을 등 경주의 유명 관광지가 많다.","<a href=""https://blog.naver.com/taverna_seo""target=""_blank"" title=""새창 : 타베르나 블로그로 이동"">https://blog.naver.com/taverna_seo</a>",129.2113206584,35.8348660036,2903605,39,
2902110,하누가물애,http://tong.visitkorea.or.kr/cms/resource/01/2902101_image2_1.jpg,,경상북도 경주시 보불로 319,,,,"하누가물애는 경상북도 경주시 하동에 위치하고 있다. 한옥으로 지어진 덕분에 외관에서 고풍스러운 멋이 풍긴다. 깔끔한 분위기를 연출하는 인테리어도 눈에 띈다. 대표 메뉴는 한우물회이다. 한우물회는 살얼음 육수와 신선한 한우의 조화로 풍미가 있다. 이 밖에 육회비빔밥, 육회, 떡불고기, 치즈불고기, 한우국밥 등을 맛볼 수 있다. 넓은 주차장을 보유하고 있어 가족 모임이나 차량 방문에 용이하다.",,129.3065296548,35.8114121172,2902110,39,
2907343,달개비,http://tong.visitkorea.or.kr/cms/resource/37/2907337_image2_1.jpg,,경상북도 경주시 숲머리길 130-2,,,,"달개비는 경상북도 경주시 보문동에 있다. 한옥으로 지어진 덕분에 외관에서 고풍스러운 멋이 풍긴다. 예스러운 분위기를 연출하는 인테리어도 눈에 띈다. 내부에는 단체석이 있어 각종 모임을 하기 좋다. 대표 메뉴는 꼬막돌솥정식이며 매콤짜글눈꽃치즈도 인기가 많다. 이 밖에 곤드레돌솥정식, 전복영양돌솥정식, 홍합돌솥정식 등 여러 돌솥밥 메뉴가 준비되어 있다. 경주 IC에서 가깝고 주변에 보문관광단지와 경주동궁원이 있다.","<a href=""http://instagram.com/dalgaebi__""target=""_blank"" title=""새창 : 달개비 인스타그램으로 이동"">http://instagram.com/dalgaebi__</a>",129.2502587267,35.8414215549,2907343,39,
2905359,가마솥 양푼이 밥상,http://tong.visitkorea.or.kr/cms/resource/42/2905342_image2_1.jpg,,경상북도 경주시 북군3길 12-1,,,,"가마솥 양푼이 밥상은 경상북도 경주시 북군동에 있다. 고풍스러운 멋을 풍기는 외관과 예스러운 분위기를 연출하는 인테리어가 눈에 띈다. 내부에는 단체석이 있어 각종 모임을 하기 좋다. 대표 메뉴는 꼬막+간장게장 정식이다. 전복 쪽갈비찜, 소고기 버섯전골, 묵은지 쪽갈비 김치전골, 더덕+산채 야채 양푼이비빔밥 등도 준비되어 있다. 경주 IC에서 가깝고 주변에 보문관광단지와 경주동궁원이 있다.","<a href=""https://www.instagram.com/bomoon_3409""target=""_blank"" title=""새창 : 가마솥 양푼이 밥상 인스타그램으로 이동"">https://www.instagram.com/bomoon_3409</a>",129.2645765871,35.8529760771,2905359,39,
3102164,황남별곡,,,경상북도 경주시 포석로 1078-7 (황남동),,,,"황남별곡은 KCIA에서 3년 연속 경주 숙박 분야 우수 업체로 선정되었다. 유명한 사진 스팟존과 천마총이 있는 대릉원, 첨성대, 야경이 압권인 동굴과월지(압압지) 와 월정교등이 도보이동이 가능하다. 객실은 개별적으로 독립되어 있어 개인적인 시간을 보낼 수 있다.","<a href=""https://cherryblossoms282.modoo.at/"" target=""_blank"" title=""황남별곡(으)로 이동"">https://cherryblossoms282.modoo.at//</a>",129.2103206756,35.8373573704,3102164,32,
127487,경주엑스포대공원,http://tong.visitkorea.or.kr/cms/resource/40/3537940_image2_1.jpg,,경상북도 경주시 경감로 614 (천군동),,,,"경주엑스포대공원은 1998년 세계 최초로 문화예술을 주제로 한 문화박람회 '경주세계엑스포'가 열린 곳이다. 이후 20여 년간 10차례에 걸쳐 경주세계엑스포의 개최 장소로 한국인의 문화 자긍심을 높이고 인류 문화 발전에 이바지하였다. 현재는 다양한 전시·영상·공연·체험 문화콘텐츠를 바탕으로 연인과 친구, 가족이 함께 찾고 즐기는 경주의 명소이다. 주요 시설로는 경주타워, 경주솔거미술관, 비움명상길, 루미나이트 등이 있다. 이 외에도 타임리스 미디어아트, 자연사 박물관, 경주세계문화엑스포기념관 등 다양한 시설이 갖추어져 있다.","경주엑스포대공원 <a href=""https://www.cultureexpo.or.kr/open.content/ko/"" target=""_blank"" title=""새창 : 경주엑스포대공원 홈페이지로 이동"">https://www.cultureexpo.or.kr/</a>",129.2895443842,35.8340564631,127487,12,
1873982,신라부티크호텔 프리미엄,http://tong.visitkorea.or.kr/cms/resource/59/2602459_image2_1.jpg,,경상북도 경주시 강변로 200 (노서동),,,,"신라부티크호텔 프리미엄은 어린이 전용 객실을 갖춘 가족특화형 호텔이다. 키즈룸에는 낙상사고를 방지하도록 저상형 침대를 비치해놓았다. 투숙객에게 스크린골프 할인권을 제공하고, 키즈룸 이용시에는 키즈파크 어린이 무료 이용권도 제공한다. 터미널과 도보 5분 거리, 신경주역에서 버스 20분 거리, 경주시 대부분 관광지를 자차로 10분 내에 갈 수 있는 점이 이곳만의 자랑이다.",,129.2015352189,35.8414150801,1873982,32,
2737961,펜션600 캠핑장,http://tong.visitkorea.or.kr/cms/resource/61/2738061_image2_1.jpg,,경상북도 경주시 장골길 61 (동방동),,,,"펜션600은 경북 경주시 동방동에 자리 잡았다. 경주시청을 기점으로 6㎞ 정도 자동차로 운전하면 15분 안팎에 도착한다. 이곳 캠핑장은 숲으로 둘러싸여 있어 자연 그대로를 체감할 수 있다. 더불어 카페, 세미나실, 수영장, 노래방, 족구장, 당구장 등 알찬 부대시설이 있어 캠핑 외에도 즐길 거리가 많다. 캠핑장에는 카라반 7대가 있다. 4대는 대형이며, 3대는 소형이다. 객실에는 침대, 소파, 테이블, 에어컨, 개수대, 취사도구, 식기류, 화장실, 샤워실 등이 비치되어 있다. 외부 전용 데크에는 비바람을 막아줄 어닝 아래 바비큐 시설을 완비했다.
캠핑장 주변으로는 보문관광단지, 첨성대, 황룡사지 등 경주를 대표하는 관광지가 많다. 인근에 음식점도 많아 식도락을 즐기기에 좋다.","<a href=""http://www.pension600.kr/"" target=""_blank"" title=""새창 : 펜션600 홈페이지로 이동"">http://www.pension600.kr/</a>",129.2582587691,35.8153496482,2737961,28,
1959160,장산서원,http://tong.visitkorea.or.kr/cms/resource/92/3412392_image2_1.jpg,,경상북도 경주시 안강읍 옥산서원길 377-2,,,,"경주 장산서원은 1780년(정조 4)에 지방 유림의 공의로 이전인의 학문과 덕행을 추모하기 위해 경상도 영천군 임고면 수성리에 창건하여 위패를 모셨다. 이전인은 조선 중기의 성리학자 회재 이언적의 서자로 태어났으며 효성이 지극하여 부친 이언적이 정미사화에 연루되어 강계로 유배될 때 동행하여 시중을 들었고 이언적의 학문과 행적을 세상에 널리 알리는 데 힘을 다하였다. 장산서원은 선현배향과 지방교육의 일익을 담당해 오던 중 1868년(고종 5) 대원군의 서원철폐로 훼철되었다. 후손들에 의해 2006년 11월에 경주시 안강읍 옥산리에 복원되었다. 2008년 4월 11일 장산서원 복원 건립기념식이 거행되었다. 경내 건물로는 선계묘, 지습당, 심고재 등이 있다. 서원의 유물로는 문집이 보관되어 있다.",,129.1577616587,36.0227437566,1959160,12,
2384260,반딧불이캠핑장,http://tong.visitkorea.or.kr/cms/resource/47/3555847_image2_1.jpg,,경상북도 경주시 산내면 대현길 250-13,,,,"경주시 산내면에 위치한 반딧불이캠핑장은 자연을 벗 삼아 캠핑을 즐길 수 있는 곳이다. 봄엔 벚꽃, 여름엔 푸르게 우거진 나무 그늘, 가을엔 형형색색 물든 낙엽, 겨울엔 운치 있는 눈까지 모두 감상할 수 있는 캠핑장이다. 캠핑장은 일반야영장과 방갈로가 준비되어 있다. 사이트의 크기는 구역 별로 조금씩 다르기 때문에 방문 전에 확인하는 것이 좋다.","다음카페 <a href=""http://cafe.daum.net/kjautomcamping"" target=""_blank"" title=""새창 : 반딧불이캠핑장 다음카페로 이동"">http://cafe.daum.net/kjautomcamping</a><br>인스타그램 <a href=""https://www.instagram.com/bandycamping/"" target=""_blank"" title=""새창 : 반딧불이캠핑장 인스타그램으로 이동"">https://www.instagram.com/bandycamping</a>",129.074172245,35.7126910994,2384260,28,
2002492,경주 버드파크,http://tong.visitkorea.or.kr/cms/resource/86/3479386_image2_1.jpg,,경상북도 경주시 보문로 74-14,,,,"기존의 우리에 갇힌 동물을 밖에서 보는 것이 아니라, 커다란 새 장 속으로 직접 들어가서 새들을 만지고 어깨에 올려보고 하는 공간이라는 점이 독특한 방식이다. 새도 행복하고 구경하는 관람객도 행복한 구조로 설계가 되어 있다. 국내 최초의 체험형 화조원인 경주버드파크는 1층 전체가 생태체험관으로 구성되어 있다. 주로 조류가 90% 정도를 차지하며, 파충류, 어류, 기타 소동물 등이 있다. 2층은 전시체험관으로 구성되어 있으며, 야외체험장이 있다.경상북도 1호로 전문동물원 박물관 등록기관으로 국제희귀 동물의 수입 및 전시가 가능한 시설이다.","<a href=""http://www.birdparks.co.kr"" target=""_blank"" title=""새창 : 경주 버드파크 홈페이지로 이동"">http://www.birdparks.co.kr</a>",129.2627490602,35.8498125109,2002492,12,
1829267,경주횟집 지중해,http://tong.visitkorea.or.kr/cms/resource/22/3551222_image2_1.jpg,,경상북도 경주시 알천북로 325 (동천동),,,,"경주시 동천동에 위치한 경주횟집 지중해는 다양한 해산물을 즐길 수 있는 곳이다. 메뉴는 생선회, 전복 등의 해산물을 1인 1접시로 차려 대접받는 느낌을 주는 모둠회와 생선회, 모둠구이, 랍스터 구이 또는 대게다리 등 다양한 해산물로 구성되어 있는 지중해 스페셜 코스요리 등이 있다. 이외에도 광어, 우럭, 참가자미, 자연산 잡어 등을 싱싱하게 회로 맛볼 수 있으며, 물회와 횟밥 등의 메뉴도 준비되어 있다.","<a href=""http://www.xn--289au2w7xlnya.kr/"" target=""_blank"" title=""새창 : 경주지중해횟집 홈페이지로 이동"">http://www.경주맛집.kr</a>",129.2331545784,35.8446375352,1829267,39,
2736662,낙지마실,http://tong.visitkorea.or.kr/cms/resource/10/2736910_image2_1.jpg,,경상북도 경주시 북군길 9 (북군동),,,,"낙지마실은 경주 보문단지에 위치해있고 대표 메뉴는 낙곱새이다. 이 밖에 낙지볶음, 낙지해물전 등을 판다. 모든 메뉴는 포장해갈 수 있다. 2층 건물의 대형업소로 200명이 이용할 수 있다. 단체 회식 장소로 적합하고 예약도 가능하다. 경주 지역의 특색을 살린 낙곱새 전문점으로 신선한 재료와 정성스러운 조리로 맛집이다. 바삭한 낙지해물전도 인기가 많다. 이곳 주변에는 첨성대, 경주교촌한옥마을, 국립경주박물관 등 경주의 유명 관광지가 많다.",,129.2630073183,35.8516234226,2736662,39,
2762572,에덴 오토 캠핑장,http://tong.visitkorea.or.kr/cms/resource/78/2763078_image2_1.JPG,,경상북도 경주시 감포읍 동해안로 2507-2,,,,"에덴 오토 캠핑장은 경북 경주시 감포읍에 위치한 캠핑장이다. 캠핑장 안에서도 푸르른 바다를 조망할 수 있으며 파도소리가 노래처럼 들려오는 곳이다. 캠핑장뿐만 아니라 펜션도 이용할 수 있다. 수영장과 놀이터, 물놀이 시설이 있어 여름에 아이들과 함께 즐기기에도 좋다. 주변의 경주 유명 관광지를 즐기기에도 좋다. 반려동물 동반은 불가하다.","<a href=""http://www.edenpension.kr/main.php/"" target=""_blank"" title=""새창 : 에덴 오토 캠핑장 홈페이지로 이동"">http://www.edenpension.kr/main.php/</a>",129.5093725908,35.8264031717,2762572,28,
2840402,양남해물칼국수,http://tong.visitkorea.or.kr/cms/resource/94/2840394_image2_1.jpg,,경상북도 경주시 동해안로 472,,,,"양남해물칼국수는 경상북도 경주시 양남면에 위치한 칼국수집이다. 읍천항 갤러리에서 하서항에 이르는 파도소리길 구간에 있다. 주상절리 바닷가에 위치해 있어 바다를 보며 칼국수를 먹을 수 있다. 대표메뉴는 신선한 해물과 국내산 청정지역의 쑥으로 직접 뽑은 면이 어우러진 해물칼국수다. 겉은 바삭하고 속은 촉촉한 해물파전도 별미다. 이 밖에 해장용으로 좋은 얼큰칼국수를 비롯해 들깨칼국수, 왕만두 등도 맛볼 수 있다.",,129.4725770819,35.6849350736,2840402,39,
2876473,벤자마스,http://tong.visitkorea.or.kr/cms/resource/54/2876454_image2_1.jpg,,경상북도 경주시 알천북로 369,,,,경주 벤자마스 카페는 경상북도 경주에 위치한 고급스러운 카페이다. 세련된 인테리어와 여유로운 공간을 제공하며 다양한 커피와 디저트 메뉴가 인기 있다. 특히 정성스럽게 준비된 커피와 디저트가 매력적이며 경주 관광을 즐기는 방문객들에게 사랑받는 명소다. 자연과 어우러진 고즈넉한 분위기 속에서 편안하게 시간을 보낼 수 있어 많은 사람들에게 인기가 있다.,,129.2378458749,35.8431988978,2876473,39,
3532598,월하,,,경상북도 경주시 북성로51번길 7 (서부동),,,,"50년 된 한옥을 개축하여 전통미와 현대적 편의가 조화된 독채 스테이입니다.
두 개의 침실, 감성적인 거실, 족욕 공간과 빔스크린이 마련되어 있습니다.
야외 노천탕과 아름다운 정원과 벤치가 있어 사계절 내내 여유로운 휴식을 즐길 수 있습니다.
고급 어메니티, 발뮤다커피머신, 다이슨드라이기 등 품격있는 스테이를 제공합니다.",http://wolha-stay.com,129.20741507,35.8480672181,3532598,32,
3532883,소풍한옥풀빌라,,,경상북도 경주시 북군3길 12-58 (북군동),,,,"‘소풍’은 역사가 배어있는 천년고도 경주에 먼 곳에서 찾아오신 손님이 편안히 머무시길 바라는 마음이 담긴 숙소입니다. 
한옥만의 고즈넉한 분위기와 향기 속에서 일상에서 지친 몸과 마음을 치유하고 여유로움과 쉼의 정취를 마음껏 느끼면서 휴식을 취하실 수 있습니다.",https://picnicpension.imweb.me,129.2670290677,35.8558535767,3532883,32,
3532968,황남별채,,,경상북도 경주시 금성로196번길 15-3 (사정동),,,,"황리단길의 감성을 고스란히 담은 한옥 스테이, 황남별채는 전통미와 현대적인 편안함이 공존하는 공간입니다. 5년간의 숙소 운영 경험을 바탕으로, 세심한 손길로 완성된 이곳은 성인만을 위한 조용하고 아늑한 휴식을 제공합니다. 경주의 대표 명소들과 도보 10분 이내로 연결되어 있어, 여행과 여유를 동시에 누릴 수 있습니다. 한옥의 정취를 살리면서도 프라이버시와 청결, 방음까지 고려한 구조로 머무는 모든 순간이 편안합니다.",www.cherryblossoms282.com,129.2089902991,35.8351520392,3532968,32,
2753398,월성원자력홍보관,http://tong.visitkorea.or.kr/cms/resource/70/3543270_image2_1.jpg,,경상북도 경주시 양남면 동해안로 671,,,,"경주시에 위치한 월성원자력홍보관은 우리 곁에 늘 있지만 잘 알지 못했던 에너지와 원자력에 대해 깊이 있게 배울 수 있는 공간이다. 에너지의 역사와 함께 전기에너지의 발생 원리, 원자력 발전이 이뤄지는 과정, 그리고 방사선의 신비한 세계에 이르기까지 다양한 주제를 전시하고 있다. 특히 아이들과 청소년들이 쉽고 재미있게 이해할 수 있도록 구성된 전시물과 영상자료, 체험형 게임 등이 풍부하게 마련되어 있어 교육적인 효과도 뛰어나다. 현장학습이나 가족 단위의 방문에도 매우 적합한 이 홍보관은 과학에 대한 호기심을 자극하고, 에너지에 대한 올바른 인식을 심어주는 장소이다.","<a href=""http://www.khnp.co.kr/"" target=""_blank"" title=""새창 : 월성원자력홍보관  사이트로 이동"">http://www.khnp.co.kr/</a>",129.470154567,35.7026024834,2753398,14,
126167,기림사,http://tong.visitkorea.or.kr/cms/resource/22/3542922_image2_1.jpg,,경상북도 경주시 양북면 기림로 437-17,,,,"기림사는 신라 선덕여왕 때 창건된 사찰이며, 처음에는 임정사라 불리다 원효가 도량을 확장하면서 기림사로 개칭하였다. 기림사는 크게 두 구역으로 나뉘어 있는데, 비로자나불을 모신 대적광전이랑 500년 이상 된 큰 보리수나무가 있는 지역과 보 박물관, 삼성각, 명부전, 관음전 등이 있는 지역이다. 대적광전은 기림사의 본전으로 배흘림기둥의 다포식 단층 맞배지붕의 건물이며 조선 초기 불상의 전형을 갖춘 삼존불을 모시고 있다. 대적광전과 진남루 사이 서쪽에 오백나한전이 있고, 그 바로 앞에 3층 석탑이 있다. 성보박물관에는 보물로 지정된 건칠보살 반가상과 비러자나불 복장전적과 목비, 석조 토제지미 등 많은 문화유산 자료들이 있다. 

기림사에는 오종수라고 불리는 다섯 가지 맛을 내는 물이 유명하다. 차를 끓여 마시면 맛이 으뜸이라는 감로수와 그냥 마셔도 마음이 편안하다는 화정수, 기골이 장대해진다는 장군수, 눈이 맑아진다는 명안수, 물빛이 너무 좋아 까마귀가 쪼았다는 오탁수가 그것이다. 그러나 일제강점기 때 장군이 태어날까 두려워 장군수의 물길을 막아버렸고 지금은 네 곳만 물이 솟아 나오고 있다. 기림사에서는 산사체험 프로그램과 템플스테이도 운영하는데 휴식을 취할 수 있는 자율형과 예불 참여와 108배 등 스님과 함께하는 체험형이 있다. 계절별 테마로 구성되어 봄에는 녹차 만들기, 여름에는 용연폭포에서 명상의 길 체험, 가을에는 연차 시음하기 및 산사음악회 관람, 겨울에는 타종식과 동해의 해맞이도 볼 수 있다. 그 밖에 만다라 그리기, 마하사 여름수련회, 어린이 여름불교 학교도 체험해 볼 수 있다.","<a href=""http://www.kirimsa.net/index.html"" target=""_blank"" title=""새창 : 홈페이지로 이동"">http://www.kirimsa.net/index.html</a>",129.4031454455,35.8377165388,126167,12,
2742072,삼릉숲,http://tong.visitkorea.or.kr/cms/resource/99/3542499_image2_1.jpg,,경상북도 경주시 배동,,,,"삼릉숲은 경주 남산 서쪽에 위치한 소나무 숲으로 삼릉이 위치해 있으며, 능 주변으로 아름드리 도래솔이 군무하듯 조화를 이루고 있는 곳이다. 경주 남산은 북쪽의 금오산과 남쪽의 고위산 모두를 이르는 것으로 고대국가 신라의 중요한 국사를 의논하던 사령지이면서 초기 궁궐지, 왕릉, 불교 조각 등 수많은 문화유산이 분포되어 있는 신라와 경주의 신령스러운 공간이다. 그리고 김시습이 남산 금오산실에 머물면서 우리나라 최초 소설 금오신화 등 다양한 저술 활동을 한 문학적 고향이기도 하다. 경주는 다양한 역사 수림을 간직한 역사 도시로 사진작가들에게 숲 촬영지로 가장 유명하다. 구불구불한 소나무들 사이로 내리는 햇빛은 가히 환상적이며 봄날 소나무 사이로 피는 진달래도 진풍경 중 하나이다.","<a href=""https://www.gyeongju.go.kr/tour/page.do?cmd=2&mnu_uid=2517&chaNo=3300""target=""_blank"" title=""새창 : 경주시 문화관광 홈페이지 이동"">https://www.gyeongju.go.kr/tour/</a>",129.2095330093,35.7967897114,2742072,12,
1867200,계림궁,,,경상북도 경주시 포석로 932 (탑동),,,,"계림궁은 문화체험, 한옥체험, 전통놀이 등을 즐길 수 있는 경주 전통 한옥 숙박시설이다. 한국관광공사에서 우수 한옥체험 숙박시설로 인증받았으며, 경주시건축상을 수상한 바 있다. 시림, 알지, 아사달, 아사녀, 요석 등 6개의 객실이 있으며, 각 객실은 온돌방, 거실, 주방, 욕실로 구성되어 있다. TV, 에어컨, 냉장고, 가스레인지, 전기밥솥, 식기류, 욕실용품, 헤어드라이기, 1회용 칫솔 등 편의시설도 완비되어 있다. 야외 원두막과 바비큐 시설, 넓은 주차장이 마련되어 있으며, 전통 가마솥 불 붙이기, 널뛰기, 윷놀이, 경주문화 해설 등 다양한 전통 체험도 가능하다.","<a href=""http://www.kelimgung.co.kr"" target=""_blank"" title=""새창 : 계림궁 홈페이지로 이동"">http://www.kelimgung.co.kr</a>",129.2111959697,35.8243421893,1867200,32,
2774279,분황사 청보리밭,http://tong.visitkorea.or.kr/cms/resource/72/3538772_image2_1.jpg,,경상북도 경주시 분황로 94-11,,,,"경주의 분황사 주변에는 매년 봄 싱그러운 청보리밭이 펼쳐진다. 추석 직후에 파종한 보리가 이듬해 봄부터 초여름까지 색다른 볼거리를 제공하는 것으로 분황사 주차장에서 황룡사지 방향을 바라보면 황룡사 역사문화관을 배경으로 짙푸른 청보리밭이 끝도 없이 펼쳐진다. 파란 하늘과 따스한 햇살, 봄바람에 일렁이는 청보리가 보는 이들의 마음을 설레게 한다. 해 질 무렵에는 노을에 물든 청보리가 황금빛으로 반짝이며 천년 경주의 매력을 더한다.",,129.233424118,35.8404657892,2774279,12,
2756704,또봇정크아트뮤지엄,http://tong.visitkorea.or.kr/cms/resource/97/3537897_image2_1.jpg,,경상북도 경주시 경감로 614,,,,"또봇정크아트뮤지엄은 경북 경주시 경주엑스포공원 내 장보고관에 자리 잡고 있다. 뮤지엄은 변신 자동차 또봇을 모델로 하고 있어서 어린이들이 정크아트와 아트 트릭 미술을 쉽게 이해하고 경험할 수 있다. 거대한 또봇을 눈앞에서 볼 수 있어 아이와 함께 방문하기 좋다. 배지 만들기, 권투 로봇 체험, 로봇 자동차 체험 등도 마련되어 있다. 주변에는 블루원 디아너스 CC, 경주블루원블루스카이글램핑이 있어 함께 방문하기 좋다.",,129.2882640602,35.8298874643,2756704,14,
2587355,소이한옥,,,경상북도 경주시 첨성로81번길 22-4 (황남동),,,,천년의 역사를 자랑하는 찬란한 문화예술의 땅 경주에 위치한 소이한옥은 고품격 라이프스타일을 제공하는 프리미엄 한옥으로서 과거의 아름다움과 현재의 편안함을 동시에 느낄 수 있는 럭셔리한 공간으로 마련되었다. 한옥에서 쉽게 접할 수 없었던 특급호텔 이상의 편안함과 여유로움을 이곳 경주시 황남동 '소이한옥' 에서 경험할 수 있다.,"<a href=""https://www.instagram.com/soihanok_official/""_blank"">https://www.instagram.com/soihanok_official/</a>",129.211676184,35.8348493462,2587355,32,
2840513,불국정떡갈비,http://tong.visitkorea.or.kr/cms/resource/09/2840509_image2_1.jpg,,경상북도 경주시 보불로 69,,,,"불국정떡갈비는 경상북도 경주시 마동에 위치해 있으며 50년 전통의 맛집으로 유명한 곳이다. 대표메뉴로는 떡갈비와 된장찌개, 10여 가지 밑반찬이 나오는 떡갈비정식과 얼큰한 순두부정식이 있다. 이외에도 전체메뉴 아침식사가 가능하고 연잎밥과 기본반찬이 나오는 연잎밥정식 등이 있다. 여름철에는 시원한 냉면과 냉밀면, 한우 물회가 인기이고 초당식 순두부와 강황 곤드레밥이 맛있다고 정평이 나있다. 내부도 넓고 주차장도 구비되어 있어 방문이 용이하다.",,129.3143517823,35.7907312645,2840513,39,
2840446,스타트커피,http://tong.visitkorea.or.kr/cms/resource/40/2840440_image2_1.jpg,,경상북도 경주시 동해안로 1862,,,,"스타트커피는 경상북도 경주시 감포읍 나정리에 있다. 깔끔한 외관과 모던한 느낌의 인테리어가 눈에 띈다. 경주 앞바다를 조망하며 음료를 즐길 수 있다. 대부분의 좌석에서 바다를 볼 수 있도록 배치했다. 대표 메뉴는 고소한 라떼를 베이스로 흑임자 크림을 얹은 스타트커피다. 이 밖에 달고 묵직한 바디감의 카페라뗴, 콜드브루에 크림을 올린 스타트베이직 등도 맛볼 수 있다. 내부에는 단체석이 마련되어 있어 모임하기 좋다. 동경주 IC에서 가깝고 인근에 나정고운모래해변과 감포항이 있다.","<a href=""http://instagram.com/startcoffee_""target=""_blank"" title=""새창 : 스타트커피 인스타그램으로 이동"">http://instagram.com/startcoffee_</a>",129.4944670475,35.7746642744,2840446,39,
2840380,옛정,http://tong.visitkorea.or.kr/cms/resource/76/2840376_image2_1.jpg,,경상북도 경주시 숲머리길 120,,,,"옛정은 경상북도 경주시 보문동에 위치하고 있다. 한옥으로 지어진 덕분에 외관에서 고풍스러운 멋을 느낄 수 있다. 내부 역시 한옥식이며 단체석이 마련되어 있어 각종 모임을 하기 좋다. 대표 메뉴는 먹음직스러운 음식이 한 상 가득 차려지는 옛정 한정식이다. 이 밖에 연잎밥 한정식, 불고기, 갈비찜, 황태구이 등을 맛볼 수 있다. 관광객과 현지인들에게 한정식 맛집으로 정평이 나있다.","<a href=""http://instagram.com/gamjihye""target=""_blank"" title=""새창 : 옛정 인스타그램으로 이동"">http://instagram.com/gamjihye</a>",129.2493088205,35.8410549117,2840380,39,
2840332,우렁각시쌈밥,http://tong.visitkorea.or.kr/cms/resource/28/2840328_image2_1.jpg,,경상북도 경주시 삼릉2길 21,,,,"우렁각시쌈밥은 경상북도 경주시 배동에 위치한 한식당이다. 한옥으로 이루어져 있어서 외관은 고풍스럽고 내부는 차분한 느낌이다. 대표 메뉴는 우렁이 강된장 쌈밥이다. 우렁이 강된장 제육쌈밥, 우렁이 강된장 제육 우렁이 회무침 쌈밥도 별미다. 들국화 동동주 등도 맛볼 수 있다. 신선한 쌈채소도 종류가 다양하고 셀프코너에서 리필이 가능해 건강한 식사를 할 수 있다. 주말에는 웨이팅이 있을 수 있으니 참고하고 방문해야 한다.-",,129.2042084477,35.7977756118,2840332,39,
2840246,첨미,http://tong.visitkorea.or.kr/cms/resource/37/2840237_image2_1.jpg,,경상북도 경주시 양정로328번길 11 1층,,,,‘첨미’는 중국어로 ‘유쾌하고 즐겁다’라는 의미이다. 경상북도 경주시 용강동에 위치한 첨미는 항상 유쾌하고 즐거운 마음으로 음식을 만들며 정성을 다해 손님들에게 건강한 맛을 전달한다. 고창직송 동죽과 각종 버섯과 야채를 곁들인 우사골 육수 베이스의 짬뽕과 고기와 양파만으로 볶아내고 물을 넣지 않은 진한 짜장맛의 짜장면이 대표메뉴이다. 또한 2인이상 주문이 가능한 점심특선도 인기가 많다. 이외에도 다양한 중화요리와 코스요리도 준비되어 있다.,"<a href=""https://www.instagram.com/tianmei_chum/"" target=""_blank"" title=""새창 : 첨미 인스타그램으로 이동"">https://www.instagram.com/tianmei_chum/</a>",129.2247381386,35.8625464652,2840246,39,
2838936,나이프,http://tong.visitkorea.or.kr/cms/resource/31/2838931_image2_1.jpg,,경상북도 경주시 동해안로 1858-4,,,,"나이프는 경상북도 경주시 감포읍 나정리에 있다. 경주 앞바다를 조망할 수 있는 위치에 있어서 많은 사람의 발길이 모인다. 대표 메뉴는 아메리카노이며 이 밖에 카페라떼, 바닐라라떼, 연유라떼, 수제카라멜라떼, 나이프시나몬 등도 맛볼 수 있다. 동경주 IC에서 가까운 거리에 있으며 주변에 나정항, 나정고운모래해변 등이 있어 연계 관광에 나서기 수월하다.","<a href=""https://www.instagram.com/cafe_naif/""target=""_blank"" title=""새창 : 나이프 인스타그램으로 이동"">https://www.instagram.com/cafe_naif/</a>",129.495030904,35.7740643525,2838936,39,
2838821,고도 커피,http://tong.visitkorea.or.kr/cms/resource/92/2838792_image2_1.jpg,,경상북도 경주시 손효자길 22,,,,"고도 커피는 경상북도 경주시 황남동에 있다. 대릉원 돌담길 옆에 있는 한옥 카페로 분위기가 좋아 많은 사람이 찾는다. 대표 메뉴는 카페에서 직접 로스팅한 원두로 내린 아메리카노와 크림샤워다. 이 밖에 카페라떼, 바닐라라떼, 딸기라떼, 피치자몽티, 핸드드립커피 등도 맛볼 수 있다. 경주 IC에서 가깝고 인근에 첨성대를 비롯해 황리단길, 경주교촌한옥마을, 동궁과 월지가 있다. 실내는 노키즈존으로 운영된다.","<a href=""https://www.instagram.com/kodocoffeebar/""target=""_blank"" title=""새창 : 고도 커피바 인스타그램으로 이동"">https://www.instagram.com/kodocoffeebar/</a>",129.2104567581,35.8379573053,2838821,39,
2838992,라플레르,http://tong.visitkorea.or.kr/cms/resource/89/2838989_image2_1.jpg,,경상북도 경주시 알천북로 421-11,,,,"라플레르는 경상북도 경주시 동천동에 있다. 고풍스러운 느낌의 외관과 깔끔한 인테리어가 눈에 띄는 곳이다. 대표 메뉴는 아메리카노이며, 카페라테, 바닐라라테, 카페모카, 더치커피, 더치라테 등도 맛볼 수 있다. 이 밖에 한식 요리로 구성된 브런치 메뉴도 인기가 많다. 경주 IC에서 가깝고 인근에 첨성대, 보문관광단지, 경주CC 등 경주의 내로라하는 관광지가 빼곡하다.",,129.2431259914,35.8423713129,2838992,39,
2838676,"35mm",http://tong.visitkorea.or.kr/cms/resource/69/2838669_image2_1.jpg,,경상북도 경주시 후동길 11-13,,,,"35mm는 경상북도 경주시 양남면에 있는 베이커리 카페이다. 현대적인 감각의 웅장한 건물은 A, B, C동으로 나뉘어 있으며 내부는 사방을 통유리로 되어 있어 호수와 바다를 바라보며 브런치, 베이커리, 음료를 즐길 수 있다. 또한 반려동물은 야외 공간에 동반이 가능하다.","<a href=""https://www.instagram.com/35milli_meter/""target=""_blank"" title=""새창 : 35mm 인스타그램으로 이동"">https://www.instagram.com/35milli_meter/</a>",129.4635251871,35.681663047,2838676,39,
2730666,전원일기오토캠핑장,http://tong.visitkorea.or.kr/cms/resource/05/2730705_image2_1.jpg,,경상북도 경주시 산내면 문복로 590-7 6,,,,"전원일기 오토캠핑장은 경북 경주시 산내면에 자리했다. 경주시청을 기점으로 46㎞가량 떨어졌다. 사이트 구역에 따라 계곡과 인접한 곳, 수영장과 가까운 곳, 수목이 울창한 곳 등이 있으므로 개인 취향에 맞게 선택하면 된다. 개인 카라반과 트레일러 동반 입장이 가능하며 반려동물은 소형견에 한해 출입을 허용한다. 단, 목줄 착용은 필수다.","<a href=""https://cafe.naver.com/pensionjw"" target=""_blank"" title=""새창 : 전원일기오토캠핑장 네이버카페로 이동"">https://cafe.naver.com/pensionjw</a>",129.0508223058,35.6844605126,2730666,28,
2726679,문복산캠핑장,http://tong.visitkorea.or.kr/cms/resource/25/2727025_image2_1.jpg,,경상북도 경주시 산내면 문복로 333-199,,,,"문복산 캠핑장은 경북 경주시 산내면에 자리 잡고 있다. 경주시청을 기점으로 도착까지 소요되는 시간은 1시간 안팎이다. 문복산 기슭에 터를 잡은 덕분에 청정한 자연의 이로움을 마음껏 만끽할 수 있다. 계절마다 변하는 풍광이 두 눈을 즐겁게 해 준다. 캠핑장에는 일반 야영장 70면을 마련했다. 파쇄석 50면은 가로 10m 세로 7m, 데크 20면은 가로 6m 세로 6m로 이뤄졌다. 오후 10시부터 오전 7시까지 매너 모드, 밤 12시부터는 취침 모드다. 3팀 초과 예약이 불가능하며 한 사이트 당 어른 2명, 어린이 2명, 차량 1대를 기준으로 한다. 전 구역 해먹 설치가 불가능하며 흡연은 정해진 구역에서만 가능하다. 캠핑장 주변에 국립 운문산 자연휴양림, 가지산 도립공원 등이 있어 연계 관광이 용이하다.","<a href=""http://www.munbok.co.kr/"" target=""_blank"" title=""새창 : 문복산 문두리 캠핑장 홈페이지로 이동"">http://www.munbok.co.kr/</a>",129.0515006947,35.6605632189,2726679,28,
2734180,용천수캠핑장,http://tong.visitkorea.or.kr/cms/resource/44/2735744_image2_1.JPG,,경상북도 경주시 마동큰마을5길 13-14 (마동),,,,"경주 마동큰마을에 조성된 곳으로 접근성이 좋고, 불국사 인근 경주 유적지 탐방하기에도 좋은 위치에 있다. 텐트 없이 당일 피크닉도 즐길 수 있는 자유로운 캠핑장이다. 물놀이를 위한 수영장, 보트를 타고 놀 수 있는 보트장 등 아이들이 즐길 수 있는 시설들이 준비되어 있다.","<a href=""https://cafe.naver.com/kyeongjutent"" target=""_blank"" title=""새창 : 용천수캠핑장 홈페이지로 이동"">https://cafe.naver.com/kyeongjutent</a>",129.3078691536,35.785915018,2734180,28,
133967,수석정,http://tong.visitkorea.or.kr/cms/resource/89/3034189_image2_1.jpg,,경상북도 경주시 내리길 41,,,,"경주 수석정은 경주박물관 근처에 위치한 한정식집이다. 경주의 대표적인 한정식집으로 유기그릇에 담긴 따뜻한 숭늉을 시작으로 전복죽, 떡갈비, 궁중잡채 등 정성 어린 손맛이 가득한 한정식을 맛볼 수 있다. 수석정 내부에는 한국 고유의 미를 살린 액자와 병풍, 수석들로 가득 차 있어 멋을 더한다.",,129.2373075313,35.8257119723,133967,39,
2736673,향화정,http://tong.visitkorea.or.kr/cms/resource/47/2736847_image2_1.jpg,,경상북도 경주시 사정로57번길 17 (사정동),,,,"향화정은 경주 황리단길에 있다. 경주 육회비빔밥, 꼬막무침 비빔밥, 해물파전, 경주물회 등을 맛볼 수 있다. 육회비빔밥은 신선한 육회와 고소한 맛이 일품이며 해물파전은 풍부한 해물 재료가 들어가 바삭하다 정평이 나있다. 음식점에는 전용 주차장이 없음으로 주변 공용 주차장이나 경주공원고등학교 갓길에 주차해야 한다. 국립경주박물관 등 경주의 유명 관광지가 많다.","<a href=""https://www.instagram.com/hyanghwajung_gj/""target=""_blank"" title=""새창: 향화정 인스타그램으로 이동"">https://www.instagram.com/hyanghwajung_gj/</a>",129.2092124194,35.8380794903,2736673,39,
2736660,한우리가든,http://tong.visitkorea.or.kr/cms/resource/36/2736836_image2_1.jpg,,경상북도 경주시 숲머리길 218 (보문동),,,,"한우리가든은 한우 전문 음식점으로 명활산성 아래 있다. 대표 메뉴는 한우 육회비빔밥이다. 이 밖에 한우 물회, 한우 떡갈비 정식, 명품한우 갈빗살 등을 맛볼 수 있다.음식점 주변에는 경주동궁원, 경주보문관광단지 등이 있어 연계 관광이 용이하다.",,129.2589911875,35.8451851844,2736660,39,
128811,더케이경주호텔 스파온천,http://tong.visitkorea.or.kr/cms/resource/33/3037333_image2_1.jpg,,경상북도 경주시 엑스포로 45 (신평동),,,,"더케이경주호텔 스파온천은 신라 천년고도 경주 보문관광단지 내에 위치한 호텔이다. 호텔은 2001년 6월에 개장하였으며 스파월드는 사우나, 노천탕, 헬스, 수영장 등의 시설이 있다. 자체 개발한 온천수는 지하 630m에서 용출되는 100% 천연 온천수로 1일 900톤의 풍부한 온천자원을 보유하고 있으며 높은 온도와 구성 암석의 용해 및 유화수소의 혼입으로 천연 나트륨, 염소, 유화 성분이 함유된 천연 알칼리성 온천으로 유명하다. 또한 장치를 통하여 물속의 중금속과 불순물을 제거하여 류머티즘, 신경통, 근육통,  피부병, 노화 방지에 효험이 있는 것으로 알려져 있다.","<a href=""https://www.thek-hotel.co.kr/gjmh/facilties/facilities1.do "" target=""_blank"" title=""새창: 더케이경주호텔 홈페이지로 이동"">https://www.thek-hotel.co.kr</a>",129.2909580639,35.8370478188,128811,12,
2736691,영양숯불갈비 경주점,http://tong.visitkorea.or.kr/cms/resource/66/2736766_image2_1.jpg,,경상북도 경주시 봉황로 79 (서부동),,,,영양숯불갈비 경주점은 50년 가까이 영업해 온 한우 숯불구이 전문점이다. 12시간 저온 냉장 숙성을 시킨 한우를 구워 먹는 곳으로 주문과 동시에 양념장을 넣고 무쳐서 내어주는 한우 갈빗살 양념구이가 별미다. 갈비살과 치마살 등 한우의 다양한 부위를 양념구이와 소금구이로 즐길 수 있다.,,129.2100009943,35.8466452045,2736691,39,
2603674,문화공간 진,,,경상북도 경주시 동성로 83 (노서동),,,,"문화공간 진은 경주 중앙시장 도보 200m, 경주터미널 도보 15분, 황리단길 도보 5분 거리에 위치해있다. ㄱ’자 모양의 대문채와 ‘ㅡ’자 모양의 안채가 마주 보고 있는 사이로 아담한 마당이 특징인 한옥이다. 신라문화를 담는 민화그리기는 초급 3만원, 고급 4만원의 가격으로 체험 할 수 있다. 맛집과 명소가 가득한 여행을 원한다면 추천한다.",,129.2072456836,35.8465451636,2603674,32,
3470541,넘버25 호텔 경주터미널점,,,경상북도 경주시 금성로259번길 17 (노서동),,,,,,129.2052182485,35.8407568904,3470541,32,
3453929,경상북도교육청 발명체험교육관,http://tong.visitkorea.or.kr/cms/resource/96/3453896_image2_1.JPG,,경상북도 경주시 첨성로 97 (황남동),,,,"경상북도교육청 발명체험교육관은 경주시 황남동에 위치한 교육기관으로, 창의적 발명 교육과 체험을 통해 학생들의 창의력과 융합적 사고를 키우는 것을 목표로 한다.  다양한 체험 프로그램과 전시를 제공하며, 미래 인재 양성을 위한 교육의 장으로 활용되고 있다.",,129.2129927767,35.8333745372,3453929,12,
3442528,신라고분정보센터,,,경상북도 경주시 봉황로 23 (노서동),,,,"신라고분정보센터는 경주시 황남동에 위치한 역사 체험 및 관광 안내 시설로, 신라 고분에 대한 정보를 제공하고, 신라의 역사와 문화유산을 배울 수 있는 공간이다.",,129.2100372454,35.8416263274,3442528,14,
3456352,르씨엘,http://tong.visitkorea.or.kr/cms/resource/94/3454794_image2_1.JPG,,경상북도 경주시 흥무로 155 (석장동),,,,"경주 르씨엘은 웅장한 외관과 함께 지하 1층부터 루프탑까지 다양한 공간을 제공하는 대형 베이커리 카페다. 지하에는 아늑한 분위기의 공간이, 1층에는 빵과 음료를 즐길 수 있는 공간, 2층에는 조용히 책을 읽거나 이야기를 나눌 수 있는 공간, 루프탑에는 탁 트인 전망을 감상하며 휴식을 취할 수 있는 공간 등 다양한 테마의 공간이 마련되어 있다. 벚꽃 시즌에는 흥무로 벚꽃길과 함께 아름다운 풍경을 자랑하며, 많은 사람들이 벚꽃 구경을 위해 방문하는 곳이기도 하다.",,129.1975880788,35.8506861814,3456352,39,
2736677,늘봄떡갈비쌈밥,http://tong.visitkorea.or.kr/cms/resource/15/2736915_image2_1.jpg,,경상북도 경주시 보불로 107 (하동),,,,"늘봄떡갈비쌈밥은 20여 년의 역사를 가진 쌈밥 전문점이다. 건강하고 차별화된 음식을 위하여 메주부터 장까지 직접 담가 사용한다. 불국사역으로부터 3.3㎞가량 떨어져 있다. 대표 메뉴는 우렁솥밥정식이다. 이 밖에 소불고기 우렁쌈밥, 제육볶음 우렁쌈밥 등을 판다. 모든 메뉴는 포장해 갈 수 있다. 음식점 내부에는 단체석이 있으며 예약도 가능하다. 
주변에는 세계문화유산 석굴암을 비롯해 불국사, 첨성대 등 경주의 유명 관광지가 많다.",,129.3131156906,35.7938364463,2736677,39,
3458285,서라애,http://tong.visitkorea.or.kr/cms/resource/16/3455616_image2_1.JPG,,경상북도 경주시 엑스포로 80 (천군동),,,,"서라애는 단순한 카페를 넘어, 아이들과 함께 역사와 문화를 체험할 수 있는 특별한 공간이다. 신라 금관 만들기, 첨성대 무드등 만들기 등 다양한 체험 프로그램을 통해 아이들에게 역사를 친근하게 알려주는 매력이 있다. 맛있는 쿠키와 음료를 즐길 수 있으며, 특히 신라 역사를 담은 쿠키 만들기 체험은 아이들에게 인기가 많다.",,129.2898971157,35.8346008526,3458285,39,
1963773,경주 마우나오션 리조트,http://tong.visitkorea.or.kr/cms/resource/99/3037399_image2_1.jpg,,경상북도 경주시 양남면 동남로 1021,,,,"경주 마우나오션 리조트는 숙박시설과 다이닝, 그리고 휴양문화시설을 모두 갖춘 곳이다. 동대산 고지에 자리 잡고 있어 동해바다가 내려다보이는 가족 중심형 휴양형 리조트로, 골프장, 블루워터 등 다양한 시설을 갖추고 있다. 숙소는 빌라형과 별장형으로 구성되어 있다. 특히, 물놀이를 할 수 있는 워터파크와 키즈존은 자녀를 동반한 가족 여행객들에게 인기가 많다. 무엇보다 대다수의 경주 유명 관광지에 차로 40분 이내면 닿을 수 있어, 휴식과 관광을 모두 편안하게 즐길 수 있는 곳이다.","<a href=""https://www.maunaoceanresort.co.kr/"" target=""_blank"" title=""새창 : 마우나오션 리조트 홈페이지로 이동"">www.maunaoceanresort.co.kr</a>",129.3695944386,35.6838693516,1963773,12,
131830,경주보문실탄사격장,http://tong.visitkorea.or.kr/cms/resource/93/3030593_image2_1.jpg,,경상북도 경주시 보문로 424-11 (신평동),,,,"보문관광단지 안에 있는 경주보문관광실탄사격장은 우리나라에서 쉽게 접할 수 없었던 권총들을 수입, 구비하여 누구나 쉽게 권총사격을 경험할 수 있는 실내사격장이다. 분리된 사격장과 대기실, 간단한 총기류와 사진, 포스터를 전시한 공간이 있고 장난감 총을 들고 사진을 찍는 포토존이 설치되어 있다. 총기 사용 전 안전 수칙을 충분히 숙지한 후, 직접 실제 총기로 과녁을 맞히며 스트레스를 날리고 쾌감을 느낄 수 있는 이색체험장이다.",,129.2863888209,35.8440219452,131830,28,
3469628,첨성대하우스,,,경상북도 경주시 화랑로38번길 12 (성건동),,,,"저희 펜션 첨성대 하우스를 찾아주셔서 감사합니다. 2017년 12월 준공하여 영업중 입니다. 최고의 청결과 최상의 서비스로 고객님을 모시고자 합니다. 
침구 추가시 25명까지 숙박가능합니다.
독채만 예약 받습니다.
최고의 청결과 최상의 스비스로 비대면으로 고객님을 모시고 있습니다.
바로 옆 최대 16인까지 예약가능한 오피스텔형 시설도 함께 운영하고 있습니다. 
전화문의 해주시면 친절한 상담 도와드리겠습니다",https://csdgh.modoo.at/,129.204673765,35.8437954261,3469628,32,
3469475,비치호텔,,,경상북도 경주시 양남면 양남로 297,,,,양남 주상절리,,129.4625450111,35.6713669654,3469475,32,
133970,석하한정식,,,경상북도 경주시 흥무로 51-14,,,,‘석하한정식’은 경북 경주시에 위치한 한정식 식당이다. 매장 외부는 현대식 기외집으로 메뉴와 조화를 잘 이루는 고풍스러운 분위기를 풍긴다. 매장 내부는 좌식과 입식 테이블이 구성되어 있어 취향껏 원하는 자리에 앉을 수 있다. 메뉴는 점심특선부터 여러 코스메뉴가 준비되어 있다. 이곳은 전용 주차장이 마련되어 있어 주차 걱정 없이 편안하게 식사가 가능하다.,,129.1953552292,35.8405567268,133970,39,
1827807,석거돈,,,경상북도 경주시 외동읍 산업로 2838,,,,경주시 외동읍에 있는 석거돈은 낙지전문점이다. 석거돈은 ‘석거’라는 낙지의 한자어와 돼지 돈의 합성어로 낙지와 돼지고기를 섞은 두루치기다. 반찬으로 나오는 계란찜과 함께 비벼 먹으면 별미이다. 테이블 회전이 빠르고 오가는 손님이 많은 로컬 음식점이다.,,129.3133943042,35.7636509662,1827807,39,
3444369,파라안 안강,http://tong.visitkorea.or.kr/cms/resource/35/3444135_image2_1.JPG,,경상북도 경주시 안강읍 안강중앙로 32,,,,"안강 파라안 카페는 다양한 음료와 베이커리 메뉴를 즐길 수 있는 편안한 공간으로, 모든 손님들에게 특별한 경험을 제공합니다. 층별로 차별화된 공간 구성과 세심한 배려가 돋보이며, 애견 동반 고객과 가족 단위 손님들도 안심하고 방문할 수 있는 환경을 갖추고 있습니다.",,129.2038500522,35.9956976892,3444369,39,
2603652,경주한옥,,,경상북도 경주시 도초길 124-31 (율동),,,,"은은한 소나무 향이 기분 좋은 황토 집 천 년의 역사를 간직한 경상북도 경주시의 신축 한옥으로, 경주의 대표적인 관광지인 남산 삼릉과 포석정, 오릉에 인접해 있다. 전통 한옥 목수 자격이 있는 목수가 정성을 들여 지은 집인 만큼 하나하나 허투루 한 것이 없다. 전통적인 건축 방식 그대로 볏짚을 썰어 넣고, 황토로 맞벽을 쳤다. 미장 시에는 닥풀을 황토에 개어 발랐기 때문에 아토피에도 매우 좋다. ",www.gjhanok.kr,129.1942924649,35.8042969107,2603652,32,
2663065,휴휴당,,,경상북도 경주시 첨성로99번길 25-10 (황남동),,,,"1970년대 한옥을 수리한 모던 한옥 스테이이다.",,129.2122761125,35.8355131713,2663065,32,
2576540,풍정(풍정게스트하우스),http://tong.visitkorea.or.kr/cms/resource/89/2576289_image2_1.jpg,,경상북도 경주시 원효로272번길 5 (구황동) 9호,,,,풍정은 60년대에 지어진 한옥을 개조하여 만들어졌다. 소박하고 소담스러우며 정겨운 느낌을 간직할 수 있는 숙박업소이다.,http://stillwind.co.kr/,129.2307854513,35.8407851479,2576540,32,
2814160,불국사한옥팜스테이,http://tong.visitkorea.or.kr/cms/resource/33/2813933_image2_1.jpg,,경상북도 경주시 진티길 5-52,,,,"불국사한옥팜스테이는 ‘생에 첫 수학여행’ TV 프로그램 촬영지로, 불국사 숙소이자 글램핑 장소다. 한옥 객실은 총 5개로 객실에 따라 복층, 황토방이 있고, 글램핑장은 총 4개가 있다. 숙박과 함께 과일농장체험도 할 수 있고, 족구장, 수목원 등 즐길 거라가 많아 함께 온 이들과 소중한 추억을 쌓기에도 좋다. 주변에 불국사, 석굴암, 보문관광단지 등 다양한 관광지가 있어 편리하게 여행을 즐길 수 있다.","<a href=""http://불국사한옥.com/"" target=""_blank"" title=""불국사한옥팜스테이(으)로 이동"">http://불국사한옥.com</a>",129.3281424622,35.7829935089,2814160,32,
2762860,교동쌈밥,http://tong.visitkorea.or.kr/cms/resource/46/2762946_image2_1.jpg,,경상북도 경주시 첨성로 77 (황남동),,,,"교동쌈밥은 경북 경주시 황남동에 자리 잡고 있다. MBC 프로그램 <생방송 오늘 저녁>에 출연한 바 있다. 대표 메뉴는 돼지 불고기 쌈밥, 오리 불고기 쌈밥, 한우 불고기 쌈밥 등 쌈밥 종류다. 이 밖에 6부촌 육개장, 곤달비 비빔밥을 판다. 내부에는 단체석이 마련되어 있으며, 예약도 가능하다. 부근에 첨성대, 대릉원이 있다.",,129.2105874345,35.833285613,2762860,39,
2736388,신라 월성대군 단소,,,경상북도 경주시 내남면 포석로 534-1,,,,"신라 월성대군 단소는 월성 박 씨의 후손 11위를 모신 곳으로 2005년 월성 박 씨 대종회가 조성했다. 월성대군은 신라 박혁거세의 29대손 경명왕의 8번째 왕자 박언의를 일컫는다. 박언의는 월성대군에 봉해졌을 당시부터 월성 박 씨의 시조가 된 인물이다. 신라 월성대군 단소엔 넓은 잔디와 다양한 식물과 나무가 어우러져 있어 여유롭게 산책이 가능하고 첨성대를 비롯해 경주 교촌한옥마을, 동궁과 월지 등이 가까이 있어 연계 관광도 용이하다.",,129.2054169251,35.7889821817,2736388,12,
2531357,경주한옥1번가,http://tong.visitkorea.or.kr/cms/resource/15/3021415_image2_1.jpg,,경상북도 경주시 천원1길 20 (탑동),,,,"한옥1번가 한옥펜션은 고즈넉한 신라 천년의 고도가 느껴지는 한옥이다. 월정교 야경 관람에 적합한 위치다. KBS 예능프로그램 <슈퍼맨이돌아왔다> 272회 촬영지로 인테리어, 분위기가 검증된 숙소이다.","<a href=""http://hanok1st.co.kr/"" target=""_blank"" title=""새창 : 한옥1번가 홈페이지로 이동"">http://hanok1st.co.kr/</a>",129.2131318712,35.8257226259,2531357,32,
2840804,카페솔,http://tong.visitkorea.or.kr/cms/resource/94/2840794_image2_1.jpg,,경상북도 경주시 포석로1092번길 62-8 1층,,,,"카페솔은 경상북도 경주시 황남동에 있는 한옥 카페이다. 정원이 갖추어져 있으며, 반려동물과 함께 입장할 수 있다. 내부에는 단체석이 마련되어 있어 각종 모임을 하기 좋다. 대표 메뉴는 아메리카노다. 이 밖에 솔라테, 카페라테, 바닐라라테, 아인슈페너, 레몬민트티 등을 맛볼 수 있다. 주차장이 없기 때문에 경주대릉원 공영주차장을 이용해야 한다. 경주 IC에서 가깝고, 인근에 황리단길, 팔우정해장국거리, 첨성대가 있다.","<a href=""https://instagram.com/sol_gyeongju""target=""_blank"" title=""새창 : 카페솔 사이트로 이동"">https://instagram.com/sol_gyeongju</a>",129.2146148017,35.8353215698,2840804,39,
2761925,아델리아,http://tong.visitkorea.or.kr/cms/resource/60/2799060_image2_1.jpg,,경상북도 경주시 하동분접안길 14-13 (하동),,,,"경주 보문단지에 위치한 글램핑장이다. 넓고 푸른 잔디정원이 있는 풍경으로 자연 속에서 힐링할 수 있다. 또한 워터슬라이드 수영장, 키즈테마 등 다양한 시설을 갖추어 가족, 연인이 함께 즐기기에도 좋다. 가까운 거리에 경주월드, 불국사, 첨성대, 황리단 길 등이 있어 주변 경주 유명 관광도 즐길 수 있다.","<a href=""http://www.adellia.co.kr/"" target=""_blank"" title=""새창 : 아델리아 사이트로 이동"">http://www.adellia.co.kr</a>",129.305488219,35.8065182051,2761925,28,
3453492,경주중앙도서관,http://tong.visitkorea.or.kr/cms/resource/71/3453271_image2_1.JPG,,경상북도 경주시 금성로 236 (사정동),,,,"경주중앙도서관은 경상북도 경주시에 위치한 공립 도서관으로, 1953년에 개관하였다. 중앙일보가 경주시에 기증한 이 도서관은 버스터미널과 대릉원 사이에 위치해 있으며, 1층 규모의 건물로 열람실과 종합자료실이 있다.",http://library.gyeongju.go.kr/,129.2072931267,35.8386210597,3453492,14,
1972397,주식회사 황남관,http://tong.visitkorea.or.kr/cms/resource/06/2635706_image2_1.jpg,,경상북도 경주시 포석로 1038,,,,"황남관은 황리단길 근처에 위치한 한옥 호텔이다. 첨성대, 안압지까지 도보로 이동 가능하다. 히어로키즈파크 방문 시 입장료 30% 할인권을 증정하고, 한복 무료 체험이 가능하다. 객실 당 사진 인화 1장이 무료이므로 투숙객이라면 체험을 추천한다.",http://www.hanokvillage.co.kr,129.2096180636,35.8337077694,1972397,32,
2607653,오람정,,,경상북도 경주시 내남면 내남로 393-62,,,,세이프스테이 사이트에 등록되어있지않음,,129.183655203,35.7798022515,2607653,32,
2569552,셔블,http://tong.visitkorea.or.kr/cms/resource/78/2567078_image2_1.jpg,,경상북도 경주시 포석로1092번길 26-1 (황남동),,,,황남동 역사문화지구내 전통 한옥이다. 도보로 유적지 여행이 가능하다.,"<a href=""https://booking.naver.com/booking/3/bizes/260830""target=""_blank"">https://booking.naver.com/booking/3/bizes/260830<a/>",129.2115428065,35.836815788,2569552,32,
2701396,서남산한옥,,,경상북도 경주시 내남면 포석로 435-12,,,,첨성대에서 15분거리에 있는 신상 2층한옥 펜션으로 경주국립공원 남산앞에 있다. 각각의 객실마다 특색있고 감각적인 컨셉으로 꾸며놓았다.,"<a href=""http://www.wnamsan.com/default/""_blank"">http://www.wnamsan.com/default/</a>",129.2045588973,35.7808636366,2701396,32,
2604344,락희원,,,경상북도 경주시 포석로1050번길 43 (황남동),,,,경상북도 경주에 위치한 락희원은 전통한옥민박으로 황토방을 이용할 수 있다.,www.luckywon.kr,129.2120149707,35.8373712898,2604344,32,
2700309,경주읍성한옥,,,경상북도 경주시 봉황로116번길 14-3 (북부동),,,,"경주읍성 한옥은 경주 읍성내 있으며 읍성 안 계림초등학교 서편에 위치하여 어린 시전을 추억할 수 있는 곳이다. 건축 및 마감자재는 친환경자재를 기본으로 하고 넘어져도 심하게 다치지 않는 시설로 하기 위해 자재는 나무, 흙, 황토를 주재료로 사용하였다.",,129.2115257778,35.8495671257,2700309,32,
2662883,경주 오릉 한옥,,,경상북도 경주시 국당1길 15-1 (사정동),,,,천년고도 경주의 문화재인 오릉 뷰의 고즈넉한 한옥을 즐길 수 있다.,"<a href=""https://m.place.naver.com/accommodation/38410137/room?entry=plt&businessCategory=guesthouse",129.2075018128,35.8255836465,2662883,32,
2604602,경주 교동한옥집,,,경상북도 경주시 천원안길 21-6 (교동),,,,"가까운 월정교, 교촌 한옥 마을 도보 5분 거리에 위치하고 있으며 유아, 어린이들이 놀 수 있는 마당이 있다.",,129.2117818994,35.8289194614,2604602,32,
3106623,원화루,,,경상북도 경주시 포석로 828-21 (배동),,,,"경주 포석로에 위치한 원화루는 전통 한옥방식에 현대적 인테리어가 조화를 이루는 한옥스테이다. 객실은 총 5개로 커플룸과 가족룸으로 구성되어 있고, 객실 내부에는 방과 화장대, 욕실이 있다. 안전을 위해 도어락이 설치되어 있다. 입구쪽 카페에서는 커피나 차, 음료를 무료로 이용할 수 있다. 조식으로 토스트, 제철과일, 샐러드, 구운계란, 음료를 제공한다. 황리단길, 첨성대, 동굴과월지 등 주요 명소가 차량 5분 이내 거리에 있다.","<a href=""https://blog.naver.com/alsldkdl1201"" target=""_blank"" title=""원화루(으)로 이동"">https://blog.naver.com/alsldkdl1201/</a>",129.2114101261,35.8142822173,3106623,32,
3102224,경주힐스,,,경상북도 경주시 도초길 104-129 (율동) 경주힐스,,,,"경주힐스는 경주 율동 도초마을언덕에 위치한 감성 독채 펜션으로, 화이트톤 벽면에 편안한 느낌의 감각적인 인테리어를 매치해 아늑한 공간을 제공한다. 객실은 총 3개로, 일반 객실 2곳은 복층 구조로 침대방 2개 거실, 화장실, 자쿠지로 구성되어 있고 개별 테라스에서 바베큐를 할 수 있다. 카라반 객실은 퀸 침대, 2층 침대, 주방, 야외 바베큐장으로 구성되어 있다. 숙소가 언덕 위에 있어 달빛 아래 경주 야경을 한눈에 감상할 수 있다.","<a href=""https://gyeongjuhills.imweb.me/"" target=""_blank"" title=""경주힐스(으)로 이동"">https://gyeongjuhills.imweb.me//</a>",129.1939926022,35.8003695699,3102224,32,
3112142,위클라드 애견 풀빌라,,,경상북도 경주시 외동읍 죽동길 160-100,,,,위클라드는 반려견과 함께 즐길 수 있는 풀빌라 독채 펜션입니다.,www.weclard.com,129.3065788728,35.7412033678,3112142,32,
3106613,화랑루,,,경상북도 경주시 포석로 828-11 (배동),,,,"경주 포석로에 위치한 화랑루는 그림같은 전망과 탁 트인 잔디마당, 툇마루가 힐링을 가져다주는 신축 한옥스테이다. 객실은 천마총룸, 안압지룸, 월정교룸, 분황사룸, 불국사룸, 석굴암룸, 첨성대룸 총 7개로, 모든 객실은 방, 파우더룸, 화장실로 구성되어 있고 트인 전망을 자랑한다. 조식으로 토스트와 제철과일, 샐러드, 구운계란, 음료를 제공한다. 주차장이 넓고, 황리단길, 첨성대,동궁과월지 등 주요 명소가 차량 7분 이내 거리에 있다.","<a href=""https://hwarangroo.modoo.at/"" target=""_blank"" title=""화랑루(으)로 이동"">https://hwarangroo.modoo.at//</a>",129.2111240395,35.8142766579,3106613,32,
3102073,오원 스테이,,,경상북도 경주시 사정로50번길 3-4 (사정동),,,,"경주 황리단길 중심에 위치한 오원스테이는 나의 작은 정원이라는 뜻으로, 조용하면서도 프라이빗하게 온전히 쉼을 누릴 수 있는 독채 한옥 공간이다. 실내는 아늑하고 포근한 침실, 다도와 빔프로젝트가 있는 작은 방, 부엌으로 구성되어 있다. 대나무의 사각거리는 소리와 함께 불멍을 하거나 야외 자쿠지에서 하루의 피로를 녹이며 가족, 연인, 친구와 도란도란 힐링의 시간을 가질 수 있다. 조식으로 주먹밥과 샐러드가 제공된다.","<a href=""http://o-won.kr/"" target=""_blank"" title=""오원 스테이(으)로 이동"">http://o-won.kr//</a>",129.20892916,35.8363491244,3102073,32,
2006523,눈으로 보고 마음으로 느끼는 경주 미술·박물관 여행,http://tong.visitkorea.or.kr/cms/resource/67/1615367_image2_1.jpg,,,,,,"경주에서 함께하는 문화여행 신라의 역사와 과학 기술을 알아볼 수 있는 신라역사과학관, 박물관, 미술관, 과학관으로 떠나는 문화여행. 눈으로 보고 마음으로 느끼는 경주의 미술·박물관 여행 코스.",,129.1936228454,35.8125237475,2006523,25,
1854224,불국토 남산에 올라 경주를 굽어보다,http://tong.visitkorea.or.kr/cms/resource/61/1200561_image2_1.jpg,,,,,,"경주 남산은 국립공원으로 지정되어 있을 뿐 아니라 “남산에 오르지 않고 경주를 논하지 말라”는 말이 있을 정도로 경주 문화유산답사의 필수 코스다. 오릉과 나정, 포석정, 삼릉을 거쳐 남산에 조성된 신라의 불국토를 하나씩 마주하며 정상에 오르게 된다. 불국정토를 염원한 신라인들이 천년에 걸쳐 다듬어낸 불교문화의 진수를 만나는 길이다.",,129.2075046626,35.8230644863,1854224,25,
126216,경주 석굴암 [유네스코 세계유산],https://tong.visitkorea.or.kr/cms/resource/69/3581269_image2_1.jpg,,경상북도 경주시 석굴로 238 (진현동),,,,"석굴암(국보)은 신라 경덕왕 10년에 당시의 재상인 김대성에 의해 창건되었다고 전해진다. 석굴암의 구조는 방형과 원형, 직선과 곡선, 평면과 구면이 조화를 이루며, 특히 벽 주위에 조각된 38체는 어느 것 하나 걸작이 아닌 것이 없고 전체적인 조화를 통해 고도의 철학성과 과학적인 면모를 나타내고 있다. 중앙에는 백색 화강암으로 된 여래좌상의 본존불이 동해를 굽어보고 있으며, 여래좌상이 바라보는 시선은 문무왕 수중왕릉인 봉길리 앞 대왕암을 향한다. 
수중왕을 수호하는 감은사터, 용이 된 문무왕을 보았다는 이견대가 대왕암 인근 해안에 있으며, 불국사와 석굴암은 1995년 12월 6일 해인사 팔만대장경과 종묘와 함께 유네스코 세계문화유산으로 공식 지정되어 보호되고 있다.
석굴암에서 바라보는 수평선 너머 붉은 해는 붉게 물든 하늘과 바다는 장관이다. 석굴암에서 해돋이 구경 후에는 토함산에서 바로 동해안으로 넘어가는 석장로가 1998년에 개설되어 쉽게 감포, 양북 앞바다로 갈 수 있어 전국 최고의 청정해역의 맛을 자랑하는 회를 즐기고 감은사지와 문무대왕릉을 관광하면 더욱 멋진 여행이 된다.",http://seokguram.org,129.3504717269,35.7952411789,126216,12,
2904191,양지식당,https://tong.visitkorea.or.kr/cms/resource/83/2904183_image2_1.jpg,,경상북도 경주시 교촌길 30,,,,"양지식당은 경상북도 경주시 황남동에 위치하고 있다. SBS 시사 교양 프로그램 에 소개되었던 곳이다. 깔끔한 외관과 고풍스러운 분위기를 연출하는 인테리어가 눈에 띈다. 내부에는 단체석이 마련되어 있어 각종 모임을 하기 좋다. 대표 메뉴는 쌀밥에 콩나물, 당근, 파, 팽이버섯, 김가루, 양념장을 넣어 비벼 먹는 콩나물밥이다. 오징어 등의 해산물을 넣고 노릇노릇하게 구운 파전도 인기가 많다.",,129.2140517373,35.8304529391,2904191,39,
126134,보문호,https://tong.visitkorea.or.kr/cms/resource_photo/48/3502048_image2_1.JPG,,경상북도 경주시 신평동,,,,"경주 보문관광단지 내에 조성된 1,652,900㎡(50만 평) 규모의 인공호수이다. 봄철 벚꽃구경 명소로 유명하며, 주변에 국제적 규모의 호텔, 리조트, 경주월드, 공원 등의 시설이 있어 많은 관광객이 방문하고 있다.
보문호수는 산책로가 잘 정비되어 있는데, 특히 보문호 주위의 버들나무 길을 따라 걷는 보문호반길이 유명하다. 탁 트인 호수를 바라보며 걸을 수 있는 약 8㎞의 구간이며, 한 바퀴 모두 둘러보는데 약 2시간이 소요된다. 산책로는 자전거, ATV등의 통행이 금지되기 때문에 안전하게 여유로운 산책을 즐길 수 있다.",,129.27,35.8447,126134,12,
2637847,발렌타인,https://tong.visitkorea.or.kr/cms/resource/03/4079903_image2_1.jpg,,경상북도 경주시 보문로 465-28 (신평동),,,,"발렌타인은 경북 경주시 보문관광단지에 위치한 숙소로 보문호수와 경주월드, 경주세계문화엑스포공원 등이 가까워 경주 여행의 거점으로 이용하기 좋다. 객실은 온돌과 침실 등 다양한 타입으로 구성되어 있다. 객실 테라스에서는 보문호수와 보문관광단지의 아름다운 전경을 감상할 수 있어 여유로운 휴식을 즐길 수 있다.
숙소에는 공용 취사장과 비즈니스실 등 편의시설을 갖추고 있으며 단체 여행객을 위한 회의 공간도 마련되어 있다. 근교에 공산성, 국립경주박물관, 대릉원, 첨성대 등 경주의 대표 관광지를 둘러볼 수 있으며 보문관광단지의 다양한 문화·관광시설과도 가까워 관광과 휴식을 함께 즐기기에 적합하다.",,129.2912154591,35.8407606007,2637847,32,
2989036,경주대릉빵,https://tong.visitkorea.or.kr/cms/resource/26/3578326_image2_1.jpg,,경상북도 경주시 태종로 712 (사정동),,,,"경주대릉빵은 부드럽고 촉촉한 치즈수플레이다. 대표 메뉴인 플레 대릉빵은 봉긋한 고분의 모양을 그대로 살렸다. 카스테라와 치즈케이크의 중간 식감으로 누구나 좋아할 디저트이다. 녹차와 딸기, 초코, 메론 등 다양한 맛이 준비되어 있고, 함께 판매하고 있는 수제소스, 우유와 함께 먹으면 더욱 맛있다.",,129.20581424,35.8385781618,2989036,39,
3532990,더옐로우,,,경상북도 경주시 금성로196번길 5 (사정동),,,,"경주 황리단길 인근에 위치한 더옐로우펜션은 커플을 위한 감성적인 독채 펜션입니다. 전 객실이 독립형 구조로 설계되어 프라이빗한 휴식을 제공하며, 감각적인 인테리어와 루프탑, 감성 조명 등이 어우러져 로맨틱한 분위기를 연출합니다. 황리단길과 주요 관광지와도 가까워 여행의 거점으로도 안성맞춤이며, 커플은 물론 가족 단위 여행객에게도 따뜻한 휴식처가 되어줍니다.",https://gyeongju-theyellow.com,129.2076848625,35.8350214734,3532990,32,
2838913,궁상각치우,,,경상북도 경주시 용황구획4길 20-16 (용강동),,,,"궁상각치우는 경상북도 경주시 용강동에 있다. 닭 요리를 전문으로 요리하는 곳으로 경주뿐 아니라 전국 각지에서 찾아오는 사람이 많다. 대표 메뉴는 토종닭백숙이며, 이 밖에 삼계탕, 해물파전, 통낙지 불고기 전골, 산채비빔밥 등을 맛볼 수 있다. 토종닭백숙 등 일부 메뉴는 포장해 갈 수 있다. 경주 IC에서 가깝고, 인근에 첨성대를 비롯해 경주 교촌한옥마을, 동궁과 월지 등 경주의 유명 관광지가 빼곡하다.",,129.2256986269,35.8814137973,2838913,39,
2364620,빛으로 빛나는 경주의 야간투어 코스,http://tong.visitkorea.or.kr/cms/resource/19/179819_image2_1.jpg,,,,,,수학여행하면 먼저 떠오르는 경주는 신라의 문화와 역사가 잠들어있는 고고한 도시다. 그러나 경주의 밤은 잠들지 않는다. 밤에 가보면 더 아름다운 첨성대나 계림의 모습은 잊을 수 없는 추억이 될 것이다.,,129.2867249417,35.842641552,2364620,25,
1960694,"신라의 달밤을 걷는 길, 경주의 백미",http://tong.visitkorea.or.kr/cms/resource/58/775058_image2_1.jpg,,,,,,낮보다 아름다운 경주의 밤. 번잡한 길에서 벗어나 신라의 달밤을 걸으며 다양한 문화재를 만나보자.,,129.2226909569,35.867426431,1960694,25,
1853978,회재 이언적 선생의 자취를 찾아서,http://tong.visitkorea.or.kr/cms/resource/90/1075590_image2_1.jpg,,,,,,안동 하회마을과 함께 세계문화유산에 등재된 경주 양동마을은 오랜 역사와 전통을 간직한 곳이다. 옛 정취가 남아 있는 양동마을 고샅길을 따라 고즈넉한 산책을 즐기기에 제격이다. 조선시대 성리학자인 회재 이언적 선생의 자취가 남아 있는 옥산서원과 독락당까지 둘러보면 문화유산답사 코스로 더할 나위 없다.,,129.2549232252,35.9998815182,1853978,25,
2902567,훌림목,https://tong.visitkorea.or.kr/cms/resource/51/2902551_image2_1.jpg,,경상북도 경주시 포석로 1061-9,,,,"훌림목은 경상북도 경주시 사정동에 위치한 카페이다. 고풍스러운 한옥 외관과 세련된 분위기의 실내 인테리어가 조화를 이루며, 내부에는 단체석이 마련되어 있어 각종 모임 장소로 이용하기 좋다. 수플레를 전문으로 하는 곳으로 플레인 수플레를 비롯해 딸기 수플레, 티라미수 수플레, 딸기티라미수 수플레, 초코바나나 수플레 등 다양한 메뉴를 선보인다. 이 밖에 훌림목커피와 훌림목라떼, 브루잉커피, 콜드브루 등 여러 가지 커피 음료도 준비되어 있다. 계절 메뉴인 우유빙수와 망고치즈빙수도 함께 즐길 수 있다. 경주 IC에서 가깝고, 주변에는 첨성대와 국립경주박물관, 경주 교촌한옥마을 등 경주의 대표 관광지가 있어 함께 둘러보기 좋다.",,129.2091825945,35.8358466506,2902567,39,
2904216,엘가든,https://tong.visitkorea.or.kr/cms/resource/03/2904203_image2_1.jpg,,경상북도 경주시 보불로 123,,,,"엘가든은 경상북도 경주시 하동에 있는 카페다. 현대적인 감각이 돋보이는 외관과 세련된 분위기를 연출하는 인테리어가 눈에 띈다. 내부에는 단체석이 마련되어 있어 각종 모임을 하기 좋다. 야외에 마련된 좌석에는 반려견과 함께 머물 수 있다. 대표 메뉴는 생골드망고빙수며, 눈꽃밭빙수도 인기가 많다. 브라운치즈 크로플, 플레인 크로플 등 각종 디저트도 판다. 직접 로스팅한 원두로 만든 아메리카노 등 여러 가지 음료도 준비되어 있다. 동경주IC에서 가깝고, 주변에 석굴암, 불국사, 추억의 달동네가 있다.
※ 반려동물 동반 가능(목줄, 배변봉투 지참)",,129.3125074002,35.7953450986,2904216,39,
2904241,여미온 황리단길점,https://tong.visitkorea.or.kr/cms/resource/21/2904221_image2_1.jpg,,경상북도 경주시 첨성로81번길 22-12 1층,,,,"여미온 황리단길점은 경상북도 경주시 황남동에 위치하고 있다. 한옥으로 지어진 덕분에 외관에서 고풍스러운 멋이 풍긴다. 깔끔한 분위기를 연출하는 인테리어도 눈에 띈다. 대표 메뉴는 경주한우를 얇게 잘라 부쳐낸 고소한 육전과 육회비빔밥이다. 이 밖에 육회, 육회물비빔냉면, 양념 소갈비 비빔밥 등도 있다. 황리단길에는 먹거리와 볼거리가 다양한데 한옥을 테마로 한 카페들이 많고, 첨성대, 대릉원 등 문화재를 함께 관광하기 좋다.",,129.212382321,35.8349134892,2904241,39,
2906745,슈만과 클라라,https://tong.visitkorea.or.kr/cms/resource/42/2906742_image2_1.jpg,,경상북도 경주시 한빛길36번길 36-1,,,,"슈만과 클라라는 경상북도 경주시 성건동에 있다. 현대적인 감각이 돋보이는 외관과 깔끔한 분위기를 연출하는 인테리어가 눈에 띈다. 내부에는 단체석이 마련되어 있어 각종 모임을 하기 좋다. 한쪽 벽면 전체를 진열장으로 만들어 다양한 종류의 커피와 찻잔 등을 구경하는 재미가 쏠쏠하다. 대표 메뉴는 마스터 추천 핸드드립 커피이며, 이 외에 다양한 원두의 핸드드립 커피를 맛볼 수 있다. 또한 직화식 롱 블랙, 아포가토, 아이리쉬 커피 등 다양한 음료 및 베이커리류를 맛볼 수 있다.",,129.2031715356,35.8536083174,2906745,39,
2904334,올리브,https://tong.visitkorea.or.kr/cms/resource/16/2904316_image2_1.jpg,,경상북도 경주시 사정로57번길 7-6,,,,"올리브는 경상북도 경주시 사정동에 위치한 카페이다. 한옥으로 지어진 건물은 고풍스러운 분위기를 자아내며, 깔끔하게 꾸며진 실내 공간도 인상적이다. 내부에는 단체석이 마련되어 있어 각종 모임 장소로 이용하기 좋다. 대표 메뉴는 바닐라 크림 라테이다. 올리브만의 특제 크림을 듬뿍 올린 음료로 많은 사람들이 찾는다. 이 밖에 크로와상 샌드위치와 과일믹스롤, 도지마롤, 수플레 팬케이크, 생망고케이크, 메론케이크 등 다양한 디저트가 준비되어 있다. 여름철에는 옛날팥빙수와 망고치즈빙수를 즐길 수 있으며, 아메리카노와 카페라테, 바닐라라테, 오렌지자몽 등 음료 메뉴도 다양하다. 주변에는 첨성대와 국립경주박물관, 경주 교촌한옥마을 등 경주의 대표 관광지가 있어 함께 둘러보기 좋다.",,129.2090464569,35.8372103751,2904334,39,
2652445,리버틴호텔 경주,https://tong.visitkorea.or.kr/cms/resource/20/4078820_image2_1.jpg,,경상북도 경주시 태종로685번길 23 (노서동),,,,"리버틴호텔 경주는 경주 시외·고속버스터미널 인근에 위치한 비즈니스호텔로 황리단길과 대릉원 등 주요 관광지까지 도보로 이동할 수 있어 관광과 비즈니스를 모두 만족시키는 숙소이다. 다양한 객실 타입을 운영하며 전 객실에 고급 매트리스와 구스 침구, 스타일러, 데스크, 소파 등을 갖춰 편안한 휴식을 제공한다. 또한 장애인 전용 객실을 별도로 마련해 누구나 편리하게 이용할 수 있다.
호텔 내에는 투숙객을 위한 조식 레스토랑 등 편의시설이 마련되어 있으며 쾌적한 서비스와 세심한 운영으로 만족도를 높이고 있다. 첨성대, 동궁과 월지, 경주국립박물관 등 경주의 대표 명소와 접근성이 뛰어나 여행의 거점으로 이용하기 좋다.",,129.2027267474,35.8404260103,2652445,32,
3006865,송대말등대 빛 체험전시관,https://tong.visitkorea.or.kr/cms/resource/93/3505093_image2_1.jpg,,경상북도 경주시 감포읍 감포로 226-19,,,,"1955년 무인등대로 설치되어 60여 년 동안 감포 앞바다를 비추었던 송대말등대를 문화공간으로 탈바꿈하였다. 이곳은 디지털 미디어 전시를 상영하는 공간으로 2025년 감포항 개항 100주년을 기념하기 위해 개관되었다. 경주 앞바다와 감포항 등대를 주제로 해양문화의 역사를 현대적으로 해석한 미디어 아트를 선보이며 국내 유일 디지털 미디어 시상식인 2021년 ‘앤어워드 시상식’에서 그랑프리상을 수상한 최고의 디지털 콘텐츠로도 인정받았다.
전시공간은 5개 존과 13개 콘텐츠로 구성됐으며, 천년 광체라는 주제로 경주와 감포의 과거 1,000년과 현재, 미래 1,000년을 스토리텔링 방식으로 보여준다. 
전시관 1층에서는 감포항과 송대말등대 빛의 역사, 감포항 주변의 주요 어종, 근대 감포 이야기, 감포항 개항 이후부터 현재까지의 역사를 소개하고 있다. 2층에는 바다의 길잡이로서 아름다운 경주 바다를 밝히는 빛으로 여는 바닷길 체험이 이어지는 참여형 콘텐츠로 구성되었는데, 사진을 찍어 전송하면 옆 전시실에 내 사진이 반영되어 작품의 일부가 되는 경험을 할 수 있다. 또한 터치를 하거나 걸을 때마다 빛이 바뀌어 아이들은 물론 어른들도 좋아하는 콘텐츠이다.",https://www.instagram.com/sdm_light,129.51135213,35.8073196292,3006865,14,
2613254,도봉서당,,,경상북도 경주시 서악4길 58 (서악동),,,,"도봉서당은 김유신 장군의 누이 보희, 문희의 꿈 이야기 배경 장소인 선도산 자락에 위치하고 있으며 조선 성종 때 학자였던 황정 선생의 학덕과 효행을 추모하기 위해 세운 추보재라는 재실을 수리하여 사용하고 있는 고택이다.","<a href=""http://www.경주고택.kr""  target=""_blank""> www.경주고택.kr </a>",129.1847315323,35.8274885572,2613254,32,
128117,경주 월성,https://tong.visitkorea.or.kr/cms/resource/33/3534833_image2_1.jpg,,경상북도 경주시 인왕동 387-1,,,,"월성은 신라 궁궐이 있었던 도성이다. 성의 모양이 반달처럼 생겼다 하여 반월성·신월성이라고도 하며, 왕이 계신 성이라 하여 재성(在城)이라고도 한다.
『삼국사기』에 의하면 파사왕 22년(101)에 성을 쌓고 금성에서 이곳으로 도성을 옮겼다고 전한다. 이 성은 신라 역대 왕들의 궁성이었으며, 문무왕 때에는 안압지·임해전·첨성대 일대가 편입되어 성의 규모가 확장되었다.
성을 쌓기 전에는 호공이라는 사람이 살았는데 탈해왕이 어렸을 때 꾀를 내어 이곳을 차지했다고 한다. 남해왕이 그 이야기를 듣고 탈해왕을 사위로 삼았으며, 신라 제4대 왕이 되었다는 전설도 전한다.
성의 동·서·북쪽은 흙과 돌로 쌓았으며, 남쪽은 절벽인 자연지형을 그대로 이용하였다. 성벽 밑으로는 물이 흐르도록 인공적으로 마련한 방어시설인 해자가 있었으며, 동쪽으로는 경주 동궁과 월지로 통했던 문터가 남아있다. 성 안에 많은 건물 터가 남아있으며, 1741년에 월성 서쪽에서 이곳으로 옮겨온 석빙고가 있다.

(출처 : 국가유산청)",http://www.gyeongju.go.kr/tour,129.2249,35.8325,128117,12,
128116,경주 계림,https://tong.visitkorea.or.kr/cms/resource/29/3535529_image2_1.jpg,,경상북도 경주시 교동,,,,"경주 계림은 첨성대(瞻星臺)와 월성(月城) 사이에 위치해 있으며, 경주 김 씨의 시조 알지(閼智)가 태어났다는 전설이 있는 유서 깊은 곳이다. 신라 탈해왕(脫解王) 때 회공(瓠公)이 이 숲에서 닭이 우는소리를 들었는데, 가까이 가보니 나뭇가지에 금궤(金櫃)가 빛을 내며 걸려 있었다. 이 사실을 임금께 아뢰어 왕이 몸소 숲에 가서 금궤를 내렸다. 뚜껑을 열자 궤 속에서 사내아이가 나왔다 하여 성(姓)을 김(金), 이름을 알지라 하고, 본래 시림(始林), 구림(鳩林)이라 하던 이 숲을 계림(鷄林)으로 부르게 되었다.
계림은 신라의 국호(國號)로도 쓰이게도 되었다. 펑퍼짐한 숲에는 느티나무 등의 옛 나무들이 울창하게 우거지고 북쪽에서 서쪽으로 작은 실개천이 돌아 흐른다. 왕은 알지를 태자로 삼았으나 후에 박 씨 왕족인 파사왕에게 왕위가 계승되어 왕이 되지 못했고, 후대 내물왕 대부터 신라 김 씨가 왕족이 되었다. 경내의 비는 조선 순조(純祖) 3년(1803)에 세워진 것으로 김알지 탄생에 관한 기록이 새겨져 있다. 신라 왕성 가까이 있는 신성한 숲으로 신라 김 씨 왕족 탄생지로 신성시되고 있으며, 지금도 계림에는 왕버들과 느티나무가 하늘을 가릴 듯하다. 
대릉원-계림-반월성으로 이어지는 산책로 옆에는 봄이면 노란 유채꽃이 유적지의 운치를 더 깊게 해 준다.",https://www.gyeongju.go.kr/tour,129.2189678803,35.8326027781,128116,12,
232286,소노캄 경주,https://tong.visitkorea.or.kr/cms/resource/73/3583873_image2_1.jpg,,경상북도 경주시 보문로 402-12 (신평동),,,,"소노캄 경주는 계절이 수놓은 빛깔과 자연이 주는 안온함이 있는 공간이다. 방문하는 고객들은 소노캄 경주에서 제공하는 객실 및 부대시설을 이용 시 안락하고 실용적인 느낌을 받을 수 있다. 
소노캄 경주에는 보문호의 윤슬을 감상하며 조용하고 편안한 쉼을 가질 수 있다. 일상생활에서 벗어나 자연 안에서 휴식과 건강이 공존하는 곳이며 경주의 전통과 현대의 멋을 느낄 수 있다.",,129.2817014891,35.8467893529,232286,32,
127855,경주 양동마을 [유네스코 세계유산],https://tong.visitkorea.or.kr/cms/resource/62/3506362_image2_1.jpg,,경상북도 경주시 강동면 양동마을길 134,,,,"양동 민속마을은 조선시대 전통문화와 자연을 고스란히 간직하고 있는 한국 최대 규모의 집성촌으로 월성 손 씨와 여강 이 씨에 의해 형성되었다. 국보, 보물, 민속자료 등 많은 문화유산을 간직하고 있어 마을 전체가 국가민속문화유산으로 지정되었다. 마을의 규모 및 보존 상태, 문화유산의 수와 전통성, 그리고 아름다운 자연환경과 때 묻지 않은 향토성 등 볼거리가 많아 1993년 영국의 찰스 황태자도 이곳을 방문한 바 있다.
또한 옛 명문대가의 영광스러운 자취와 선조들의 삶이 배어있는 200년 이상 된 고가 54호가 보존되어 있어 조선 중기 이후의 다양하고 특색 있는 우리나라 전통가옥 구조를 한눈에 볼 수 있다. 사전에 마을의 배치와 코스를 파악하고 문화유산의 소재를 확인한 후 답사하는 것이 좋다. 단, 마을을 둘러볼 때는 집안에 살고 있는 분들에게 폐가 되지 않도록 배려하면 더욱 좋을 것이다.",https://yangdongvillage.or.kr,129.2536598652,35.9966589671,127855,12,
126166,경주 불국사 [유네스코 세계유산],https://tong.visitkorea.or.kr/cms/resource/70/3506170_image2_1.jpg,,경상북도 경주시 불국로 385 (진현동),,,,"불국사는 신라 법흥왕 15년에 어머니의 뜻에 따라 국가의 안녕과 백성의 평안을 기원하며 창건되었다. 경덕왕 10년인 751년에는 재상 김대성이 절을 다시 지어 현재의 규모로 정비하였다. 그러나 임진왜란을 거치며 건물과 문화유산 대부분이 소실되거나 약탈당하는 아픔을 겪었다. 이후 1920년대 전까지는 일부 건물과 탑만 황량하게 남아 있었으나, 지속적인 원형 복구와 보수 작업을 거쳐 현재의 모습을 되찾게 되었다.
현재는 국보 7점을 포함한 문화유산을 보유한 대사찰로 자리 잡고 있다. 불국사에서 약 3㎞ 떨어진 산등성이에는 석굴암이 위치해 있다. 석굴암은 동해를 향해 앉은 여래좌상 본존불이 중심을 이루며 동양의 걸작으로 꼽힌다. 불국사와 석굴암은 1995년 12월 6일 유네스코 세계문화유산으로 등재되었다. 이로써 두 유적은 국내외적으로 신라 불교문화의 정수로 평가받고 있다.",http://www.bulguksa.or.kr,129.3317253913,35.7923023161,126166,12,
126212,옥산서원(경주),https://tong.visitkorea.or.kr/cms/resource/52/3501352_image2_1.jpg,,경상북도 경주시 안강읍 옥산서원길 216-27,,,,"경주 옥산서원은 조선시대 성리학자인 회재 이언적을 기리기 위한 곳으로 이언적의 학문은 퇴계 이황에게 이어져 영남학파 성리설의 선구가 되었다. 이러한 회재 이언적 선생을 기리기 위해 선조 5년(1572)에 경주부윤 이제민이 처음 세웠고 그다음 해에 임금에게 ‘옥산’이라는 이름을 받아 사액서원이 되었다. 공부하는 공간 구인당이 앞에 있고 제사를 지내는 체인묘가 뒤에 위치한 전학후묘식의 배치 체계를 따르고 있다. 구인당은 맞배지붕 건물로 헌종 5년(1839)에 화재로 사라졌다가 다시 지어진 건물이다. 그 외에도 정문인 역락문, 2층 건물인 무변루, 학생들의 기숙사로 동재인 민구재, 서재인 암수재 등 여러 건물이 있다. 옥산서원은 조선 후기 흥선대원군의 서원철폐령 속에서도 살아남은 47개 사액서원 중 하나로 그 덕분에 선생의 저서는 물론, 역대 명인들의 글씨와 다양한 문집 등의 귀중한 서적들이 오늘날까지 잘 보존되어 있다.",경주문화관광 http://www.gyeongju.go.kr/tour,129.1631762738,36.0117943198,126212,12,
1957348,경주시 관광특구,https://tong.visitkorea.or.kr/cms/resource_photo/16/3474116_image2_1.jpg,,경상북도 경주시 경감로 614 (천군동),,,,"경주는 국내 최대의 관광도시로, 그 자체가 거대한 야외 박물관이라 할 만큼 곳곳에 문화재가 산재해 있다. 걸어 다니는 모든 길이 유적지이고 보이는 모든 경치가 살아있는 역사이며, 만나는 모든 것이 문화재라고 해도 과언이 아닌 한국의 대표 역사 문화 도시다. 이러한 이유로 1994년 경주시 일대 시내, 보문지구, 불국지구 등이 관광특구로 지정되었다. 
관광특구 내에는 문화재로 지정된 명소가 300여 개에 이르고, 그중 유네스코 세계유산에 등록되어 있는 것도 많다. 관광특구 내 주요 명소로는 불국사, 석굴암, 대릉원 등이 있으며, 경주세계문화 엑스포공원, 경주월드, 신라밀레니엄파크 등의 레저 시설 또한 갖추고 있다.",https://www.gyeongju.go.kr/tour,129.2888670876,35.8322527041,1957348,12,
2603509,월정교,https://tong.visitkorea.or.kr/cms/resource_photo/94/3052894_image2_1.jpg,,경상북도 경주시 교동 274,,,,"월정교란 이름은 「삼국사기」에 통일신라 경덕왕 19년 “궁궐 남쪽 문천에 월정교, 춘양교 두 다리를 놓았다.”는 기록을 통해 알려졌다. 조선시대에 유실되어 없어진 것을 10여 년간의 조사 및 고증과 복원을 진행해 2018년 4월 모든 복원을 완료했다.
2013년 교량복원을 먼저 마치고, 이후 다리 양쪽의 문루(門樓)를 마저 지었다. 문루 2층에는 교량의 복원과정을 담은 영상물과 출토 유물을 볼 수 있는 전시관이 있다. 낮에는 월정교의 자태를 오롯이 볼 수 있어 좋고, 밤의 월정교는 또 다른 매력으로 경주의 야경 명소로 손꼽힌다.",경주문화관광 http://www.gyeongju.go.kr/tour,129.2181,35.8293,2603509,12,
2756640,도리마을은행나무숲,https://tong.visitkorea.or.kr/cms/resource_photo/87/4065187_image2_1.jpg,,경상북도 경주시 서면 도리길 35-102,,,,"도리마을 은행나무숲은 경북 경주시 서면에 자리 잡고 있다. 묘목 판매를 목적으로 심은 수많은 은행나무가 숲을 이루게 됐다. 열 맞춰 빽빽하게 나무를 심은 덕에 자작나무처럼 위로만 쭉 뻗은 늘씬한 은행나무가 이국적인 정취를 뽐낸다. 사진작가들이 매해 이곳을 찾고, 웨딩 촬영 성지로도 불린다. 은행나무 물들 때면 마을 주민들이 먹거리 장터, 특산물 장터를 운영해 즐길 거리를 더하고 있다.

◎ 한류의 매력을 만나는 여행 정보 - 드라마 
빽빽하게 심은 은행나무가 위로 쭉 뻗어 풍성한 숲을 이룬 곳으로 가을이면 노란 은행잎이 숲을 물들이며, 웨딩 촬영 성지로 불릴 만큼 절경을 드러낸다. 강호가 쌍둥이의 탱탱볼을 찾은 장소로, 마을을 거닐며 길 담벼락에 적힌 예쁜 문장도 읽어보고 은행나무숲에서는 인생 샷을 남겨 보길 추천한다.",https://www.gyeongju.go.kr/,129.0908,35.9185,2756640,12,
2902264,해암회식당,https://tong.visitkorea.or.kr/cms/resource/44/2902244_image2_1.jpg,,경상북도 경주시 대밑길 12-48,,,,"해암회식당은 경상북도 경주시 감포읍 대본리에 위치한 횟집이다. 40여 년 동안 3대째 운영하고 있으며, SBS 시사교양 프로그램 에 소개된 바 있다. 깔끔한 외관과 차분한 분위기의 실내를 갖추고 있으며, 단체석이 마련되어 있어 각종 모임 장소로도 이용하기 좋다. 창밖으로는 감포 앞바다가 펼쳐져 바다 풍경을 감상하며 식사를 즐길 수 있다. 대표 메뉴는 모둠회이며, 횟밥과 물회, 매운탕, 전복구이, 우럭구이 등 다양한 해산물 요리도 맛볼 수 있다.",,129.4846705145,35.7446627473,2902264,39,
2732162,관광역사공원,https://tong.visitkorea.or.kr/cms/resource/67/3525167_image2_1.jpg,,경상북도 경주시 북군동 114-11,,,,"1971년 경주관광종합개발계획으로 경주관광개발에 착수하여 1979년 4월 6일 보문관광단지가 개장되었다. 대한민국 1호 관광단지로써 관광산업의 초석을 다져온 보문관광단지의 발자취를 기억하고 경상북도 관광산업의 새로운 백년대계를 대비하고자 조성된 공원이 관광역사공원이다. 관광역사공원은 무한한 관광 발전을 상징하고자 과거, 현재, 미래를 연결하는 뫼비우스의 띠를 형상화하였다. 관광역사공원은 보문호와 맞닿아 있다. 이 덕분에 공원 산책로를 따라 걸으며 보문호의 풍경을 감상할 수 있다. 공원 안에는 보문호를 배경으로 펼쳐진 포토존, 각양각색의 조형물, 나무 그늘 벤치 등이 있다. 봄에는 핑크빛 벚꽃으로 장관을 이루고 가을에는 알록달록한 단풍의 풍경을 볼 수 있어 많은 관광객들이 찾고 있다.",,129.2703,35.8526,2732162,12,
3000202,보문콜로세움,https://tong.visitkorea.or.kr/cms/resource/10/3006710_image2_1.jpg,,경상북도 경주시 보문로 132-5 (북군동),,,,"보문콜로세움은 경주 보문관광단지 내에 위치한 복합문화공간으로, 고대 로마의 콜로세움을 모티브로 조성된 이국적인 건축물이 특징이다. 건물 내부에는 카페와 음식점, 전시시설 등이 입점해 있어 휴식과 관람을 함께 즐길 수 있다. 보문호를 배경으로 조성된 야외 정원과 테라스에서는 여유로운 분위기 속에서 식사와 차를 즐길 수 있으며, 이국적인 건축미와 조경이 어우러져 색다른 분위기를 선사한다. 또한 건물 내에 위치한 키덜트뮤지엄에서는 장난감과 영화, 음악을 주제로 한 다양한 전시를 만나볼 수 있다. 초기 영상기기와 축음기 등 근현대 수집품부터 영화 캐릭터 피규어, 아트토이, 정크아트 작품까지 폭넓은 콘텐츠가 전시되어 있어 남녀노소 흥미롭게 관람할 수 있다.",,129.2692409018,35.8538293526,3000202,12,
2905427,감포이견대횟집,https://tong.visitkorea.or.kr/cms/resource/18/2905418_image2_1.jpg,,경상북도 경주시 동해안로 1493,,,,"감포이견대횟집은 경상북도 경주시 감포읍 대본리에 위치하고 있다. 깔끔한 외관과 차분한 분위기를 연출하는 인테리어가 눈에 띈다. 내부에는 단체석이 마련되어 있어 각종 모임을 하기 좋다. 창밖으로는 감포 앞바다의 풍경이 펼쳐진다. 대표 메뉴는 자연산 고급 어종의 회를 비롯해 우럭구이, 해산물, 매운탕, 튀김 등이 상에 오르는 이견대 코스다. 이 밖에 잡어, 물회, 횟밥, 전복회, 전복구이, 어린이 돈가스 등이 준비되어 있다.",,129.4847926866,35.7459959252,2905427,39,
2902527,황포식당,,,경상북도 경주시 경감로 2964,,,,"황포식당은 경상북도 경주시 감포읍 전촌리에 있다. 깔끔한 외관과 예스러운 분위기를 연출하는 인테리어가 눈에 띈다. 내부에는 단체석이 마련되어 있어 각종 모임을 하기 좋다. 대표 메뉴는 생선회를 비롯해 다양한 음식이 상에 오르는 회 정식이다. 이 밖에 갈치조림, 도루묵조림, 가자미조림, 회국수, 무침회 등을 맛볼 수 있으며 재료 소진 시 조기 마감한다. 동경주IC에서 가깝고 주변에 경주문무대왕릉과 나정고운모래해변이 있다.",,129.4898548797,35.7880327126,2902527,39,
3006866,물너울공원,https://tong.visitkorea.or.kr/cms/resource/28/3006728_image2_1.jpg,,경북 경주시 북군동 236-17,,,,"물너울공원은 경주 보문호수 둘레에 조성된 수변공원으로, 산책과 휴식을 즐길 수 있는 공간이다. 공원 내에는 피크닉 테이블과 벤치 등 편의시설이 마련되어 있으며, 보문관광단지를 대표하는 물너울교가 자리하고 있다. 물너울교에서는 보문호의 푸른 수면과 주변 산세가 어우러진 풍경을 감상할 수 있으며, 경주 시가지와 형산강 일대의 경관도 한눈에 조망할 수 있다. 공원은 소나무 숲과 호숫가 산책로가 조화를 이루고 있어 사계절 내내 여유로운 시간을 보내기 좋으며, 야간에는 경관조명이 더해져 색다른 분위기를 선사한다. 특히 물너울교는 아름다운 야경으로 2016년 형산강 팔경에 선정되었다. 인근에는 동궁원과 경주세계자동차박물관 등 다양한 관광지가 위치해 있다.",경주 문화관광 https://www.gyeongju.go.kr/tour,129.265795,35.851406,3006866,12,
3006834,경주문화관 1918,https://tong.visitkorea.or.kr/cms/resource/13/3006813_image2_1.jpg,,경상북도 경주시 원화로 266 경주역,,,,"경주문화관1918은 2022년 12월 개관한 복합문화공간으로, 약 100년 동안 경주의 관문 역할을 해온 옛 경주역을 문화예술 공간으로 재탄생시킨 곳이다. 명칭은 1918년 개통한 경주역의 역사성을 계승하면서 시민들이 문화를 향유하는 플랫폼으로 거듭난다는 의미를 담아 공모를 통해 선정되었다. 시설 내에는 전시실과 지역 예술가를 위한 창작 스튜디오, 커뮤니티실 등이 마련되어 있으며, 전시와 공연, 문화예술 프로그램 등 다양한 활동이 이루어진다. 문화관 앞 광장에서는 공연과 플리마켓, 체험 행사 등이 열리며, 어린이를 위한 야외 놀이터도 조성되어 있어 시민과 관광객이 함께 즐길 수 있는 문화 공간으로 활용되고 있다.",경주시 문화관광 https://www.gyeongju.go.kr/tour,129.21743535,35.8443088243,3006834,14,
3006835,물레방아광장,https://tong.visitkorea.or.kr/cms/resource/45/3006745_image2_1.jpg,,경상북도 경주시 보문로 421,,,,"물레방아광장은 경주 보문관광단지를 대표하는 휴식 공간으로, 지름 13m 규모의 대형 물레방아가 설치되어 있다. 물레방아는 덕동호에서 흘러오는 물의 자연 수압으로 회전하며, 108개의 물받이는 백팔번뇌를 씻고 행복을 기원하는 의미를 담고 있다. 주변에는 대나무숲과 인공폭포, 연못이 조성되어 있어 산책과 휴식을 즐기기 좋다. 봄에는 벚꽃이 만개해 많은 방문객이 찾으며, 야간에는 조명이 더해져 색다른 경관을 감상할 수 있다. 인근에는 보문호와 목월공원을 비롯해 경주엑스포대공원, 바니베어뮤지엄 등 다양한 관광지가 자리하고 있다.",경주문화관광 https://www.gyeongju.go.kr,129.2864833894,35.8454928885,3006835,12,
3032708,동리목월문학관,https://tong.visitkorea.or.kr/cms/resource/39/3454039_image2_1.JPG,,경상북도 경주시 불국로 406-3 동리목월문학관,,,,"동리목월문학관은 경주 출신의 소설가 김동리와 시인 박목월의 문학적 업적을 기리기 위해 2006년에 건립된 문학관이다. 한국 현대문학을 대표하는 두 문인의 삶과 작품 세계를 소개하며, 동리목월문학상 운영과 문예창작 교육, 문학 심포지엄, 시 낭송회, 백일장 등 다양한 문학 사업을 펼치고 있다. 전시관에는 동리문학관과 목월문학관이 조성되어 있으며, 두 문인의 서재를 재현해 집필 도구와 원고, 출판물 등 다양한 자료를 살펴볼 수 있다. 또한 작품을 바탕으로 제작한 영상과 육성 시 낭송을 통해 문학을 보다 쉽고 생생하게 접할 수 있다. 한국 문학의 가치를 알리고 새로운 문학 인재를 발굴·육성하는 문화 공간으로 자리하고 있다.",http://dml.gyeongju.go.kr/,129.3335608117,35.7858250764,3032708,14,
3032619,임실치즈학교 경주체험장,https://tong.visitkorea.or.kr/cms/resource/06/3032606_image2_1.jpg,,경상북도 경주시 내외로 1042 임실치즈학교 경주체험장,,,,"임실치즈학교는 폐교를 활용해 조성한 치즈 체험 시설로, 임실치즈를 직접 만들고 맛볼 수 있는 다양한 프로그램을 운영하고 있다. 대표 프로그램으로는 우유를 이용한 치즈 만들기와 치즈를 활용한 피자 만들기 체험이 있으며, 가족 단위 방문객부터 연인, 학생 단체까지 폭넓게 참여할 수 있다. 체험 프로그램은 개인과 단체 과정으로 나누어 운영되며, 치즈 만들기와 피자 만들기 외에도 아이스크림 만들기, 쿠키 만들기, 비누 만들기, 한지공예 등 다양한 체험 활동을 즐길 수 있다.",,129.2368640256,35.7315222271,3032619,12,
3006833,커피명가보스케,https://tong.visitkorea.or.kr/cms/resource/79/3006779_image2_1.jpg,,경상북도 경주시 용담로 477-57,,,,"커피명가보스케는 경주에 위치한 대형 베이커리 카페로, 넓은 정원과 독특한 건축미를 갖춘 공간이다. 노출 콘크리트로 지어진 현대적인 건물은 2020년 경상북도 건축문화상 최고상을 수상했으며, 개방감 있는 실내와 층마다 이어지는 다양한 동선이 특징이다. 1층에는 좌식 공간이 마련되어 있어 어린이를 동반한 가족도 편안하게 이용할 수 있다. 드립커피와 라떼를 비롯해 각종 베이커리와 디저트를 판매하며, 계절마다 특색 있는 메뉴를 선보인다. 또한 넓은 창을 통해 시원한 전망을 감상할 수 있으며, 야외 테라스와 정원에서는 반려동물과 함께 여유로운 시간을 보낼 수 있다.",,129.1767814457,35.8817262542,3006833,39,
3032585,쪽샘지구,https://tong.visitkorea.or.kr/cms/resource/70/3032570_image2_1.jpg,,경상북도 경주시 태종로 788 (황오동),,,,"쪽샘지구는 대릉원 동쪽에 위치한 황오동·황남동·인왕동 일대의 신라 고분군으로, 4~6세기 신라 왕족과 귀족들의 집단 묘역이다. 약 38만 4,000㎡ 규모의 유적으로, 신라 왕경의 역사와 문화를 보여주는 대표적인 발굴 현장으로 알려져 있다. 2007년부터 본격적인 발굴조사가 진행되었으며, 적석목곽분과 석곽묘, 옹관묘 등 150여 기의 무덤과 금귀걸이, 금동 장식, 말안장 등 3,000여 점의 유물이 출토되었다. 특히 5세기 무렵의 찰갑과 마갑이 온전한 형태로 발견되어 신라의 무기와 마구 문화를 연구하는 데 중요한 자료로 평가받고 있다. 현재도 발굴과 연구가 이어지고 있으며, 인근의 쪽샘유적발굴관에서는 발굴 과정과 출토 유물을 자세히 살펴볼 수 있다.",,129.2143085971,35.8399541038,3032585,12,
130030,경주문화원,,,경상북도 경주시 중앙로 67-12 (동부동),,,,"경주문화원에서는 향토사의 조사, 연구 및 사료의 수집과 발간, 지역 문화행사 및 공연 개최, 문화강좌 등 다양한 활동을 하고 있다. 경주 지역 문화 창달과 전통문화를 전승, 보존하기 위한 운영을 하고 있다. 문화원에는 조선시대 경주의 역사와 문화를 전시하는 향토사료관과 조선시대의 종각, 동경관, 교육장 등을 볼 수 있다.
또한 경상북도 기념물로 지정된 아름다운 은행나무가 경주문화원 후원에 위치하고 있어 가을에는 이를 보기 위해 많은 관광객들이 방문하고 있다.",http://www.gjucc.or.kr,129.2103948710745,35.84603137409364,130030,14,
3090456,영지,https://tong.visitkorea.or.kr/cms/resource/48/3090448_image2_1.JPG,,경상북도 경주시 외동읍 괘릉리,,,,"영지는 경주시 외동읍 괘릉리에 위치한 연못으로, 불국사 석가탑과 다보탑을 만든 석공 아사달과 아사녀의 애틋한 설화가 전해지는 곳이다. 아사녀가 남편을 기다리며 탑의 그림자를 바라보았다는 이야기에서 유래한 장소로, 신라 시대의 전설과 역사를 함께 느낄 수 있다. 연못 주변에는 영지석불좌상과 수변 산책로, 나무데크, 구름다리 등이 조성되어 있어 여유로운 산책을 즐기기에 좋다. 또한 인근에는 조각공원, 어린이 놀이터, 짚라인, 설화체험관 등이 마련되어 있으며, 봄이면 아름다운 벚꽃 풍경을 감상할 수 있어 많은 방문객이 찾는다. 불국사와 함께 둘러보기 좋은 경주의 역사·문화 명소이다.",,129.301115,35.759233,3090456,12,
2907353,동양백반 경주황리단길 본점,,,경상북도 경주시 포석로 1056-5 (황남동) 1층,,,,"동양백반은 경주 황리단길에 위치한 한식 전문점이다. 깔끔하고 정갈한 메뉴, 고즈넉한 인테리어와 분위기가 매력적이다. 모든 국물 요리에 한방 약재 육수를 사용하여 자극적이지 않은 담백한 맛을 내고 있다. 대표 메뉴는 소고기 곱창전골과 국물 닭볶음탕이며 이 외에 간장찜닭, 돼지 두루치기, 명란밥, 한우육회김밥 등 다양한 메뉴를 맛볼 수 있다. 또한 메인 메뉴와 밥류로 구성된 세트메뉴도 준비되어 있다.",,129.2099673954,35.8352285805,2907353,39,
2757995,두바퀴로 가는 자동차,https://tong.visitkorea.or.kr/cms/resource/41/2758541_image2_1.JPG,,경상북도 경주시 산내면 외칠일부길 278-182,,,,"두바퀴로 가는 자동차는 경주시 외곽에 있는 글램핑장이다.  한글, 큐브, VIP로 각기 다른 스타일의 카바나가 총 17개 있다. 내부는 에어컨과 난방시설과 함께 기본 편의 시설이 되어 있고, 특히 개별 찜질방이 설치되어 있다. 수영장은 온수로 실내수영장처럼 이용 가능하고 규모도 큰 편이다. ATV, 3륜 전기 오토바이, 유아 범퍼카, 자전거 등도 무료로 이용할 수 있고,  VR 게임 체험 시설, 노래방 등도 준비되어 있어, 캠핑장 내에서 즐길 거리가 풍부하다.",http://www.두바퀴로가는자동차.com,129.000824948,35.7541546596,2757995,28,
4072014,스테이 화녹,,,경상북도 경주시 도초길 124-23 (율동),,,,"단 하나의 객실만 운영하는 프라이빗 독채 스테이.
남산 자락의 정원과 따뜻한 자쿠지, 여유로운 라운지를 담았습니다.
와인 스테이션과 하이파이 오디오가 머무는 시간의 무드를 더합니다.
고즈넉한 한옥의 결 위에 현대적인 감각을 담아냈습니다.
연인, 가족, 가까운 이들과 오롯이 머물기 좋은 공간입니다.",,129.1969400314,35.8011231109,4072014,32,
2907286,경주어보,https://tong.visitkorea.or.kr/cms/resource/73/2907273_image2_1.jpg,,경상북도 경주시 포석로1050번길 39-19,,,,"경주어보는 경상북도 경주시 황남동에 위치한 생선구이 전문점이다. 한옥으로 지어진 건물에서 고풍스러운 멋을 느낄 수 있으며, 세련된 분위기의 인테리어가 어우러져 편안한 식사를 즐기기 좋다. 대표 메뉴는 큼지막한 크기와 담백한 맛이 돋보이는 고등어구이이다. 이 밖에도 가자미구이, 임연수구이, 갈치구이, 메로구이 등 다양한 생선구이 메뉴를 맛볼 수 있으며, 알탕과 꽃게탕도 함께 즐길 수 있다. 경주 IC와 가까워 접근성이 좋고, 인근에 첨성대, 국립경주박물관, 경주 교촌한옥마을 등 주요 관광지가 자리하고 있어 여행 중 방문하기 좋다.",,129.2146793232,35.8350635153,2907286,39,
2902170,하서항,https://tong.visitkorea.or.kr/cms/resource/41/2902141_image2_1.jpg,,경상북도 경주시 양남면 하서리 61,,,,"하서항은 경상북도 경주시 양남면 하서리에 위치한 어항이다. 하서4리 진리마을에 있어 진리항 또는 율포진리항으로도 불린다. 항구 인근에는 몽돌과 모래가 섞인 하서해변이 있다. 
하서항은 읍천항까지 이어지는 1.7㎞ 길이의 해안 산책로인 파도소리길의 시작점이다. 이 길을 따라 걸으면 천연기념물로 지정된 경주 양남 주상절리군과 부채꼴 주상절리를 관람할 수 있는 양남 주상절리 전망대가 위치한다.",,129.4694016112,35.6794312826,2902170,28,
3032505,경북천년숲정원,https://tong.visitkorea.or.kr/cms/resource/15/4066015_image2_1.jpg,,경상북도 경주시 통일로 366-4 (남산동),,,,"경주 동남산 기슭에 자리한 경북천년숲정원은 본래 경상북도 산림환경연구원이었다. 산림환경을 조사하고 천연기념물 후계목 증식·보존, 병해충 방제 등 산림 보호를 위한 연구를 수행하던 기관이었으나, 2023년 시민에게 숲공원으로 개방되었다. 지자체가 조성하고 관리하는 지방정원으로는 경북천년숲정원이 국내 다섯 번째이자, 경북에서는 첫 번째이다.
아스팔트 도로를 기준으로 서쪽은 경북 산림 환경연구원이 있고 동쪽으로 숲과 오솔길, 개울과 정원 등이 조성되어 있다. 메타세쿼이아 숲길을 따라 들어가면 제일 먼저 거울 숲을 만난다. 외나무다리에 서면 맑은 실개천에 그 모습이 거울처럼 비친 다하여 이름이 지어진 곳이며 분재원과 암석으로 조성된 정원과 구름폭포, 바닥분수가 있는 서라벌 정원, 마지막으로 버들 못 정원을 만날 수 있다. 각 구역별 다양한 나무와 꽃들이 식재되어 있어 각기 다른 공간적 특징을 지니며 계절에 따른 변화도 즐길 수 있다. 식물의 특징을 이해할 수 있는 안내문도 잘 작성되어 있어 아이들의 교육 현장으로도 추천한다.
차로 10분 거리에 동궁과 월지, 선덕여왕릉과 월정교 등이 있어 경주 여행 코스로 함께 방문해도 좋다.

◎ 한류의 매력을 만나는 여행 정보 - 드라마 
석삼에 대한 설움과 부모님을 향한 미안함이 한데 뒤섞여 덕순이 하염없이 눈물을 흘리던 외나무다리가 있던 곳이다. 극 중에서 빨래터로 등장한 외나무다리 주변은 사진 명소로 특히 유명하다.",https://www.gb.go.kr,129.2421248589,35.8119093136,3032505,12,
2910016,산내956,https://tong.visitkorea.or.kr/cms/resource/08/2910008_image2_1.jpg,,경상북도 경주시 문복로 956,,,,"산내956은 경상북도 경주시 산내면에 위치한 캠핑형 바비큐 음식점으로, 자연 속에서 특별한 식사를 즐길 수 있는 공간이다. 글램핑 형태의 텐트가 마련되어 있어 캠핑 분위기를 느끼며 편안하게 바비큐를 즐길 수 있으며, 별도의 장비를 준비하지 않아도 이용할 수 있는 것이 장점이다. 매점에서는 육류를 비롯한 다양한 식재료와 먹거리를 판매하고 있어 원하는 재료를 직접 구입해 구워 먹는 방식으로 운영된다. 울창한 자연환경에 둘러싸여 여유로운 시간을 보내기 좋으며, 가족이나 친구, 연인과 함께 방문해 색다른 추억을 만들 수 있다. 인근에는 경주국립공원 등 관광지가 있어 경주 여행과 함께 즐기기에도 좋다.",https://www.instagram.com/sannae.956/,129.0550394574,35.7136804242,2910016,28,
126213,경주 오릉,https://tong.visitkorea.or.kr/cms/resource/77/4056777_image2_1.jpg,,경상북도 경주시 탑동 67-1,,,,"경주시 탑동에 위치한 4기의 봉토무덤과 1기의 원형무덤이다. 1969년 8월 27일 사적으로 지정되었으며, 내부구조는 알 수 없으나 무덤의 겉모습은 경주시내에 있는 다른 삼국시대 신라무덤과 같이 둥글게 흙을 쌓아 올린 원형 봉토무덤이다. 
1호 무덤이 높이 10m로 가장 크며, 2호 무덤은 표주박형으로 봉분이 두 개인 2인용 무덤이다. 이러한 대형 원형 봉토무덤은 신라에서는 4세기 이후 등장하는 것으로 박혁거세 당시의 무덤 형식은 아니다. 『삼국사기』에는 신라 시조 박혁거세와 왕비 알영부인, 제2대 남해왕, 제3대 유리왕, 제5대 파사왕 등 신라 초기 4명의 박씨 임금과 왕비 1명의 무덤이라 나와 있다. 
한편, 『삼국유사』에는 박혁거세 승하 후 7일 만에 몸이 다섯 개로 흩어지자 왕비도 따라 죽으니, 사람들이 같이 묻으려고 했으나 큰 뱀이 방해해 몸의 다섯 부분을 각각 묻었는데, 그것을 오릉(五陵) 또는 사릉(蛇陵)이라 했다고 한다.
오릉 동편에는 시조왕의 위패를 모시는 숭덕전이 있으며, 그 뒤에는 알영부인의 탄생과 관련한 알영정이 보존되어 있다.",https://gjfmc.or.kr,129.208823,35.823449,126213,12,
4071941,배리삼릉공원,https://tong.visitkorea.or.kr/cms/resource/16/4071916_image2_1.jpg,,경상북도 경주시 포석로 1095 (황남동),,,,"대릉원 돌담길을 따라 황리단길 골목으로 들어서면 초록빛 삼연릉 로고가 눈길을 끄는 경주 로컬 감성 소품숍이 나타난다. 배리삼릉공원은 모든 이들의 생애 주기에 누구나 한 번은 경주가 묻어있다는 따뜻한 문구를 내세우며, 경주에서 활동하는 로컬 작가와 디자이너들이 만든 창작품을 소개하는 열린 소통 공간이다. 첨성대·대릉원 사계를 담은 감성 사진 엽서, 동궁과 월지·월정교 야경을 일러스트로 담은 로컬 블렌딩 티백, 신라 토용의 소박한 표정을 살린 책갈피와 문구류, 신라의 미소·천마도·다보탑 등 문화유산을 위트 있게 재해석한 미니어처 마그넷까지 경주를 주제로 한 다채로운 기념품을 만날 수 있다. 단순한 기념품숍을 넘어 경주의 문화와 정취를 예술로 연결하는 공간으로, 황리단길 산책과 연계해 방문하기 좋다.",https://www.instagram.com/baeri3park/,129.2097429834,35.8388350139,4071941,38,
2603463,경주 동궁원,https://tong.visitkorea.or.kr/cms/resource/88/4071888_image2_1.jpg,,경상북도 경주시 보문로 74-14,,,,"경주동궁원은 보문관광단지 입구에 위치하여, 농업 시험포장, 화훼재배 용도로사용되어 왔던 것을 농업을 관광자원화 하는 차원에서 시작하여, 새로운 관광 콘텐츠의 개발을 통해 사계절 체험관광시설을 조성하였다. 옛 안압지였던 동궁과 월지에 우리 조상들이 최초로 화초와 진금이수 즉 진귀하고 기이한 새와 짐승을 길렀다는 문무왕 14년 삼국사기 기록과 신라의 관직명에 새 이름을 사용하였다는 등 경주만이 가지고 있는 다양한 역사적 콘텐츠를 스토리텔링하여, 우리나라 최초의 동·식물원이었던 동궁과 월지를 지금 이곳 경주동궁원에 현대적으로 재현하였다. 경주의 역사적 배경을 스토리텔링하여 ‘동궁식물원’과 새전문 동물원인 ‘경주버드파크’를 한자리에서 볼 수 있는 ‘경주동궁원’이 탄생하였다.

(출처 : 경주 동궁원)",http://gyeongjuepg.kr/,129.2604161844,35.8527484044,2603463,12,
2907183,경주단골식당 본점,,,경상북도 경주시 충효녹지길 30,,,,"경주단골식당 본점은 경상북도 경주시 충효동에 위치한 불고기 전문점이다. 깔끔한 외관과 차분한 분위기의 실내 공간이 편안한 식사 환경을 제공한다. 대표 메뉴는 석쇠에 구워 불향을 더한 오징어불고기이며, 돼지불고기와 닭불고기, 닭발구이, 막창 양념구이 등 다양한 구이 메뉴도 함께 선보인다. 식사 메뉴로는 돼지국밥, 순대국밥, 내장국밥 등이 준비되어 있어 든든한 한 끼를 즐기기 좋다. 경주IC와 가까운 거리에 있으며, 주변에는 첨성대, 국립경주박물관, 경주 교촌한옥마을 등 주요 관광지가 자리하고 있어 함께 둘러보기 좋다.",,129.1875816827,35.8414955676,2907183,39,
2907327,금잔화국수,,,경상북도 경주시 숲머리길 115-1,,,,"금잔화국수는 경상북도 경주시 보문동에 위치한 국수 전문점이다. 한옥으로 지어진 건물은 고풍스러운 분위기를 자아내며, 깔끔하게 꾸며진 내부 공간이 편안한 식사 환경을 제공한다. 단체석도 마련되어 있어 가족 모임이나 각종 모임 장소로 이용하기 좋다. 대표 메뉴인 멸치국수를 비롯해 비빔국수, 냉국수, 칼국수, 들깨칼국수 등 다양한 국수 요리를 선보인다. 이 밖에도 김밥, 부추전, 찐만두 등 곁들여 먹기 좋은 메뉴를 함께 즐길 수 있다.",,129.2490092594,35.8410801254,2907327,39,
126228,경주월드 어뮤즈먼트,https://tong.visitkorea.or.kr/cms/resource/68/4071868_image2_1.jpg,,경상북도 경주시 보문로 544,,,,"경주월드는 어뮤즈먼트와 워터파크인 캘리포니아비치를 운영하고 있다. 그 중 30여개의 놀이기구를 운영하고 있는 테마파크 경주월드 어뮤즈먼트는 스노우파크와 드라켄밸리 등 종합휴양시설을 갖춘 테마파크이다. 타임라이더, 발키리, 크라크, 드래곤레이스 등 인생 어트랙션이 있으며, 다양한 공연과 행사도 진행 중이다.
또한 드라켄스낵, 스테이지 매점, 델리하우스 등 식사를 할 수 있는 매장이 있으며, 피크닉 그라운드에서는 직접 가져온 도시락을 먹을 수 있다.",https://www.gjw.co.kr,129.2821423971,35.8363424335,126228,12,
2752588,전촌용굴,https://tong.visitkorea.or.kr/cms/resource/32/3518732_image2_1.jpg,,경상북도 경주시 감포읍 장진길 39,,,,"경주 감포에 파도와 시간이 만들어낸 자연 조각품인 전촌용굴은 해식동굴로 전촌항 인근의 해안가에서 만나볼 수 있다. 사룡굴과 단용굴 두 곳이 있으며 이름에서 유추할 수 있듯 용에 관한 설화를 품고 있다. 사룡굴에는 동서남북의 방위를 지키는 네 마리의 용이 살았고 단용굴에는 감포 마을을 지키는 용이 한 마리 살았다는 이야기가 전해진다. 용이 드나들었을 법한 통로가 보이는 두 동굴은 감포읍의 스토리텔링 걷기 길인 감포깍지길 제1, 8구간 코스의 경유지이며 동해안 트레킹코스 해파랑길 11구간을 걷다 보면 만날 수 있는 경관이기도 하다. 또한 최근까지 군사 작전 지역으로 일반인에게 공개되지 않던 곳인데 해파랑길이 조성되기 시작하면서 해안가를 따라 목재 데크 산책로가 조성되어 사룡굴에 어렵지 않게 닿을 수 있게 되었다.",경주 문화관광 https://www.gyeongju.go.kr/tour,129.4959958691,35.7915407491,2752588,12,
2696256,낙안재,,,경상북도 경주시 사정로 46-23 (사정동),,,,"낙안재는 1978년에 지은 한옥을 리모델링하여 전통한옥의 미와 현대적인 감각이 어우러진 한옥 게스트하우스이다. 황리단길 바로 옆에 위치해 있으며 대릉원, 첨성대 및 동궁과 월지 등 주변관광지도 도보로 이동이 가능하다.","<a href=""http://naganjae.modoo.at/""_blank"">http://naganjae.modoo.at/</a>",129.2084125487,35.8359908215,2696256,32,
2910073,뷰델카라반펜션,https://tong.visitkorea.or.kr/cms/resource/24/4071324_image2_1.jpg,,경상북도 경주시 감포로 329-34,,,,"뷰델카라반펜션은 경상북도 경주시 감포읍에 위치한 카라반 숙소로, 오류고아라해변과 인접해 아름다운 동해 바다 풍경을 감상할 수 있는 곳이다. 고급스럽고 세련된 디자인의 카라반이 마련되어 있으며, 객실 내부에는 침대와 TV를 비롯해 취사 및 생활에 필요한 시설이 갖춰져 있어 편안한 휴식을 즐길 수 있다. 바다를 바라보며 머무를 수 있는 쾌적한 환경과 함께 감성적인 캠핑 분위기를 경험할 수 있는 것이 특징이다. 또한 다목적 루프탑 쉼터와 루프탑 야외 수영장, 카페, 야외 영화관 등 다양한 부대시설을 운영해 숙소 안에서도 다채로운 시간을 보낼 수 있다. 인근에는 감포항과 나정 고운 모래해변 등 관광 명소가 자리하고 있어 경주 동해안 여행과 함께 즐기기 좋다.",http://viewdel.co.kr/,129.5080272755,35.8189960632,2910073,28,
2904490,전촌참가자미회,https://tong.visitkorea.or.kr/cms/resource/82/2904482_image2_1.jpg,,경상북도 경주시 북군3길 17-1,,,,"전촌참가자미회는 경상북도 경주시 북군동에 위치한 참가자미회 전문 음식점이다. 한옥으로 지어진 외관에서 고풍스러운 멋이 느껴지며, 깔끔한 분위기의 실내와 단체석이 마련되어 있어 가족 모임이나 각종 모임 장소로 이용하기 좋다. 대표 메뉴는 참가자미회로, 동해 청정해역 수심 150m 내외에서 서식하는 참가자미를 사용한다. 참가자미는 육질이 부드럽고 뼈가 연하며 담백하고 고소한 맛이 특징으로, 가자미류 가운데서도 뛰어난 맛을 지닌 생선으로 알려져 있다. 특히 콜라겐 성분이 함유된 것으로 알려져 있어 많은 이들이 찾는다. 이 밖에도 참가자미찜, 묵은지고등어조림, 물회, 횟밥, 매운탕 등 다양한 메뉴를 즐길 수 있다.",,129.2642241374,35.8535372728,2904490,39,
2906715,산성숯불갈비,https://tong.visitkorea.or.kr/cms/resource/96/2906696_image2_1.jpg,,경상북도 경주시 숲머리길 211,,,,"산성숯불갈비는 경상북도 경주시 보문동에 위치한 한우구이 전문점이다. 30여 년의 전통을 이어오고 있으며, 한옥 건물 특유의 고풍스러운 외관이 눈길을 끈다. 내부는 깔끔하고 편안한 분위기로 조성되어 있으며, 단체석을 갖추고 있어 가족 모임이나 각종 모임 장소로 이용하기 좋다. 대표 메뉴인 한우 등심을 비롯해 한우 꽃갈빗살, 갈빗살, 안창살 등 다양한 부위의 한우를 맛볼 수 있으며, 돼지갈비와 한우 떡갈비 정식 등 식사 메뉴도 함께 제공한다.",,129.2582082854,35.8448965157,2906715,39,
3396283,델레테테,,,경상북도 경주시 첨성로99번길 25-6 (황남동),,,,"델레테테는 경북 경주 황리단길에 위치한 카페로, 유럽풍 인테리어와 아늑한 분위기가 어우러진 공간이다. 감각적으로 꾸며진 실내는 여유롭게 휴식을 즐기기 좋으며, 곳곳에 사진 촬영을 위한 포인트가 마련되어 있어 경주 여행 중 잠시 머물기에도 좋다. 황리단길 특유의 감성을 느낄 수 있는 카페로, 커피와 디저트를 즐기며 한적한 시간을 보낼 수 있다. 주변에는 대릉원, 첨성대, 월정교, 동궁과 월지 등 경주의 대표 관광지가 자리하고 있어 여행 코스와 함께 방문하기에도 좋다.",,129.2122908261,35.8357014867,3396283,39,
3401777,더케이호텔경주,,,경상북도 경주시 엑스포로 45 (신평동),,,,"더케이호텔 경주는 아름다운 경주에 위치한 고급 호텔로, 현대적인 시설과 전통적인 한국의 멋이 조화를 이루고 있다. 스탠다드룸부터 스위트룸까지 여러 유형의 객실을 보유하고 있으며, 웰니스 센터를 비롯한 회의실, 수영장, 레스토랑 등 다양한 편의시설을 통해 여행객들에게 편안함을 선사한다. 위치적인 면에서도 역사적인 명소들과 가까워 관광에도 편리하다.",,129.2909295180162,35.83700439103222,3401777,32,
2904373,운수대통,https://tong.visitkorea.or.kr/cms/resource/48/4069948_image2_1.jpg,,경상북도 경주시 보문로 132-5,,,,"운수대통은 경상북도 경주시 북군동에 있다. 한옥으로 지어진 덕분에 외관에서 고풍스러운 멋이 풍긴다. 깔끔한 분위기를 연출하는 인테리어도 눈에 띈다. 내부에는 단체석이 마련되어 있어 각종 모임을 하기 좋다. 대표 메뉴는 소고기 중 가장 연한 부위인 한우 주먹시다. 이 밖에 꽃갈비살, 양념갈비살, 안창살 등이 준비되어 있다. 식사류는 한우떡갈비정식, 갈비탕, 한우곰탕, 한우국밥 등이 있다. 경주 IC에서 가깝고 주변에 보문관광단지와 경주 동궁원이 있다.",,129.269337537098,35.8538512224705,2904373,39,
990516,경주 성동시장,https://tong.visitkorea.or.kr/cms/resource/69/3530969_image2_1.jpg,,경상북도 경주시 동문로24번길 12 (성동동),,,,"경주에서 가장 큰 도매 상설시장인 경주 성동시장은  약 550여개의 점포가 들어서 있다. 염매시장으로 처음 시작한 성동시장은 1971년 현재 위치에 터를 잡아 지금까지 이어오고 있으며, 2016년에는 지상3층 규모의 주차타워도 건립해 접근성과 편리함을 높였다. 성동시장은 채소거리, 과일거리, 건어물거리, 수산물거리, 잡화거리, 먹자골목 등 품목별로 상점들이 모여 있어 쇼핑하기 편하다는 장점이 있으며 여행자들에게 먹거리천 천국으로 인기가 있는 곳이다. 특히 김밥, 떡볶이, 순대, 튀김 등 분식 메뉴를 파는 분식골목이 인기이며, 다양한 매체에 소개되어 입소문을 탄 우엉김밥, 찰순대 등 명물 분식 메뉴를 다양하게 만날 수 있다. 또한 아울러 한식뷔페촌도 빼놓을 수 없는 인기 장소이다.",경주문화관광 http://gyeongju.go.kr/tour,129.2168,35.8449,990516,38,
2760939,황룡사역사문화관,https://tong.visitkorea.or.kr/cms/resource/76/3500576_image2_1.jpg,,경상북도 경주시 임해로 64-19 (구황동),,,,"경북 경주시 구황동에 위치한 황룡사 역사문화관은 황룡사지의 바로 옆에 건립된 전시관이다. 황룡사의 역사적 의미를 재조명하고 복원에 대한 염원을 담은 곳으로 황룡사지의 연구와 발굴조사 성과를 국민과 공유하기 위해 마련되었다. 황룡사지에서 출토된 유물을 복제하고 유적을 재현 및 전시하여 신라시대 호국사찰의 장엄함을 실제로 느껴볼 수 있다. 내부에는 황룡사 건립부터 소실까지의 과정을 담은 3D 영상 시청각실, 발굴 조사 과정에서 출토된 유물을 전시한 신라 역사전시실 등으로 이루어져 졌다. 1층에는 황룡사 9층 목탑을 10분의 1 크기로 재현한 모형탑도 전시되어 있다. 모형탑 전시실 옆에는 황룡사지가 창밖으로 내다보이는 로비 카페가 있다.",경주문화관광 https://www.gyeongju.go.kr/tour,129.230697851259,35.83825133455013,2760939,14,
127619,황성공원,https://tong.visitkorea.or.kr/cms/resource/18/3499418_image2_1.JPG,,경상북도 경주시 황성동,,,,"경주 황성공원은 신라 때 화랑들의 훈련장으로 쓰인 역사가 있는 오래된 숲에 자리해 있다. 삼릉에 뒤지지 않는 멋스러운 소나무와 수 백 년 수령을 자랑하는 고목이 어우러져 울창한 숲을 이룬다. 여름이면 솔숲 산책로에 맥문동 군락이 조성되어 수려한 풍광을 더 해주고 가을이면 느티나무, 상수리나무, 떡갈나무에 단풍이 아늑하게 물든다. 또한 도심 속 힐링 공간으로 경주 시민과 관광객의 사랑을 지속적으로 받고 있으며 문화유적 답사에 지친 여행자들의 발을 편하게 해주는 쉼터 구실을 하고 있다. 가을 10월 초순에는 격년제로 신라문화제가 개최해 볼거리를 더해준다.",경주 문화관광 https://www.gyeongju.go.kr,127.2144,37.859,127619,12,
128676,경주 교촌마을,https://tong.visitkorea.or.kr/cms/resource/41/3507141_image2_1.JPG,,경상북도 경주시 교촌길 39-2,,,,"경주 교촌마을은 신라 신문왕 2년(682)에 설립된 신라 최초의 국립대학인 ‘국학’이 있던 곳이다. 이 교육기관은 시대에 따라 변화하며 고려시대에는 향학, 조선시대에는 향교로 이어졌다. 마을 이름이 교동, 교촌, 교리 등으로 불린 것도 모두 향교가 있던 곳이라는 사실에서 비롯된다. 마을 주변에는 삼국유사 속 이야기보따리가 곳곳에 숨겨져 있다. 김알지가 태어난 계림, 원효스님과 요석공주의 사랑을 이어준 문천교(蚊川橋) 터, 김유신이 살던 재매정, 월정교와 충담스님, 도화녀를 사랑한 진지왕, 선덕여왕이 만든 첨성대 등 수많은 이야기의 흔적이 교촌과 남천을 따라 펼쳐져 있다. 최부자 고택을 중심으로 향교와 전통한옥이 많이 남아있으며 가까운 곳에 월성, 월정교, 첨성대, 계림, 고분 등 소중한 신라유적이 있어 신라 문화 속의 조선 문화가 공존하는 특별한 곳이다. 또한 새롭게 복원·조성되어 문화유적의 원형을 잘 보존하면서도 관광객이 보고 즐길 수 있는 관광지로 거듭났으며 국내 최대 규모의 목조 교량인 월정교가 복원되어 목조건축의 웅장함을 느낄 수 있다. 또한 야간에는 화려한 조명으로 또 다른 볼거리를 제공해 많은 관광객이 찾는 야경 코스가 되었다.",https://gyeongju.go.kr/gyochon,129.214693367401,35.8296308266303,128676,12,
319577,경주 독락당,https://tong.visitkorea.or.kr/cms/resource/60/3096260_image2_1.jpg,,경상북도 경주시 안강읍 옥산서원길 300-3 (안강읍),,,,"독락당은 회재 이언적(1491∼1553) 선생이 벼슬을 그만두고 고향에 돌아와 지은 집의 사랑채이다. 조선 중종 11년(1516)에 건립된 이 독락당은 정면 4칸, 측면 2칸의 팔작집으로 온돌방(1칸× 2칸)과 대청(3칸× 2칸)으로 되어 있다. 건물의 짜임새는 오량(五樑)에 두리기둥을 세우고 쇠서 하나를 둔 초익공(初翼工)의 공포(拱包)로 꾸몄다. 대청 천장은 서까래가 노출된 연등천장이고 종도리를 받친 대공(臺工)의 모양이 특이하다. 독락당 옆쪽 담장 살창을 달아 대청에서 살창을 통하여 앞 냇물을 바라보게 한 것은 특출한 공간구성이며, 독락당 뒤쪽의 계정(溪亭) 또한 자연에 융합하려는 공간성을 드러내 준다고 하겠다.

◎ 한류의 매력을 만나는 여행 정보 - 드라마 
이인이 바둑을 두던 희수를 처음 만나는 장면, 희수의 다친 발을 냇물에 식히던 장면을 비롯해 의 아름다운 풍경을 책임진 곳이 바로 독락당과 그 옆 계곡이다. 옛 흔적을 고스란히 간직한 독락당 계정에 들어서면 마치 과거에 온 듯 착각이 든다.",https://www.gyeongju.go.kr/tour,129.160076428523,36.0165159212675,319577,12,
2756836,코라드 청정누리 공원 코라디움,https://tong.visitkorea.or.kr/cms/resource/00/3538000_image2_1.jpg,,경상북도 경주시 문무대왕면 동해안로 1249,,,,"코라드 청정누리 공원 코라디움은 경북 경주시에 자리 잡고 있다. 코라디움은 방폐장과 방폐물 관리사업에 대해 올바른 정보와 지식을 얻을 수 있는 홍보 전시실이 조성되어 있으며, 실내에서 쉴 수 있는 휴식공간도 마련되어 있다. 동해와 문무대왕릉을 한눈에 볼 수 있는 전망대도 조성되었다. 자연과 과학이 어우러진 테마파크는 방문객의 휴식 및 소규모 이벤트를 위한 레저문화 공간을 제공하고 온 가족이 즐길 수 있는 산책로와 체험 학습장으로 사용된다. 주차장에는 친환경 태양광 시설을 설치해 조명으로 활용되며 학습과 공연 등 지역주민들을 위한 야외무대도 마련되었다.",https://www.korad.or.kr/,129.481954448351,35.7327307737974,2756836,12,
2904048,신라제면,https://tong.visitkorea.or.kr/cms/resource/36/2904036_image2_1.jpg,,경상북도 경주시 첨성로81번길 22-11,,,,"신라제면은 경상북도 경주시 황남동에 있다. 한옥으로 지어진 덕분에 외관에서 고풍스러운 멋이 풍긴다. 깔끔한 분위기를 연출하는 인테리어도 눈에 띈다. 대표 메뉴는 낙지볶음과 칼국수가 어우러진 신라칼낙지다. 이 밖에 생바지락 칼국수, 감자전, 고기만두, 김치만두 등을 판다. 경주 IC에서 가깝고 주변에 첨성대를 비롯해 국립경주박물관, 경주 교촌한옥마을 등 경주의 유명 관광지가 많다.",,129.212387871513,35.8350690263805,2904048,39,
2752134,솔거미술관,https://tong.visitkorea.or.kr/cms/resource/42/3537842_image2_1.jpg,,경상북도 경주시 경감로 614 (천군동),,,,"경주 솔거미술관은 한국화의 거장 소산 박대성 화백이 작품 830여 점을 기증하며 건립이 추진된 공립미술관이다. 2015년 실크로드 경주 엑스포 개막과 함께 문을 열었으며, 승효상 건축가가 설계하여 '사람과 공간, 자연의 경계가 허물어지는 공간'을 구현했다.
관람객의 동선을 배려해 미로처럼 유기적으로 분리된 전시 공간은 박대성 화백의 상설전시실과 다채로운 기획전시실로 나뉜다. 특히 상설전시실에는 자연광이 쏟아지는 커다란 창이 있어 계절마다 변하는 밖의 풍경이 마치 하나의 작품처럼 느껴지는 것으로 유명하며, 작품에 대한 깊이 있는 이해를 돕기 위한 도슨트 프로그램도 운영하고 있다.",https://www.gjsam.or.kr/ko/,129.288867087571,35.8322527041009,2752134,14,
3494364,경주 깁 모어 막걸리,https://tong.visitkorea.or.kr/cms/resource/36/3494336_image2_1.JPG,,경상북도 경주시 원효로 153 (황오동),,,,"경주 깁 모어 막걸리는 전통 항아리를 활용해 막걸리를 빚는 양조장으로, 체리, 찰보리, 신라봉 등 지역 특산물을 활용한 다양한 막걸리를 선보이는 곳이다. ‘희로애락(喜怒哀樂)’의 감정을 담아 술을 빚는 것을 특징으로 하며, 전통주를 통해 지역의 이야기와 감성을 전한다. 이곳에서는 술 빚기 클래스와 함께 술지게미를 활용한 천연 비누 만들기 체험을 운영하고 있어 전통 발효 문화를 직접 경험할 수 있다. 또한 체험과 함께 막걸리와 천연 비누도 구매할 수 있다.",https://www.instagram.com/gyeongju_sik_brewery,129.21785102523654,35.841837533401694,3494364,12,
126207,경주 첨성대,https://tong.visitkorea.or.kr/cms/resource/81/3554381_image2_1.jpg,,경상북도 경주시 첨성로 140-25,,,,"첨성대는 신라 제27대 선덕여왕 때 건립된 것으로 추정되며 경주를 상징하는 랜드마크 중 하나이다. 받침대 역할을 하는 기단부(基壇部) 위에 술병 모양의 원통부(圓筒部)를 올리고 맨 위에 정(井) 자형의 정상부(頂上部)를 얹은 모습으로 높이는 약 9m이다. 원통부는 부채꼴 모양의 돌로 27단을 쌓아 올렸다. 남동쪽으로 난 창을 중심으로 아래쪽은 막돌로 채워져 있고 위쪽은 정상까지 뚫려서 속이 비어 있다. 동쪽 절반이 판도라로 막혀있는 정상부는 정(井) 자 모양으로 맞물린 기다란 석재의 끝이 바깥까지 뚫고 나와있다. 이런 모습은 19~20단, 25~26단에서도 발견되는데 내부에서 사다리를 걸치기에 적당했던 것으로 보인다. 옛 기록에 의하면, “사람이 가운데로 해서 올라가게 되어있다”라고 하였는데, 바깥쪽에 사다리를 놓고 창을 통해 안으로 들어간 후 사다리를 이용해 꼭대기까지 올라가 하늘을 관찰했던 것으로 보인다. 
첨성대를 이루는 돌들은 저마다의 의미를 가진다. 위는 둥글고 아래는 네모진 첨성대의 모양은 하늘과 땅을 형상화했다. 첨성대를 만든 365개 내외의 돌은 1년의 날수를 상징하고, 27단의 돌단은 첨성대를 지은 27대 선덕여왕을, 꼭대기 정자석까지 합치면 29단과 30단이 되는 것은 음력 한 달의 날수를 상징한다. 관측자가 드나들었을 것으로 추측되는 가운데 창문을 기준으로 위쪽 12단과 아래쪽 12단은 1년 12달, 24 절기를 표시한다. 하늘의 움직임을 계산해 농사 시기를 정하고, 나라의 길흉을 점치는 용도로도 첨성대가 활용되었음을 짐작할 수 있는 대목이다.  

◎ 한류의 매력을 만나는 여행 정보 - 드라마 
과거의 특별한 인연으로 묶인 보겸과 지아가 서로를 스쳐 지나갔던 첨성대는 경주를 대표하는 랜드마크이자 세계에서 가장 오래된 천문대다. 유적으로서 관람가치가 뛰어난 것은 물론 계절마다 다양한 꽃과 식물이 피어나 나들이를 즐기려는 관광객이 많이 찾는다.",http://www.gyeongju.go.kr/tour,129.218534537847,35.8343303426799,126207,12,
2633891,화랑마을,https://tong.visitkorea.or.kr/cms/resource/95/3501295_image2_1.jpg,,경상북도 경주시 석현로 123,,,,"경주시 화랑마을은 우리의 고귀한 문화유산인 화랑의 정신과 문화를 재조명하고 확대 및 발전시켜 청소년 수련활동과 글로벌 체험관광, 휴양 문화의 새로운 패러다임을 열어가는 곳이다. 화랑마을은 청소년수련시설의 기능뿐 아니라 가족단위 관광객들이 콘텐츠를 즐길 수 있는 화랑전시관, 휴식과 힐링을 즐길 수 있는 어울마당, 어린이놀이터, 산책하기 좋은 코스 등 주변 부대시설을 갖추고 있으며, 야경이 아름다워 경주시의 새로운 랜드마크로 평가받는다. 또한, 화랑마을은 글로벌 체험형 교육, 문화 및 관광, 휴양 프로그램과 청소년 수련과 교류, 문화 활동 등 다양한 체험, 회의, 세미나 등 목적을 위한 시설 대관 사업을 하고 있다.",https://www.gyeongju.go.kr/hwarang/index.do,129.178468094847,35.8607514419626,2633891,12,
1718137,신라문화제,https://tong.visitkorea.or.kr/cms/resource/83/4063783_image2_1.JPG,,경상북도 경주시 노동동 261,,,,"신라문화제는 1962년 제1회를 시작으로 올해 제53회를 맞이한다. 월정교를 배경으로 신라의 찬란한 역사를 재현하는 화백제전과
수많은 아티스트가 참여해 화려한 공연을 선보이는 거리예술축제, 실크로드페스타까지 다채로운 콘텐츠가 가득하다. 화랑힙합페스타는 고분을 배경으로 국내 최정상급 힙합 아티스트의 공연이 펼쳐져 경주에서만 볼 수 있는 이색적인 풍경을 선사한다. 즐거움을 더하는 낭만 야시장인 달빛난장은 경주 지역 상인이 직접 참여하여 경주의 맛을 자랑한다. 이처럼 천년고도 경주를 대표하는 축제인 신라문화제에서는 역사와 예술이 하나로 어우러지는 특별한 순간을 만나볼 수 있다.",https://www.gyeongju.go.kr/,129.210644,35.841281,1718137,15,"054-776-5265"
4063506,보문갈비,https://tong.visitkorea.or.kr/cms/resource/87/4063487_image2_1.jpg,,경상북도 경주시 보문로 529 (천군동),,,,"보문갈비는 경주 보문관광단지 경주월드 맞은편에 위치한 숯불갈비와 함흥냉면 전문 한식당이다. 오너 셰프 민솔이 운영하며, 직접 숙성한 수제 양념 돼지갈비와 한우 갈빗살, 자가제 함흥냉면, 갈비탕을 제공한다. 한우 육회, 일본식 계란찜, 더덕구이, 수제 장아찌 등 고급 상차림을 별도 비용 없이 함께 제공하는 것이 특징이다. 매장 앞뒤와 인근 부지에 100대 이상 무료 주차가 가능하고, 1층과 2층에 넓은 좌석을 갖추고 있어 가족 여행객과 단체 이용객이 점심과 저녁 식사 장소로 이용하기 좋은 음식점이다. 경주월드, 보문호, 힐튼 경주, 화백컨벤션센터와 가까워 보문관광단지 여행 동선에 맞춰 방문하기 편리하다.",,129.285349346667,35.8369910774607,4063506,39,
126210,경주 무열왕릉·태종무열왕릉비,https://tong.visitkorea.or.kr/cms/resource/36/4063436_image2_1.jpg,,경상북도 경주시 능남길 10-4,,,,"경주 무열왕릉은 신라 제29대 태종(太宗) 무열왕(재위 654∼661, 김춘추)의 능이다. 경주 북서쪽에 있는 선도산(仙桃山)에서  남쪽으로 뻗은 구릉의 말단부에 위치해 있다. 김춘추는 신라 중대(中代)의 첫 진골(眞骨) 출신 왕으로 당과 연합하여 백제를 병합하고 통일 대업의 기반을 닦았으나 통일을 완수하지 못하고 세상을 떠났다. 능은 밑둘레 114m, 높이 8.7m로 비교적 큰 편이며 능 아래쪽은  자연석을 쌓고 드문드문 큰 돌로 받쳤으나  지금은 흙 속에 묻혀 있다. 동쪽에 비석을 세웠던 돌거북 받침돌과 머릿돌이 남아있는데, 무열왕의 둘째 아들인 김인문(金仁問)이 쓴 '태종무열대왕지비(太宗武烈大王之碑)'라는 글씨가 돋을새김 되어 있어 이곳이 무열왕의 능임을 알 수 있다.",경주문화관광 http://www.gyeongju.go.kr/tour,129.187812691001,35.8250253035871,126210,12,
2774293,황룡원,https://tong.visitkorea.or.kr/cms/resource/84/4063384_image2_1.jpg,,경상북도 경주시 엑스포로 40 (신평동),,,,역사 속 유물인 신라시대 황룡사 구층탑 양식의 중도탑을 현대 과학기술과 건축공법으로 재해석하여 지은 이색 건축물이다. 보문 단지의 새로운 랜드마크로 꼽힐 만큼 주목받고 있는 이 건물은 현재 개인과 기업 등을 대상으로 다양한 명상과 수행 프로그램을 운영하는 연수원으로 사용되고 있다. 때문에 사전 예약자에 한해 시설 이용이 가능한데 1시간 내외의 가벼운 생활명상을 체험하는 일일투어를 비롯해 1박 2일과 2박 3일 코스도 운영된다. 물론 내외부 일부 공간은 일반인들도 방문 가능하다. 숙소는 탑 내부에 자리한 온돌 타입과 중도타워를 바라볼 수 있는 다양한 타입의 연수동으로 나뉜다. 특히 경주 세계 문화엑스포 공원 내 장미공원에서 바라본 황룡원 전경이 무척 아름답다.,http://www.hwangnyongwon.com,129.290063861643,35.8368341938528,2774293,12,
2902711,홈플러스 메가푸드마켓 경주점,https://tong.visitkorea.or.kr/cms/resource/60/4017460_image2_1.jpg,,경상북도 경주시 공단로 97 (용강동),,,,"홈플러스는 합리적인 가격과 다양한 상품 구성을 갖춘 대한민국 유통 브랜드입니다. 신선식품, 생활용품, 가전제품까지 한곳에서 구매할 수 있으며, 온라인 배송 서비스를 통해 편리하고 실속 있는 쇼핑 경험을 제공합니다.",homeplus.co.kr,129.224862824113,35.8734414960679,2902711,38,
2603500,경주 양남 주상절리 전망대,https://tong.visitkorea.or.kr/cms/resource/44/4063244_image2_1.jpg,,경상북도 경주시 양남면 동해안로 498-13,,,,"국가지질공원으로 지정된 양남 주상절리군을 한눈에 조망할 수 있는 전망대로 지난 2017년 10월 지어졌다. 양남 주상절리는 양남면 읍천리의 해안을 따라 발달한 주상절리군이다. 위로 솟은 주상절리뿐만 아니라 부채꼴 주상절리, 기울어진 주상절리, 누워있는 주상절리 등 다양한 형태의 주상절리를 관찰할 수 있다. 그중에서도 압권은 펴진 부채 모양과 같이 둥글게 펼쳐진 부채꼴 주상절리이다. 세계적으로도 유례를 찾기 어려운 아주 희귀한 형태로, 지난 2012년 9월 천연기념물로 지정되었다. 주상절리 전망대에서는 상절리 전망대 안에는 양남 주상절리를 비롯한 다양한 지질자원들에 대한 전시 콘텐츠를 관람할 수 있다. 또한, 지질 해설사가 상주해 관람객들에게 해설도 제공한다.",경주문화관광 https://www.gyeongju.go.kr/tour,129.471870546961,35.6890301946692,2603500,12,
128637,경주 감은사지,https://tong.visitkorea.or.kr/cms/resource/19/4063219_image2_1.jpg,,경상북도 경주시 문무대왕면 용당리 17,,,,"감은사는 동해안에 있는 통일신라시대의 사찰로 신라 문무왕이 삼국을 통일한 후 부처의 힘을 빌어 왜구의 침입을 막고자 세운 절이다. 절이 다 지어지기 전 문무왕이 죽자, 그 뜻을 이어받아 아들 신문왕이 682년 완성했다. 문무왕은 죽기 전 내가 죽으면 바다의 용이 되어 나라를 지키고자 하니 화장하여 동해에 장사를 지낼 것을 유언했다. 문무왕을 장사한 곳이 대왕암이며, 신문왕이 이곳 사찰을 완성하고 부왕의 은혜에 감사한다는 의미로 이름을 감은사라 지었다고 한다.
지금은 3층 석탑 2기와 금당 및 강당 등 건물터만 남아있으며, 황룡사, 사천왕사와 함께 나라를 보호하는 호국사찰로 언제 절이 무너졌는지는 밝혀지지 않고 있다. 현재의 모습인 경주 감은사지는 1979년부터 2년에 걸쳐 전면 발굴조사를 실시해 얻은 자료를 통해 창건 당시의 건물 기초대로 노출 정비한 것이다. 아울러 금당의 지하에는 동해 바닷물이 유입되는 통로를 만들어 바다용이 된 문무대왕의 이 통로를 통해 들어와 휴식을 취할 수 있도록 상징적인 공간을 만들었다는 흔적도 있다. 또한 감은사터의 상징인 우뚝 솟은 두 3층 석탑은 통일신라 초기의 탑으로 수십 개의 부분을 조립해 세웠다. 이 탑들은 우리나라 석탑 가운데 가장 큰 것이다.",경주문화관광 http://www.gyeongju.go.kr/tour국가유산청 https://www.heritage.go.kr/,129.4766275,35.7483222,128637,12,
4062064,"쉼표：비우고, 머무르고, 채우는",https://tong.visitkorea.or.kr/cms/resource/26/4062226_image2_1.jpg,,경상북도 경주시 금성로 260-6 (노서동),,,,"작가 최영욱의 작업은 언제나 하나의 근원적 질문에서 출발한다.
“삶은 어떤 흔적을 남기며, 그 흔적은 어디로 흘러가는가.”  그는 이 질문을 ‘카르마(Karma)’라는 이름으로 20여 년 넘게 탐구해 왔다. 카르마는 단순한 시리즈의 제목이 아니라 그의 회화적 세계를 움직이는 중심 개념이며, 존재를 바라보는 태도이자 세계와 관계 맺는 방식을 규정하는 구조이다. 작가에게 달항아리의 선은 실제 균열의 재현이 아니라 자신의 이야기를 담아내는 드로잉이며, 선들이 만나고 헤어지고 다시 이어지는 모습 속에서 그는 인생의 순환을 읽어냈다. 그 과정에서 ‘카르마’라는 제목을 얻었고, 이는 특정한 종교적 해석에서 머무르기 보다는 열심히 살아낸 삶이 결국 긍정으로 되돌아온다는 믿음을 담은 이름이다.
본 전시는 탐색, 발견, 내면화, 확장이라는 네 개의 섹션으로 구성된다. 이 네 개의 여정은 형식적 구획을 넘어, 작가의 30년 작업 세계를 가로지르는 사유의 흐름이자 그의 회화적 삶이 성숙해 온 궤적을 가시화하는 구조이다. 전시를 마주하는 관객이 작가의 여정을 따라가며 자신의 카르마를 떠올리고, 각자의 내면세계로 깊이 들어가 자기 삶에 대해 조용히 고찰하는 시간을 가질 수 있는 전시이다. 이번 전시는 그러한 사유의 문을 여는 작은 계기가 되고자 한다.",공식 홈페이지 https://oar-museum.com,129.207631152376,35.8405467269236,4062064,15,"054-705-5501"
3090417,경주 왕의 길,https://tong.visitkorea.or.kr/cms/resource/04/3090404_image2_1.JPG,,경상북도 경주시 추원길 90 (황용동) 모차골~기림사,,,,"경주 왕의 길이란 추령터널과 기림사를 잇는 함월산 아랫자락 편도 3.9㎞의 걷기 좋은 숲길이다. 추령터널 옆 진입로를 따라 2.5㎞의 시골길을 40~50분 정도 걸으면 왕의 길 초입인 모차골 입구에 닿는다. 모차골은 마차가 다니던 곳이라 하여 ‘마차골’로 불리다가 모차골이 되었다. 여기서부터가 본격적인 '왕의 길'이다. 신문왕이 마차를 타고 아버지 문무왕의 묘를 찾아가는 길이자 나라를 구원할 힘을 얻은 길이고 또 이보다 앞서 문무왕의 장례 행렬이 지나간 길이기도 하다. 처음엔 ‘신문왕길’ 혹은 ‘신문왕 호국행차길’이라 불리다가 현재는 공식적으로 ‘왕의 길’로 불린다. 초입은 좁은 오솔길이나 곧 마차와 수레가 다닌 넓은 길이 나오고 이정묘가 있다.  숲길은 수레가 넘어졌다는 수렛재, 급한 경사에서 말이 굴렀다는 말구부리, 신문왕이 손을 씻었다는 세수방을 지나 신문왕이 옥허리띠의 한 조각을 물에 넣자 용이 돼 승천하며 이 폭포가 만들어졌다는 용연폭포에서 절정에 이른다. 폭포를 지나 800m 더 내려가면 불국사보다 먼저 지어진 고사찰 기림사가 있는데 여기까지 왕복 8㎞ 가볍게 걸을 수 있는 숲길이며 기림사 아래서 버스를 타고 시내로 갈 수 있다.",경주문화관광 https://www.gyeongju.go.kr/tour,129.364064824052,35.8155967912445,3090417,12,
3588481,플래시백 계림,https://tong.visitkorea.or.kr/cms/resource/78/3588478_image2_1.jpg,,경상북도 경주시 천북남로 14 (신평동) 플래시백 계림,,,,"경주시에 위치한 플래시백 계림은 신라의 건국부터 통일 신라까지 아우르는 지역의 고유한 서사를 기술·공간·빛으로 재구성한 몰입형 미디어 아트 전시관이다. 경주 보문관광단지에 내에 자리잡고 있으며 국내 최대 규모인 1,700평, 최고 층고 11미터의 공간을 바탕으로 관람객이 신라의 신화·설화 속 세계를 직접 걸으며 공감각적 체험을 할 수 있도록 구성했다. 초대형 프로젝션과 고해상도 미디어, 몰입형 사운드가 어우러진 전시는 13개 공간이 하나의 대서사로 연결되어 전통과 현대 기술이 어우러진 연출로 시간과 기억의 경계를 넘나드는 경험을 선사한다.",공식 홈페이지 https://flashbackground.co.kr공식 인스타그램 https://www.instagram.com/flashback_gyerim,129.29023895928268,35.84443508559838,3588481,14,
3559531,읍천항,https://tong.visitkorea.or.kr/cms/resource/11/3534311_image2_1.jpg,,경상북도 경주시 양남면 양남항구길 46,,,,"경주시 양남면에 자리한 읍천항은 바다와 맞닿아 있는 작고 아담한 항구이다. 방파제가 바다를 감싸 안은 듯한 모양을 하고 있으며, 규모는 크지 않지만 곳곳에 볼거리와 즐길 거리가 많다. 주변에는 시원한 바닷바람을 만끽할 수 있는 출렁다리가 설치되어 있어 산책을 즐기기 좋고, 하트 모양으로 오목하게 들어간 해변과 읍천항의 등대를 배경으로 하여 사진을 찍기에도 좋다. 읍천항은 특히 주상절리 파도소리길을 걷기 위해 방문하는 경우가 많은데 화산 활동으로 형성된 주상절리 절벽을 마주하며 걸을 수 있는 이색 트레킹 코스이다. 가족 단위 여행객은 물론 친구, 연인과 함께 방문해 특별한 추억을 남기기 좋은 항구이다.",,129.4757,35.6914,3559531,12,
2485128,경주 대릉원돌담길 축제,https://tong.visitkorea.or.kr/cms/resource/11/4059511_image2_1.jpg,,경상북도 경주시 황남동 계림로 대릉원돌담길,,,,"벚꽃 개화 시기에 맞춰 진행되는 축제로, 경주의 대표적인 봄 축제이다.  벚꽃의 절경을 감상할 수 있을 뿐만 아니라 다양한 공연, 체험, 먹거리 등이 가득하다. 대릉원 돌담길 구간이 축제 기간 전면 교통통제되어 보다 안전한 보행 환경에서 축제를 즐길 수 있다.
경주 대릉원돌담길 축제만의 특별한 콘텐츠를 소개하자면, 마임, 댄스, 서커스 등 다양한 거리예술로 눈이 행복한 ""벚꽃거리예술로"",  매일 밤 벚꽃 터널을 화려하게 수놓는 ""벚꽃라이트"", QR 코드로 간편하게 주문하고 다회용기를 사용하는 ""돌담길 레스토랑"", 아이와 함께 동심의 세계로 떠나 함께 놀이를 즐겨볼 수 있는 ""도로 위 놀이터"" 등이 있다.",https://garts.kr/index.do?menuId=00000238#tab1l,129.213294,35.840154,2485128,15,"054-776-5267"
3029666,경주레져,https://tong.visitkorea.or.kr/cms/resource/56/3029656_image2_1.jpg,,경상북도 경주시 보문로 4-72 (북군동),,,,"보문 단지 내 위치한 경주레저는 카트, 서바이벌, 사륜구동차를 한곳에서 즐길 수 있는 곳으로 24개월 이상부터 성인까지 누구나  액티비티 활동을 할 수 있는 장소이다. 핸들 조작을 하고 싶어 하는 어린 자녀와 부모가 함께 탈 수 있는 2인승 카트와 스피드를 낼 수 있는 긴 카레이싱 코스가 있다. 시원한 자연을 배경으로 비포장도로를 달리는 스릴감 넘치는 산악바이크. 페이트탄을 이용한 사격, 6인 이상 참여 가능한 서바이벌 게임 등이 준비되어 가족단위는 물론 연인, 친구, 단체 등으로 경주에서의 액티비티를 원한다면 방문하기를 권한다. 모든 코스를 진행하기 전 안전 수칙과 교육, 안전모 착용은 필수이다.",http://gjleisure.co.kr,129.26561403821043,35.8487923319149,3029666,28,
3486762,오아르미술관,https://tong.visitkorea.or.kr/cms/resource/66/3488066_image2_1.jpg,,경상북도 경주시 금성로 260-6 (노서동),,,,"오아르(OAR)미술관은 ‘오늘 만나는 아름다움’이라는 뜻으로 경주 출신의 개인 컬렉터 김문호 관장이 2005년도부터 수집한 개인 소장품 약 600점을 가지고 설립한 사립 미술관이다. 경주시 노서동 고분군 공원 부지에 자리한 오아르미술관은 지상 2층, 지하 1층, 연면적 1,594.06㎡ 규모의 신규 건축물로,신라 시대 왕과 왕비의 고분이 함께 있는 경주 대릉원 옆에 위치하고 있다.
한국의 전통 예술과 세계적인 현대 미술이 조화롭게 공존하는 예술적 아지트를 지향하고 있으며, 천년 고도 경주의 전통과 현대의 예술이 만나 아름다운 조화를 이루고 있다. 또한 다채로운 전시, 교육, 행사, 아카이브를 통해 누구나 쉽게 현대미술을 접하고 향유할 수 있는 경주의 새로운 예술적 랜드마크이다.",https://oar-museum.com/,129.20763579635073,35.840548251964755,3486762,14,
2765375,양지다방,,,경상북도 경주시 사정로57번길 7-2,,,,"황리단길에 위치한 옛날 다방 콘셉트의 카페다. 카페 인테리어는 물론 옛 소품들에서 레트로 감성이 짙게 느낄 수 있다. LP가 가득 꽂혀있는 뮤직박스가 그 예다. 실내와 외부에 모두 테이블이 준비되어 있어 다양한 공간에서 음료와 디저트를 즐길 수 있다. 대표메뉴는 아메리카노에 인절미크림과 떡꼬치가 올라간 양지슈페너, 카페라떼에 인절미크림과 떡꼬치가 올라간 양지크림라떼, 프림과 설탕이 들어가 달달한 다방커피 등이 있다. 또한 퐁신한 수플레도 이곳의 인기메뉴이다.",,129.209204773662,35.8372687045791,2765375,39,
2904285,옛고을토속순두부,,,경상북도 경주시 숲머리길 132,,,,"옛고을토속순두부는 경상북도 경주시 보문동에 위치한 두부요리 전문점이다. 한옥으로 지어진 외관에서 고풍스러운 멋이 풍긴다. 깔끔한 분위기를 연출하는 인테리어도 눈에 띈다. 내부에는 단체석이 마련되어 있어 각종 모임을 하기 좋다. 대표 메뉴는 훈제오리두부이며 훈제삼겹두부, 통삼겹훈제, 통오리훈제 등도 많은 사람이 찾는다. 식사류는 토속순두부찌개, 맑은순두부찌개, 산채비빔밥 등이 준비되어 있다. 경주 IC에서 가깝고 주변에 보문관광단지와 경주 동궁원이 있다.",,129.250525772578,35.8414634423656,2904285,39,
2902223,해맞이회타운,,,경상북도 경주시 동해안로 1514,,,,"해맞이회타운은 경상북도 경주시 감포읍 대본리에 있다. 30년 가까이 영업 중인 이곳은 깔끔한 외관과 차분한 분위기를 연출하는 인테리어가 눈에 띈다. 100명을 동시에 수용할 수 있는 내부에는 단체석이 마련되어 있어 각종 모임을 하기 좋다. 대표 메뉴는 참돔, 농어 등 각종 생선회다. 이 밖에 물회, 횟밥, 전복죽, 우럭구이, 우럭매운탕 등을 판다. 여러 가지 해산물 등을 맛볼 수 있는 해맞이 코스, 스페셜 코스도 준비되어 있다. 동경주 IC에서 가깝고 주변에 경주문무대왕릉과 나정고운모래해변이 있다.",,129.486601,35.746976,2902223,39,
2905383,갈매기횟집,https://tong.visitkorea.or.kr/cms/resource/71/2905371_image2_1.jpg,,경상북도 경주시 대밑길 12-17,,,,"경상북도 경주시 감포읍 대본리에 위치한 갈매기횟집은 MBC 시사 교양 프로그램 에 출연한 바 있다. 깔끔한 외관과 차분한 분위기를 연출하는 인테리어가 눈에 띈다. 내부에는 단체석이 마련되어 있어 각종 모임을 하기 좋다. 창밖으로 펼쳐지는 감포 앞바다의 풍광도 멋지다. 대표 메뉴는 각종 싱싱한 활어회, 전복회·멍게, 가자미구이, 매운탕까지 맛볼 수 있는 세트 메뉴이다. 이 밖에 자연산 모둠회, 장어구이, 우럭구이, 가자미구이, 물회, 참가자미 물회, 과메기 등이 준비되어 있다.",,129.486703616332,35.7460820629496,2905383,39,
3036159,플레이스 씨,https://tong.visitkorea.or.kr/cms/resource/98/3543198_image2_1.jpg,,경상북도 경주시 국당2길 2 (사정동),,,,"경주 오릉 근처에 있는 복합문화공간 플레이스 씨(Place C)는 많은 사람이 모여 예술을 즐기고 맛있는 음식을 먹으며 좋은 시간을 보낼 수 있도록 마련된 공간이다. 세계적인 작가들의 전시 등이 펼쳐지며, 야외 정원도 조성되어 있어 문화 활동과 치유의 시간을 가질 수 있는 곳이다. 한옥에 현대적인 요소를 곁들인 건축물은 소박하면서도 고급스러운, 편안하면서도 지적인 감각을 제공한다. 카페에서는 높은 퀄리티를 자랑하는 하동의 프리미엄 차 라인과 플레이스 씨에서 자체적으로 개발한 다양한 티 베리에이션을 판매 중이다. 또한, 음식점에서는 지역 농가로부터 신선한 식재료를 당일 수급하여 음식 조리 및 먹거리를 제공하고 있다.",공식 홈페이지 https://placec.co.kr/공식 인스타그램 https://www.instagram.com/placec.official/,129.206683,35.82626,3036159,14,
3036201,경상북도교육청 경주안전체험관,https://tong.visitkorea.or.kr/cms/resource/91/3036191_image2_1.jpg,,경상북도 경주시 안강읍 안현로 1853-12,,,,"경상북도교육청 경주안전체험관은 생활 속의 안전사고에 대한 위험성을 학생 스스로 인지하여 예방하고 각 재난 상황에 맞는 대응 능력을 기르기 위해 건립된 체험교육 중심의 종합 안전체험관으로 학생의 발달단계에 맞는 체계적인 안전체험 교육 프로그램을 운영하고 있다. 유치원생, 초·중·고등학생을 대상으로 안전 교육 7대 표준안을 바탕으로 한 생활안전체험, 재난안전체험, 교통안전체험, 응급처치 체험, 생명존중 체험 등 총 7개 체험관, 25개 체험실과 4D영상실로 구성되어 있다. 체험은 홈페이지를 통해 사전 예약해야 하며 단체로 진행된다. 각 교육기관 주체 또는 개인일 경우에는 최소 10명 이상 체험 시 신청 가능하다.",https://www.gbe.kr,129.22557953438684,36.02096267543983,3036201,12,
3036287,경주쪽샘유적발굴관,https://tong.visitkorea.or.kr/cms/resource/48/3036248_image2_1.jpg,,경상북도 경주시 태종로 788 (황오동),,,,"경주 쪽샘지구는 대릉원 동쪽에 위치한 황오리 고분군(황오동, 황남동, 인왕동) 일대를 일컫는 것으로 4~6세기 신라 왕족과 귀족의 집단 묘역으로 총면적은 38만 4000㎡ 정도의 국내 대표적 신라 왕족 및 귀족 유물 발굴지다. 1960년대 이후 이곳에 민가가 들어서면서 고분 유적의 훼손이 심각해짐에 따라 문화재청과 경주시는 고분군 발굴을 위해 이 지역 민가와 사유지 등을 사들인 뒤 2007년부터 발굴을 시작하였다. 경주시는 연면적 1,900여㎡, 2층 규모의 쪽샘지구유적발굴관을 지어 수장고와 함께 내부에 유물 발굴 공간을 직접 볼 수 있는 관람 통로 등이 설치되어 있고 2층 전체는 유리로 마감되어 쪽샘지구 발굴 현장을 한눈에 관람할 수 있도록 하였다. 국내 최대 규모의 왕족과 귀족들이 집단 묘역인 쪽샘지구 고분 발굴 현장을 일반인들이 직접 관람할 수 있는 것은 물론, 발굴 과정과 발굴된 고분에 대한 이야기와 사진 등이 전시되어 있다.",,129.2143085970829,35.83995410382023,3036287,14,
2876287,구황반점,,,경상북도 경주시 원효로 239,,,,"구황반점은 경상북도 경주시에 위치한 중식당으로 가격이 무척 저렴하지만 맛은 저렴하지 않고 훌륭해 많은 사람들이 중식을 먹고 싶은 날이면 이곳으로 찾아간다. 대표메뉴는 해물이 푸짐하게 들어간 짬뽕과 느끼한 맛이 없는 짜장면이다. 짬뽕과 짜장면은 대중소로 나뉘어 있어 먹는 양에 맞게 선택하여 먹을 수 있으며 이외에도 간짜장과 탕수육, 우동, 고추밥 등 다양한 중식이 준비되어 있다. 또 안주용으로 짬뽕국물과 잡채, 군만두도 판매하고 있다.",,129.227222403503,35.8415185451591,2876287,39,
2902305,형제반점,,,경상북도 경주시 감포로 94,,,,"형제반점은 경상북도 경주시 감포읍 감포리에 있다. 깔끔한 외관과 예스러운 분위기를 연출하는 인테리어가 눈에 띈다. 조리명장이 직접 운영하는 것으로 유명하다. 대표 메뉴는 매콤한 맛이 일품인 중화비빔밥이다. 이 밖에 짜장면, 형제짬뽕, 짬뽕밥, 만두, 탕수육, 팔보채, 깐풍육 등을 판다. 동경주 IC에서 가깝고 주변에 감포항과 송대말등대 빛체험전시관이 있다.",,129.501678349434,35.8025562210268,2902305,39,
2902837,정화송이순두부,,,경상북도 경주시 북군길 5,,,,"정화송이순두부는 경상북도 경주시 북군동에 있다. 영업을 시작한 지 30여 년 된 이곳은 SBS 시사 교양 프로그램 에 소개된 바 있다. 한옥으로 지어진 덕분에 외관에서 고풍스러운 멋이 풍긴다. 깔끔한 분위기를 연출하는 인테리어도 눈에 띈다. 내부에는 단체석이 마련되어 있어 각종 모임을 하기 좋다. 대표 메뉴는 하루에 100인분만 판매하는 송이순두부찌개다. 순두부찌개와 맑은순두부찌개도 인기가 많다. 이 밖에 시래기국, 등심두부탕수육, 해물파전, 두부김치 등이 준비되어 있다. 오전 7시에 문을 열기 때문에 여행길에 아침 식사를 하기 제격이다. 경주 IC에서 가깝고 주변에 보문관광단지와 경주동궁원이 있다.",,129.262435477897,35.8514124905142,2902837,39,
2903688,토함,,,경상북도 경주시 숲머리길 159 (보문동),,,,"토함은 경상북도 경주시 보문동에 있다. 초가집으로 지어진 덕분에 외관에서 예스러운 멋이 풍긴다. 고풍스러운 분위기를 연출하는 인테리어도 눈에 띈다. 내부에는 단체석이 마련되어 있어 각종 모임을 하기 좋다. 대표 메뉴는 갈치조림 정식이며 고등어조림정식과 산채정식도 인기가 많다. 이 밖에 동태찌개, 산채비빔밥, 돈가스, 촌두부수육, 모둠생선구이 등이 준비되어 있다. 경주 IC에서 가깝고 주변에 보문관광단지와 경주동궁원이 있다.",,129.25318584697283,35.84298542524648,2903688,39,
2904001,승진식당,,,경상북도 경주시 안강읍 비화동길 22,,,,경주에 위치한 승진식당은 국물이 자작한 고추장 양념의 돼지두루치기가 유명한 한식당이다. 이곳은 원래 포장마차였는데 가게를 넓혀 지금의 모습이 되었다. 돼지두루치기 한 가지만을 선보이고 있다. 칼칼한 맛을 내는 국물에 느타리버섯을 올려 자작하게 끓여서 밥과 함께 먹어도 좋고 마지막에 볶음밥을 먹어도 좋다.,,129.225101,35.990118,2904001,39,
2904392,원조간바지식당,,,경상북도 경주시 소금강로57번길 2 (용강동),,,,"1981년에 영업을 시작한 원조간바지식당은 경상북도 경주시 용강동에 있다. 세월의 흔적이 엿보이는 외관과 포장마차가 연상되는 인테리어가 눈에 띈다. 대표 메뉴는 양념한 돼지고기를 연탄불에 구워서 먹는 간바지다. 돼지껍데기와 된장찌개도 판다. 경주 IC에서 가깝고 주변에 보문관광단지와 경주 동궁원이 있다.",,129.22668435210255,35.86004037322744,2904392,39,
2781625,금장대 수변공원,https://tong.visitkorea.or.kr/cms/resource/86/4056786_image2_1.jpg,,경상북도 경주시 석장동 1211-1,,,,경주 형산강을 끼고 우뚝 솟은 암벽 금장대는 예부터 기러기도 쉬어가는 곳이라 하여 금장낙안(金藏落雁)으로 불렸다. 김동리의 단편소설 『무녀도』의 배경이 되기도 했던 이곳엔 팔작지붕을 얹은 누각이 자리해 예스러운 정취를 즐기기 좋다. 금장대 입구에 자리한 금장대 습지공원은 하천 내 자연적으로 형성된 습지에 교육 및 체험의 기능을 부여하여 이용객들에게 형산강의 동식물 및 생태를 관찰하고 탐구할 수 있는 공간을 제공하기 위해 조성되었다. 공원은 소셜 미디어를 통해 주목받기 시작했다. 초록빛 공원 풍경과 버려진 폐목선 한 척이 수채화처럼 어우러져 사진촬영 명소로 입소문이 났기 때문이다. 특히 벚꽃이 만개할 무렵이면 턱시도와 드레스를 입고 웨딩촬영을 하는 커플들이 줄을 잇기도 한다. 4월부터 5월까지는 노란색 유채꽃도 흐드러지게 피어 싱그런 봄날을 만끽할 수 있다. 산책로도 잘 갖추고 있어 남녀노소 누구나 부담 없이 걷고 즐길 수 있다.,,129.1994,35.8586,2781625,12,
3032546,경주루지월드,https://tong.visitkorea.or.kr/cms/resource/98/4016998_image2_1.jpg,,경상북도 경주시 천북남로 16,,,,"경주 루지월드는 보문관광단지 내 약 7만 6840㎡ 부지에 조성되어 사계절 액티비티를 즐길 수 있는 곳이다. 루지는 별도의 동력 장치 없이 특수 제작된 카트를 타고 지면의 경사와 중력을 이용해 트랙을 달리는 썰매로, 누구나 쉽고 안전하게 즐길 수 있는 레저로 남녀노소 모두 다이내믹하게 즐길 수 있는 사계절 체험 스포츠이다. 
코스는 1.6㎞의 화랑코스와 1.4㎞의 천마코스 총 2개의 코스로, 길고 경사가 있어 속도를 내며 라이딩하기 좋다. 코스를 완주하는 데 걸리는 시간은 대략 10여 분 정도이다. 경주 루지월드를 즐기는 또 하나의 방법은 리프트 탑승권만 구매해 전망대에 올라보는 것이다. 보문호가 한눈에 내려다보이는 전망대에서 인증숏도 남기고 짜릿한 루지 체험 장면을 구경할 수도 있다.",https://gyeongju-luge.kr/,129.28902354199403,35.84432495655693,3032546,28,
2614515,경주 양남 주상절리군,https://tong.visitkorea.or.kr/cms/resource/78/4056678_image2_1.jpg,,경상북도 경주시 양남면 동해안로 498-13,,,,"경주 양남 주상절리군은 경주시 양남면에 위치하며 동해안을 따라 발달한 주상절리들의 발달규모 및 형태의 다양성을 인정받아 2012년 9월 25일 천연기념물로 지정되었다. 주상절리는 주로 현무암과 같은 화산암에서 형성되는 육각기둥 모양의 돌기둥을 의미한다. 이곳 경주 양남 주상절리군을 이루는 주상절리들은 짧은 해안 사이에 부채꼴 주상절리, 누워있는 주상절리, 기울어진 주상절리, 위로 솟은 주상절리 등 다양한 모양을 가지는 주상절리들이 모여 있다. 이 중에서도 특히 둥글게 펼쳐진 형태의 부채꼴 주상절리는 세계적으로 유례를 찾기 힘든 사례이며 이들의 형성과정에 대해서도 아직 밝혀진 바 없어 많은 지질학자들의 관심을 받고 있다.",https://geotourism.or.kr/,129.4743,35.686356,2614515,12,
2904476,전주가,https://tong.visitkorea.or.kr/cms/resource/20/4056520_image2_1.jpg,,경상북도 경주시 북군2길 3,,,,"전주가는 경상북도 경주시 북군동에 위치한 한식당이다. 한옥풍의 깔끔한 분위기를 연출하는 인테리어로 내부에는 단체석이 마련되어 있어 각종 모임을 하기 좋다. 대표 메뉴는 해물순두부찌개다. 이 밖에 담백순두부찌개, 전주비빔밥, 묵은지돼지찌개, 해물파전, 돼지수육, 모두부, 두부삼합 등 여러 가지 음식이 준비되어 있어 선택의 폭이 넓다. 오전 일찍 문을 열어 아침식사도 가능하다.",,129.26240769847,35.8515596947428,2904476,39,
2903779,프롬상록,https://tong.visitkorea.or.kr/cms/resource/46/4056446_image2_1.jpg,,경상북도 경주시 포석로1068번길 17-5 1층,,,,"프롬상록은 경상북도 경주시 황남동에 위치한 한옥 카페이다. 모던한 분위기가 어우러진 외관이 눈에 띄고 깔끔한 분위기를 연출하는 인테리어도 돋보인다. 대표 메뉴는 매일 아침 만드는 슈이다. 이 밖에 아메리카노, 에스프레소, 수제 딸기라떼, 복숭아 에이드, 말차, 얼그레이 등 여러 가지 음료를 판다. 카페는 노키즈존으로 운영되고 반려견 동반은 마당 공간 야외석만 가능하다. 경주 IC에서 가깝고 주변에 첨성대를 비롯해 국립경주박물관, 경주 교촌한옥마을 등 경주의 유명 관광지가 있어 함께 둘러볼 수 있다.",,129.211835104711,35.8364882919007,2903779,39,
2899295,경주세계자동차박물관,https://tong.visitkorea.or.kr/cms/resource/92/4055892_image2_1.jpg,,경상북도 경주시 보문로 132-22 (북군동),,,,"경주세계자동차박물관은 인류 기계문명인 자동차를 초기부터 근대까지 실물을 관찰할 수 있는 박물관이다. 2017년 3월에 개관했으며 3층으로 이루어져 있다. 다양한 주제의 기획, 상설 전시를 통하여 자동차의 역사, 문화적 변천 과정을 엿볼 수 있다. 게다가 전시관, 영상 역사관, 자동차 카페, 기념품 매장 등이 갖추어져 있다. 레이싱카에 쓰이는 버킷 시트에 앉아 핸들을 움직이면 차량 움직임과 노면 상황에 따라 진동이 느껴진다. 경주 IC에서 가깝고 인근에 보문관광단지와 첨성대가 있어 연계관광을 즐길 수 있다.",http://carmuseum.co.kr/,129.2678,35.8519,2899295,14,
3532127,신라고분정보센터,https://tong.visitkorea.or.kr/cms/resource/80/3532080_image2_1.jpg,,경상북도 경주시 봉황로 23 (노서동),,,,"금관총 내부를 볼 수 있는 금관총 전시관 옆 신라고분정보센터가 2023년 7월부터 본격 운영에 돌입하였다. 금관총 전시관과 관람 동선이 이어져 있어 같이 관람하기 좋으며, 과거의 신라와 지금의 경주가 어우러진 공간이다. 고분정보센터의 전시공간은 길이 36m, 높이 4m 규모의 디지털 실감 영상관으로 신라고분에 대한 종합적인 정보 검색, 최신형 실감영상 시청 및 고분 문화체험, 전시유물을 관람할 수 있는 공간으로 조성되었으며, 고분에서 출토된 중요 유물들을 3D로 스캔한 자료를 활용해 복원한 실감형 영상을 비롯해 신라 고분 1천 년 이야기, 천마총 발굴 50주년을 기념하는 다큐멘터리, 경주 주요 고분의 항공 뷰 등 4개의 영상 콘텐츠가 상시 상영된다.",https://gjfmc.or.kr,129.2100085414241,35.84158230375044,3532127,14,
2902777,"987피자",,,경상북도 경주시 포석로1092번길 26 (황남동),,,,"987피자는 경상북도 경주시 황남동에 있다. SBS 시사 교양 프로그램  등 여러 방송에 소개된 바 있다. 외관은 한옥으로 고풍스러운 멋이 풍기며 내부는 세련된 분위기로 꾸며졌다. 대표 메뉴는 페퍼로니며, 하와이안, 할라페뇨, 콘치즈 등 여러 가지 피자를 맛볼 수 있다. 그 외 감자튀김과 윙 스틱 등이 준비되어 있다. 경주 IC에서 가깝고 주변에 첨성대를 비롯해 국립경주박물관, 경주 교촌한옥마을 등 경주의 유명 관광지가 많아 둘러보기 좋다.",,129.21142388029924,35.83687727720316,2902777,39,
3302551,어서어서,https://tong.visitkorea.or.kr/cms/resource/42/3302542_image2_1.jpg,,경상북도 경주시 포석로 1083 (황남동),,,,"어서어서는 경주 황리단길에 위치한 작은 서점이다. 사장님은 경주에서 태어나고 자랐지만 경주를 너무 좋아해서 경주로 여행을 오는 분들과 함께 좋아하는 책 이야기, 경주 이야기를 할 수 있는 공간을 만들기 위해 이곳, 어서어서를 만들었다. 그래서 서점이기보다는 서재에 누군가를 초대하는 기분으로 서점을 운영하고 있다. 자그마한 내부에는 책들이 빼곡하게 정리되어 있고, 곳곳에 빈티지함이 가득 묻어나는 소품들이 놓여 있다. 벽에 붙어 있는 우표, 추천 도서와  추천 영화, 경주 여행과 관련된 책자들 등 작은 공간이지만 구석구석에 볼거리가 많다. 책을 구매하면 레트로 느낌의 종이 약 봉투에 포장을 해준다. 몸이 아프면 약 처방을 받는 것처럼 어서어서에 만난 책이 읽는 사람의 마음이 낫게 해 주길 바라는 의미를 담아 만든 포장 봉투이다. 또, 책 구매 시 무료로 제공되는 무지의 책갈피에 스탬프를 찍어 나만의 책갈피로 만들 수 있다.",공식 홈페이지 https://www.eeeoseo.com/공식 인스타그램 https://www.instagram.com/eoseoeoseo/,129.209549874469,35.8378215559565,3302551,38,
3305212,내류사,https://tong.visitkorea.or.kr/cms/resource/62/3565762_image2_1.jpg,,경상북도 경주시 영불로 263-7 (진현동),,,,"내류사는 경주 불국사에 위치한 대형 한옥 베이커리 카페이다. 내류사는 한자로 ‘흐를 류’, ‘머무르다 류’, ‘집 사’ 혹은 ‘생각 사’이다. ‘안에서 흐르는 집’ 혹은 ‘안에서 생각하며 머무른다’라는 의미이다. 한옥식으로 지어진 고즈넉한 카페의 내부에는 물이 흐르고 있는 인테리어로 꾸며져 있다. 대표 메뉴는 내류사 오렌지로 오렌지와 유기농 시럽, 커피를 함께 섞는 음료이다. 이외에 카카오의 단맛을 즐길 수 있는 내류사 카카오, 고소하고 달달한 말차의 풍미를 느낄 수 있는 내류사 블랙말차 등 내류사의 시그니처 메뉴를 맛볼 수 있다.",,129.32865835106767,35.78538011916039,3305212,39,
3101970,불국사한옥동오당,,,경상북도 경주시 진티길 5-58 (진현동),,,,"불국사 도보 5분 거리에 위치한 불국사한옥동오당은 넓은 주차장, 깨끗하고 조용한 환경, 카페 같은 공용주방, 친절한 서비스, 돌담이 있는 넓은 잔디마당, 주인이 직접 그린 그림과 서각, 그리고 토우인형 등으로 아름답게 꾸며진 숙소이다.  총 3개의 객실 운영 중이며 공용주방과 별도의 바비큐 시설을 갖추고 있는 감성숙소이다.",,129.32831816289314,35.78283002189443,3101970,32,
3544382,코스믹 리조트,https://tong.visitkorea.or.kr/cms/resource/54/3544354_image2_1.jpg,,경상북도 경주시 천북남로 176 (손곡동),,,,"코스믹 리조트는 경상북도 경주시에 위치한 체험형 미디어 테마파크이다. 우주와 휴양을 주제로 한 멀티센서리(시각, 청각, 촉각 등) 콘텐츠를 제공한다. 전시 존은 퍼즈 밸리(Fuzz Valley), 스타 로드(Star Road), 코스믹 홀(Cosmic Hall), 스페이스 맨(Space Man), 컨시어지 존(Concierge Zone), 댄스 라운지(Dance Lounge), 다크 웨이(Dark Way), 런드리 스플레쉬(Laundry Splash), 문라이트 풀(Moonlight Pool), 벌룬 샤워(Balloon Shower), 하이퍼 드라이브(Hyper Drive), 미스틱가든(Mystic Garden), 아스트룸(Astrum) 등으로 구성되어 있다. 방문객은 각 존에서 미디어아트, 인터랙티브 체험, 몰입형 공간 연출 등을 즐길 수 있다.",공식 홈페이지 https://www.cosmicresort.co.kr/공식 인스타그램 https://www.instagram.com/cosmic_resort,129.29473997779462,35.853813138831164,3544382,12,
3307775,경주세계문화엑스포 기념관,https://tong.visitkorea.or.kr/cms/resource/63/3307763_image2_1.jpg,,경상북도 경주시 경감로 614 (천군동),,,,"경주세계문화엑스포 기념관은 세계적인 건축 거장 ‘쿠마 켄고’가 경주 대릉원과 주상절리에서 영감을 얻어 디자인한 건축물이다. 한국, 중국 유명 작가들의 값진 작품을 만날 수 있으며, 예술적 즐거움을 공감하고 체험할 수 있는 복합 문화공간이다.
전시홀 로비는 장은피원(將恩被遠) 여물점균(與物霑均)을 세계 25개 주요 언어로 풀이하여 거울(Mirror)에 표현한 문자의 숲, 108개의 모니터를 통해 동·서양의 문화와 역사를 불교의 백팔번뇌로 표현한 백남준 작가의 작품 백팔번뇌, 역대 경주세계문화엑스포 기록을 아카이브존 및 아트월로 표현한 곳 문화팩토리 라운지로 구성되어 있다. 
기념전시실에서는 세계 속의 신라인과 신라 속의 세계인을 기리는 작품이 있는 초월, 신라와 교류했던 주요 국가들의 랜드마크를 상징하는 문을 형상화하여 경주세계문화엑스포 문명의 교류를 표현한 세계의 문-엑스포 타임라인, 과거에서 현재로 전이되는 Liquid Floor 공간을 표현한 망라사방의 길 전시를 만날 수 있다. 또한, 기획전시실에서는 민화 속 다양한 상상 동물을 증강현실(AR) 등 디지털 기법으로 표현한 미디어아트 전시인 상상동물원을 볼 수 있다.",공식 홈페이지 https://www.cultureexpo.or.kr/공식 인스타그램 https://www.instagram.com/culture_expo/,129.28951532236107,35.83401476569975,3307775,14,
3354917,키녹,https://tong.visitkorea.or.kr/cms/resource/10/3354910_image2_1.jpg,,경상북도 경주시 보문로 280-12 (북군동),,,,"경주 보문관광단지 내 위치한 ‘키녹’은 사람과 반려동물이 모든 공간을 공유하는 새로운 복합문화 공간이다. 키녹은 연면적 7,000㎡(2,120평), 지상 3층, 지하 2층 규모로, 호텔 전체를 반려동물의 관점에서 설계했다. 34개 객실이 모두 펫 특화 객실로 구성됐다. 반려견의 관절 건강을 위해 높이가 낮은 가구를 배치하고, 시각과 청각이 예민한 반려견을 위해 기존 조명과 벨을 플리커 프리 조명과 초인등으로 교체했다. 욕실에는 반려견 전용 샤워실도 구비되어 있다. 2500평 규모의 야외 펫 파크와 90평 규모의 실내 펫 파크, 펫 보딩·펫 미용실 등 다양한 부대시설도 갖추고 있다. 반려견 동반이 가능한 총 100석 규모의 베이커리·카페 겸 레스토랑인 스니프도 운영한다. 멍푸치노·멍파르페 등 반려견 전용 메뉴를 비롯해 스니프 시그니처 음료와 함박 스테이크, 에그 베네딕트 등 다양한 메뉴를 제공한다. 모든 식사 메뉴는 반려견이 먹어도 안전한 식재료를 사용해 안심하고 이용할 수 있다.",,129.2774041766268,35.85380447322625,3354917,32,
3569951,지경리해변(경주),https://tong.visitkorea.or.kr/cms/resource/20/3534320_image2_1.jpg,,경상북도 경주시 양남면 지경길 35,,,,"지도에 잘 나오지 않는 경주의 숨은 바다 명소 지경리 해변은 주상절리 전망대에서 약 10분 동안 자동차로 이동하면 도착할 수 있다. 지경 방파제에서 약 400m 정도 해안을 따라 걸어가면 기암괴석 군단을 만날 수 있고 둥근 자갈로 이루어진 지경리 해변과 푸르고 투명한 바다가 펼쳐진다.
조금 더 안쪽으로 들어가면 바다뷰의 멋진 풍경을 가진 해식동굴도 있어 동굴 안에서 바다를 배경으로 멋진 사진을 남겨볼 수 있다. 방문 시 지도에서 지경마을회관 또는 지경방파제를 검색해 찾아가는 걸 추천한다.",경북나드리 https://tour.gb.go.kr/main.do,129.4498301366172,35.65275438406264,3569951,12,
3056660,바니베어 뮤지엄,https://tong.visitkorea.or.kr/cms/resource/47/3055747_image2_1.jpg,,경상북도 경주시 보문로 280-34 (북군동),,,,"경주시 북군동에 있는 바니베어 뮤지엄은 실바니안 패밀리와 테디베어의 합작으로 만들어진 박물관으로 실바니안 한국지사에서 공식으로 인정한 곳이다.
테디베어를 이용하여 박혁거세의 탄생과 첨성대, 석굴암, 불국사 경주의 역사와 유적지를 알 수 있는 디오라마가 설치되어 있는 전시장과 전 세계 어린이들의 사랑을 받는 실바니안 패밀리 마을이 조성되어 있다. 다람쥐, 토끼, 강아지, 코알라, 코끼리들의 병원, 유치원, 마켓, 발레, 학교 등등 아기자기하고 섬세한 실바니안 타운은 동물에 호기심을 가지는 어린이부터 어른까지 그 매력에 안 빠질 수가 없다. 아이들이 체험할 수 커다란 실바니안 하우스와 초콜릿 체험, 상상력을 자극하는 우주 테디베어, 공룡 전시까지 모든 어린이가 계절과 날씨에 구애받지 않고 즐길 수 있는 실내 공간이다.",https://cafe.naver.com/bbmuseum,129.27764062018198,35.85186459267461,3056660,14,
2899283,정글미디어파크,https://tong.visitkorea.or.kr/cms/resource/83/4054083_image2_1.jpg,,경상북도 경주시 보문로 465-67 지하 1층,,,,"정글미디어파크는 경상북도 경주시 신평동에 위치해 있는 몰입형 미디어아트 전시관이다. 모니터 프레임을 벗어나 상상 속으로만 느꼈던 공간을 직접 걸으며 체험하는 새롭고 독특한 경험을 선사한다. 신비한 생명력이 넘쳐흐르는 재규어의 숲, 잃어버린 시간 속 여행을 통해 고대문명의 비밀을 알아낼 수 있는 신전, 화려한 수중 생물들의 세계가 펼쳐지는 심해, 다채로운 생명력으로 가득 찬 정글 등 즐길 거리가 다채롭다. 경주 IC에서 가깝고 인근에 보문관광단지와 첨성대가 있어 연계관광을 즐길 수도 있다.",https://www.instagram.com/junglemedia_park/,129.29095,35.839584,2899283,12,
4026417,라이프워크 경주직영점,https://tong.visitkorea.or.kr/cms/resource/80/4043880_image2_1.JPG,,경상북도 경주시 계림로 107 (노동동),,,,라이프워크는 강렬한 캐릭터 '라독' 로고로 유명한 유니크 스트릿 캐주얼 브랜드입니다. 스포티한 감성에 힙한 스트릿 무드를 더한 디자인의 의류를 통해 자신만의 개성을 당당하게 표현하는 젊은 세대의 지지를 받습니다.,lifeworkstore.co.kr,129.213322060235,35.8438853398415,4026417,38,
4026419,LG전자 베스트샵 경주점,https://tong.visitkorea.or.kr/cms/resource/20/4045120_image2_1.png,,경상북도 경주시 원화로 525 (용강동),,,,"LG베스트샵은 LG전자 제품만 전문적으로 판매하는 매장입니다. 최신 가전제품과 IT기기를 한 자리에서 살펴보고, 전문 상담 서비스를 통해 제품별 특징과 사용 정보를 얻을 수 있습니다.",leg.co.kr,129.223084653776,35.8669172105834,4026419,38,
4026420,ABC마트 ST 경주노동점,https://tong.visitkorea.or.kr/cms/resource/15/4045115_image2_1.png,,경상북도 경주시 원효로 107 (노동동),,,,"ABC마트는 다양한 신발 브랜드를 한자리에서 선보이는 슈즈 멀티스토어입니다. 나이키, 아디다스, 퓨마 등 인기 브랜드 제품을 합리적인 가격에 제공하며, 트렌디한 디자인과 폭넓은 선택지로 쇼핑의 즐거움을 더합니다.",abcmart.a-rt.com,129.212746685164,35.8421441303855,4026420,38,
4026422,ABC마트 ST 경주천북점,https://tong.visitkorea.or.kr/cms/resource/84/4043884_image2_1.JPG,,경상북도 경주시 천북면 산업로 4920,,,,"ABC마트는 다양한 신발 브랜드를 한자리에서 선보이는 슈즈 멀티스토어입니다. 나이키, 아디다스, 퓨마 등 인기 브랜드 제품을 합리적인 가격에 제공하며, 트렌디한 디자인과 폭넓은 선택지로 쇼핑의 즐거움을 더합니다.",abcmart.a-rt.com,129.243682707672,35.9154378137754,4026422,38,
2756715,금장대,https://tong.visitkorea.or.kr/cms/resource/42/3405142_image2_1.jpg,,경상북도 경주시 석장동 산 38-9,,,,경주에는 세 가지 진귀한 보물과 여덟 가지 기이한 현상을 뜻하는 ‘삼기팔괴’에 대한 이야기가 전해지고 있다. 그 여덟 가지 기이한 현상 중 ‘금장낙안’은 서천과 북천이 만나는 예기청소 위 금장대에서 내려다보는 풍경에 취해 기러기도 쉬어갔다는 이야기이다. 그만큼 금장대는 빼어난 경치와 조망을 자랑한다. 금장대는 지난 2012년 중창하여 일반에 공개되었다. 누각에 야간경관조명이 설치되어 있고 누각에서 형산강과 경주 시가지의 야경이 한눈에 들어온다.,https://www.gyeongju.go.kr/tour/,129.201,35.8606,2756715,12,
4039810,스테이꼬리,https://tong.visitkorea.or.kr/cms/resource/20/4039820_image2_1.jpg,,경상북도 경주시 포석로 816-40 (배동),,,,"경주에 자리한 반려견 동반 한옥 독채 숙소다. 세 동의 독채 객실로 이루어져 있으며 전통 한옥의 외관에 현대적인 설비를 더해 편안하게 머물 수 있다. 창문 너머로 한옥 담장과 고즈넉한 마당 풍경을 감상할 수 있고, 마당 한쪽에는 객실별로 분리된 개별 수영장이 설치되어 있으며 온수 설비를 갖춰 계절과 관계없이 물놀이를 즐길 수 있다. 모든 객실에 넓은 주방이 마련되어 있어 취사가 편리하며, 반려견이 다치지 않도록 바닥재와 가구를 세심하게 배치했다. 숙박 시에는 반려견 전용 간식, 장난감, 노즈워크 용품이 담긴 웰컴 키트가 제공되어 낯선 공간에서도 반려견이 빠르게 적응할 수 있도록 돕는다. 브랜드 우화와 협업한 패브릭 제품과 꽃차도 객실 내에 구비되어 있다. 포석정, 삼릉숲 등 경주 남부의 주요 유적지와 가까워 반려견과 함께 여유로운 경주 여행을 즐기기에 좋다.",,129.212539729592,35.8131462306999,4039810,32,
2756689,경주 핑크뮬리(경주 핑크뮬리 군락지),https://tong.visitkorea.or.kr/cms/resource/33/3519033_image2_1.jpg,,경상북도 경주시 인왕동 839-1 첨성대 일원,,,,경주 핑크뮬리 군락지는 첨성대 일원에서 만날 수 있다. 매년 가을이면 첨성대 꽃단지 일원이 핑크색으로 물이 든다. 경주시에서 관광콘텐츠 개발을 위해 2017년부터 핑크뮬리 군락을 조성하면서부터다. 문화유산과 핑크뮬리의 독특한 색감 덕분에 관광지 조경용으로 많은 인기를 끌고 있다. 만개한 핑크뮬리와 첨성대가 함께 나오는 멋진 풍경 사진을 남길 수 있다.,,129.2198,35.8355,2756689,12,
2756754,동창천 청룡폭포(청룡인공폭포),https://tong.visitkorea.or.kr/cms/resource/03/3519003_image2_1.jpg,,경상북도 경주시 산내면 외칠리,,,,"동장천 청룡폭포는 동창천 계곡에 자리 잡은 인공폭포다. 사방이 산으로 둘러싸여 있는 청정지역이다. 여름철에는 하천 뒤 절벽 꼭대기에서 시원스레 물줄기가 쏟아져 내린다. 이곳은 캠퍼들이 많이 찾는 노지 캠핑의 성지다. 여름 성수기에는 자리 맡기가 하늘의 별따기 수준이다. 또한, 여름철 물놀이를 하러 많은 가족 여행객이 찾는다. 안전한 물놀이를 위해 성수기에는 수상안전요원이 상주하고 있다.",,129.04408,35.759712,2756754,12,
1621854,관성솔밭해변,https://tong.visitkorea.or.kr/cms/resource/71/3518971_image2_1.jpg,,경상북도 경주시 양남면 수렴리,,,,관성솔밭해변은 경주 다섯 곳의 해수욕장 가운데 가장 남쪽에 위치해 있다. 좌우로 수렴방파제와 지경방파제가 있어 파도가 높지 않고 맑고 푸른 청정해역으로 인기가 높으며 송림과 길게 펼쳐진 백사장이 어우러져 아름다운 풍광을 자랑한다. 해수부가 뛰어난 자연경관과 편의시설이 잘 갖추어진 곳 중 한적한 해수욕장으로 사람이 많이 분비지 않아 쾌적한 물놀이를 즐길 수 있는 곳이다.  인근 양남면 신대리에는 코오롱 골프장이 있어 해양레저와 함께 여가를 즐길 수 있으며 울산 방면 해안도로를 따라가는 드라이브 코스로도 이름이 높다. 주변 관광지로는 하서해안공원이 있다.,경주문화관광 https://www.gyeongju.go.kr/,129.4522,35.6597,1621854,12,
2927121,세컨페이스 경주중앙점,https://tong.visitkorea.or.kr/cms/resource/36/4019036_image2_1.jpg,,경상북도 경주시 계림로 101 (노동동) 1층,,,,세컨페이스는 '두 번째 얼굴'이라는 이름처럼 고객의 이미지를 새롭게 완성해 주는 아이웨어 전문 브랜드입니다. 독창적인 디자인의 안경테와 정밀한 시력 검사 서비스를 통해 고객에게 특별한 안경 경험을 선사합니다.,secondface.kr,129.21332009088,35.8435716325277,2927121,38,
3468318,청재한옥,https://tong.visitkorea.or.kr/cms/resource/88/3468288_image2_1.jpg,,경상북도 경주시 불국로 163 (마동),,,,"경주에 위치한 청재한옥은 고즈넉한 분위기의 한옥 숙소이다. 소나무로 둘러 쌓인 공간에서 편안한 휴식을 원하는 분들에게 방문을 추천한다. 사전 신청시, 조식도 제공하고 있으며 주차 공간도 넉넉하여 경주 여행 시 방문하기 좋은 숙소이다. 조용하고 아늑한 분위기를 자아내며 깔끔하고 쾌적한 숙소로 정평이 나있다. 불국사 근처에 자리하고 있어 연계관광에도 용이하다.",,129.31128111315027,35.78440502705761,3468318,32,
3555925,올리브영 경주용강점,https://tong.visitkorea.or.kr/cms/resource/21/4028021_image2_1.png,,경상북도 경주시 원지길 46 (용강동),,,,"올리브영은 최신 K-뷰티 제품을 경험할 수 있는 헬스앤뷰티 전문 스토어입니다. 스킨케어, 메이크업, 건강식품 등 다양하고 트렌디한 제품을 합리적인 가격에 판매하여, 외국인 관광객들 사이에서 특히 인기가 높습니다.",www.oliveyoung.co.kr,129.222915222709,35.8673942939437,3555925,38,
3555942,올리브영 경주황남점,https://tong.visitkorea.or.kr/cms/resource/25/4028025_image2_1.png,,경상북도 경주시 포석로 1068 (황남동),,,,"올리브영은 최신 K-뷰티 제품을 경험할 수 있는 헬스앤뷰티 전문 스토어입니다. 스킨케어, 메이크업, 건강식품 등 다양하고 트렌디한 제품을 합리적인 가격에 판매하여, 외국인 관광객들 사이에서 특히 인기가 높습니다.",www.oliveyoung.co.kr,129.209744049764,35.8362571024143,3555942,38,
3555821,폴더 경주점,https://tong.visitkorea.or.kr/cms/resource/80/4022780_image2_1.jpg,,경상북도 경주시 원효로 112-1 (노동동) 1층,,,,폴더는 전 세계의 핫한 신발 브랜드와 패션 잡화를 큐레이션하여 소개하는 라이프스타일 슈즈 멀티숍입니다. 유행에 민감한 젊은 층을 타겟으로 매 시즌 가장 트렌디한 아이템들을 발 빠르게 선보입니다.,folderstyle.com,129.213105112485,35.8418491025413,3555821,38,
129520,경주 남산 용장사지 마애여래좌상,https://tong.visitkorea.or.kr/cms/resource/82/3509482_image2_1.jpg,,경상북도 경주시 내남면 용장리 산 1-1,,,,"경주 남산 용장사지 마애여래좌상은 경주 남산의 용장사 터에 있는 바위 면에 새겨진 불상이다. 용장사 터에는 이 불상과 함께 삼층석탑(보물 제186호)과 석조여래좌상(보물 제187호)이 남아있다.
불상의 머리에는 작은 소라 모양의 머리카락을 겹겹이 새겼고, 정수리의 뼈가 머리 위로 솟아 상투처럼  보이는 육계는 크고 펑퍼짐하게 표현하였다. 눈, 코, 입이 뚜렷하게 새겨진 얼굴에는 온화한 미소가 보인다. 옷 주름은 평행선을 빼곡하게 그려 넣어 표현하였다. 무릎 위에 놓인 오른손은 손끝이 땅을 향하고 있으며, 왼손은 배 쪽에 놓여 있다. 머리 광배와 몸 광배는 2줄의 선으로 표현하였다. 
왼쪽 어깨 바깥 부분에 10자 정도의 글자가 새겨져 있는데 앞부분을 태평 2년 8월(太平二年八月)로 읽을 수 있다. 따라서 이 마애여래좌상은 977년 또는 1022년에 만들어진 것으로 추정된다.",http://www.gyeongju.go.kr/tour,129.223043989786,35.780811774926,129520,12,
2752130,건천편백나무숲,https://tong.visitkorea.or.kr/cms/resource/94/3518794_image2_1.jpg,,경상북도 경주시 건천읍 송선리 535-2,,,,"경주 건천으로 가면 피톤치드를 듬뿍 느끼고 체험할 수 있는 숲이 있다. 송선리 단석산 자락에 자리 잡은 건천편백나무숲이다. 이곳에는 시원스럽게 줄기를 뻗은 편백나무가 빽빽이 들어서 있다. 편백나무 사이에 설치된, 데크로 이루어진 산책로는 500m가량이다. 곳곳에 정자도 마련되어 있어 잠시 머무르기에도 좋다.",경주 문화관광 https://www.gyeongju.go.kr/tour,129.074094,35.833974,2752130,12,
2784642,금곡사(경주),https://tong.visitkorea.or.kr/cms/resource/60/3538160_image2_1.jpg,,경상북도 경주시 안강읍 두류길 758,,,,"경북 경주에 위치한 금곡사(金谷寺)는 신라 진평왕 때의 대승불교 세속오계를 제정한 최초의 학승 원광법사가 13세에 출가하여 승려가 된 이후 30세인 585년경 삼기산에 창건하고 수도하였다. 이후 임진왜란 때 일본인으로 인하여, 절과 부도는 파괴되고 도굴되었으며, 1935년경 지금의 금곡사 주지 청운스님의 조모 고창(高敞) 오씨(吳氏) 순이가 절터 인근으로 나물을 채취하러 갔다가 목탁소리를 따라 지금의 금곡사 터를 발견하게 되었다고 전해진다. 2009년 부터 현재까지 지속적인 보수와 관리로 지금의 금곡사의 모습을 하게 되었다.",http://www.gumgoksa.com/,129.17716631564073,35.93472152100236,2784642,12,
2900576,홍시,,,경상북도 경주시 화랑로19번길 5 (성건동),,,,"홍시는 재래장류와 발효음식 및 홍시를 테마로 한 식당이다. 주인이 직접 연구 및 조리하며 조미료를 전혀 사용하지 않아 담백하고 깔끔한 맛이다. 700평의 아름다운 정원과 유럽풍의 테라스 쉼터가 마련되어 있으며 여름에는 라이브와 곁들여진 식사를 즐길 수 있다. 대표메뉴는 한정식으로 전식 5가지, 16가지 찬과 정식, 차와 후식이 제공된다. 불고기정식은 전식 7가지, 16가지 찬과 불고기정식, 차와 후식이 제공된다. 정식메뉴 외에도 낙지볶음, 불고기, 족발냉채, 돌파전 등 단품메뉴도 있다.",,129.20294116529655,35.84527597428297,2900576,39,
129521,경주 남산 용장사곡 삼층석탑,https://tong.visitkorea.or.kr/cms/resource/18/4010218_image2_1.jpg,,경상북도 경주시 내남면 용장리 산 1-1,,,,"용장사는 매월당 김시습이 『금오신화』를 쓰며 머물던 곳으로 잘 알려져 있으며, 현재 몇 군데의 석축(石築)이 남아있어 절터였음을 짐작하게 해 줄 뿐이다. 절을 감싸고 뻗은 동쪽 바위 산맥의 높은 봉우리에 서 있는 이 탑은 2단의 기단(基壇) 위에 세워진 3층 석탑이다.
자연암석을 아래층 기단으로 삼고, 그 위로 바로 위층 기단이 올려져 있다. 즉, 자연암석이 아래층 기단일 수도 있고 그 아래 바위산 전체가 또한 아래층 기단일 수도 있는 셈이다. 위층 기단은 네 모서리와 중앙에 기둥조각을 새기고 2장의 판돌로 덮어 기단을 마감하였다.
탑신(塔身)은 지붕돌과 몸돌을 별도의 석재로 조성하였다. 1층 몸돌은 상당히 높은 편이고 2층부터는 급격히 줄어들고 있다. 지붕돌은 밑면의 받침이 각 층 4단이고 처마는 직선을 이루다가 귀퉁이에서 경쾌하게 들려 있다. 꼭대기의 머리장식은 없어져 원래의 상태를 알 수 없고 쇠막대를 꽂았던 구멍만 남아 있다.
쓰러져 있던 것을 1922년에 재건하였는데, 사리장치는 없어진 지가 이미 오래되었다고 한다. 각 부의 조화가 아름다우며 주변 자연과의 조화 속에 장관을 이루고 있는 통일신라 후기의 대표적인 작품이다.

(출처 : 국가유산청)",https://www.gyeongju.go.kr/tour,129.2228,35.7812,129521,12,
250261,경주 남산 불곡 마애여래좌상,,,경상북도 경주시 인왕동 산56,,,,"경주 남산 동쪽 기슭 부처 골짜기의 한 바위에 깊이가 1m나 되는 석굴을 파고 만든 여래좌상이다. 이 석불은 경주 남산에 남아있는 신라 석불 가운데 가장 오래된 것으로 삼국시대 후기에 만들어진 것으로 보인다. 이 불상으로 인하여 계곡 이름을 부처 골짜기라고 부르게 되었다.
불상의 머리는 두건을 덮어쓴 것 같은데, 이것은 귀 부분까지 덮고 있다. 얼굴은 둥그렇고 약간 숙여져 있으며, 부은 듯한 눈과 깊게 파인 입가에서는 내면의 미소가 번지고 있다. 양 어깨에 걸쳐 입은 옷은 아래로 길게 흘러내려 불상이 앉아 있는 대좌(臺座)까지 덮고 있는데, 옷자락이 물결무늬처럼 부드럽게 조각되어 전체가 아름답게 조화를 이루고 있음을 볼 수 있다.

(출처 : 국가유산청)",http://www.gyeongju.go.kr/tour,129.2303,35.819,250261,12,
2926913,아트박스 경주점,https://tong.visitkorea.or.kr/cms/resource/35/4019035_image2_1.jpg,,경상북도 경주시 계림로 89 (노동동),,,,아트박스는 감각적인 디자인 문구와 다채로운 소품을 판매하는 대한민국 라이프스타일 브랜드입니다. 트렌디한 캐릭터 상품과 실용적인 생활용품을 합리적인 가격에 제공해 젊은 세대와 외국인 관광객에게 즐거운 쇼핑 경험을 선사합니다.,,129.21345904574,35.8423041858796,2926913,38,
2904510,정록쌈밥,,,경상북도 경주시 계림로 48,,,,"정록쌈밥은 경상북도 경주시 황남동에 있다. MBC every 1 예능 프로그램  등 여러 방송에 소개되었다. 세월의 흔적이 엿보이는 외관과 예스러운 분위기를 연출하는 인테리어가 눈에 띈다. 내부에는 단체석이 마련되어 있어 각종 모임을 하기 좋다. 대표 메뉴는 쌈밥이며 제주등갈비쌈밥도 많은 사람이 찾는다. 이 밖에 수제 떡갈비, 코다리 등갈비찜, 파전, 김치전 등을 판다. 경주 IC에서 가깝고 주변에 첨성대를 비롯해 국립경주박물관, 경주 교촌한옥마을 등 경주의 유명 관광지가 많다.",,129.213823745723,35.838607522994,2904510,39,
2902200,한우114숯불,,,경상북도 경주시 안현로 1535-2,,,,"한우114숯불은 경상북도 경주시 안강읍 안강리에 있는 정육식당이다. 현대적인 감각이 돋보이는 외관과 깔끔한 분위기를 연출하는 인테리어가 눈에 띈다. 내부에는 단체석이 마련되어 있어 각종 모임을 하기 좋다. 대표 메뉴는 한우 등심, 한우 갈빗살 등 각종 구이용 한우다. 정육점에서 마음에 드는 육류를 구입한 후 식당으로 가서 상차림 비용을 지불하면 직접 구워서 먹을 수 있다. 이 밖에 육회, 한우탕, 소고기국밥, 물냉면, 비빔냉면, 소면 등이 준비되어 있다. 강동 IC에서 가깝고 주변에 세계문화유산 경주 양동마을과 옥산서원이 있어 식전이나 식후에 방문하기 수월하다.",,129.228234608953,35.9922034522644,2902200,39,
2554511,한수원 홍보관,https://tong.visitkorea.or.kr/cms/resource/94/3518694_image2_1.jpg,,경상북도 경주시 문무대왕면 불국로 1655,,,,"한국수력원자력 본사 홍보관은 우리가 사용하고 있는 에너지를 보여준다. 홍보관은 전기에너지, 원자력 에너지, 신재생에너지 등 다양한 에너지들의 작동 원리를 전시했다. 우리 삶 속에서 없으면 안 될 에너지들에 대해 알고 싶다면 한국수력원자력 본사 홍보관에 방문하는 것을 추천한다.",https://www.khnp.co.kr,129.389319,35.795024,2554511,12,
2876409,대게장순두부 금성관,,,경상북도 경주시 초당길 117,,,,"대게장순두부 금성관은 경상북도 경주시 동천동에 있다. SBS 시사 교양 프로그램 , KBS 2TV 시사 교양 프로그램  등 여러 방송에 소개됐다. 세월의 흔적이 엿보이는 외관과 깔끔한 분위기를 연출하는 인테리어가 눈에 띈다. 내부에는 단체석이 마련되어 있어 각종 모임을 하기 좋다. 대표 메뉴는 대게를 통째로 갈아 넣고 게살과 장을 순두부와 함께 끓인 대게장순두부다. 전복 등 각종 해산물을 넣어 만든 전복해물뚝배기도 많은 사람이 찾는다. 이 밖에 불고기뚝배기, 해물파전, 꽃게간장게장, 꽃게양념게장, 전복갈찜 등도 준비되어 있다. 경주 IC에서 가깝고 주변에 보문관광단지, 경주동궁원, 경주월드가 있어 연계 여행에 나서기 좋다.",,129.23395214882,35.8476929415627,2876409,39,
1621742,경주 진덕여왕릉,https://tong.visitkorea.or.kr/cms/resource/74/3508674_image2_1.jpg,,경상북도 경주시 현곡면 오류리 산48,,,,"이 무덤은 신라 제28대 진덕여왕을 모신 곳으로 알려져 있다. 진덕여왕은 본명이 승만이며, 선덕여왕의 사촌동생이다. 산라의 두 번째 여왕이면서 성골로서는 마지막 왕이다. 진덕여왕은 김춘추와 김유신의 도움으로 왕위에 올라 재위 기간에 관료와 군사 조직을 정비하고, 당나라의 제도와 문물을 적극적으로 받아들였다. 또한 김유신을 내세워 백제와의 잦은 전쟁에서 많은 승리를 거뒀다. 진덕여왕이 죽었을 때 사량부에서 장사를 지냈다고 한다. 무덤은 안태봉 남쪽 능선에 단독으로 있다. 가장자리에 돌판과 버팀돌로 둘레돌을 둘렀고, 버팀돌에는 갑옷을 입고 무기를 든 십이지신상을 조각하였다. 다른 왕릉에 비해 십이지신상이 작고 조각이 얕아 신라 왕릉의 십이지신상 중에서도 늦은 시기의 것으로 평가한다.",http://www.gyeongju.go.kr/tour,129.2017,35.8868,1621742,12,
128704,경주 남산,https://tong.visitkorea.or.kr/cms/resource/13/3518913_image2_1.jpg,,경상북도 경주시 배동,,,,"남산은 경주시의 남쪽에 솟은 산으로 신라인들의 신앙의 대상이 되어 왔다. 금오봉(468m)과 고위봉(494m)의 두 봉우리에서 흘러내리는 40여 개의 계곡과 산줄기들로 이루어진 남산은 남북 8㎞, 동서 4㎞로 남북으로 길게 뻗어 내린 타원형이면서 약간 남쪽으로 치우쳐 정상을 이룬 직삼각형 모습을 취하고 있다. 100여 곳의 절터, 80여 구의 석불, 60여 기의 석탑이 산재해 있는 남산은 노천박물관이다. 남산에는 40여 개의 골짜기가 있으며 신라 태동의 성지 서남산, 미륵골·탑골·부처골 등의 수많은 돌 속에 묻힌 부처가 있는 동남산으로 구분된다. 남산 서쪽 기슭에 있는 나정은 신라의 첫 임금인 박혁거세의 탄생신화가 깃든 곳이며 양산재는 신라 건국 이전 서라벌에 있었던 6촌의 시조를 모신 사당이다. 포석정은 신라 천년의 막을 내린 비극이 서린 곳이다.  동남산에는 한국적 아름다움과 자비가 가득한 보리사 석불좌상, 9m 높이의 사면 바위에 탑과 불상 등을 새긴 불무사 부처바위, 바위에 아치형 감실을 파고 앉은 부처골 감실 석불좌상이 있다. 남산에는 미륵골(보리사) 석불좌상, 용장사터 삼층석탑, 국보 칠불암 마애불상군을 비롯한 11개의 보물, 포석정터, 나정과 삼릉을 비롯한 12개의 사적, 삼릉골 마애관음보살상, 입골석불, 약수골 마애입상을 비롯한 9개의 유형문화유산, 1개의 중요 민속자료가 있다. 유적뿐만 아니라 남산은 자연경관도 뛰어나다. 변화무쌍한 많은 계곡이 있고 기암괴석들이 만물상을 이루며, 등산객의 발길만큼이나 수많은 등산로가 있다. 엄지손가락을 곧추 세워 남산을 일등으로 꼽는 사람들은 ‘남산에 오르지 않고서는 경주를 보았다고 말할 수 없다’라고 한다. 곧, 자연의 아름다움에다 신라의 오랜 역사, 신라인의 미의식과 종교의식이 예술로서 승화된 곳이 바로 남산인 것이다.",http://www.kjnamsan.org,129.222792,35.788624,128704,12,
2876533,부용,,,경상북도 경주시 금장1길 30,,,,"부용은 경상북도 경주시 현곡면 금장리에 있는 중화요리 전문점이다. 현대적인 감각이 돋보이는 외관과 깔끔한 분위기를 연출하는 인테리어가 눈에 띈다. 내부에는 단체석이 마련되어 있어 각종 모임을 하기 좋다. 대표 메뉴는 다양한 구성의 코스요리이다. 이 밖에 유니짜장면, 삼선우동, 삼선짬뽕 등 여러 가지 중화요리가 준비되어 있다.",,129.2025823868,35.864532009967,2876533,39,
1621391,경주향교,https://tong.visitkorea.or.kr/cms/resource/40/3518940_image2_1.jpg,,경상북도 경주시 교촌안길 27-20 (교동),,,,"경주향교는 경주교촌한옥마을과 경주최부자댁 인근에 자리하고 있다. 이 일대가 교촌, 교리, 교동이라 불리는 이유가 바로 이 향교 때문이다. 이 자리에 신라 최고의 중앙교육기관인 국학이 신문왕 2년(682)에 처음 세워졌다. 고려시대에는 성종 6년(987)에 지방교육기관인 학원을 설치하고 11년(992)에 시설을 정비하였다. 조선시대에는 향교로 이어져 성종 23년(1492)에 문묘와 성균관의 배치형식을 따라 다시 지었다. 현재와 같은 건물배치는 향교의 표본이 되었다. 임진왜란 때 불탄 것을 선조 33년(1600)에 대성전을 비롯해 제사를 올리는 제향공간을 다시 지었고 광해군 6년(1614)에 명륜당 등과 같은 학문을 닦는 강학공간을 고쳐지었다. 광복 후에는 학교의 임시 교사로 활용되었으며 1999년부터는 사회교육원이 개설되어 강학의 맥을 이어오고 있다. 향교 앞쪽의 대성전과 동무·서무는 성현들의 위패를 모시고 제사를 올리는 제향공간이다. 뒤쪽에는 강학공간으로 강당인 명륜당과 학생들이 거처하며 공부하던 동재·서재가 있다. 교생의 정원은 90인이었으며 경서와 시문을 위주로 가르쳤다. 영남에서 가장 규모가 큰 향교로 서울 문묘와 같이 다수의 위패를 모시고 있다.",http://hyanggyo.kr,129.217324190232,35.8314972235467,1621391,12,
2756694,흥무로 벚꽃길,https://tong.visitkorea.or.kr/cms/resource/79/3518979_image2_1.jpg,,경상북도 경주시 충효동,,,,"흥무로 벚꽃길은 경주터미널에서 형산강을 건너는 서천교를 지나 첫 교차로에서 우회전하면 만날 수 있다. 이곳은 2007년 건설교통부에서 ‘한국의 아름다운 길 100선’ 가운데 하나로 선정했다. 아름다운 길로 선정된 이유는 봄날에 흥무로를 찾는다면 자연스레 알게 될 것이다. 도로 양쪽에 선 아름드리 벚나무가 가지끼리 맞닿아 하늘을 가려 아름다운 벚꽃터널이 완성된다. 벚꽃 만발하는 봄이면 수많은 상춘객으로 도로가 주차장이 되니 자전거나 도보여행이 자동차 여행보다 도리어 빠를 수 있다. 여름은 초록대로, 가을은 단풍대로 아름답다.",경주문화관광 https://www.gyeongju.go.kr/tour,129.1964,35.8453,2756694,12,
4012183,유니클로 경주점,https://tong.visitkorea.or.kr/cms/resource/29/4024729_image2_1.jpg,,경상북도 경주시 강변로 642 (황성동),,,,"유니클로는 기본기 충실한 제품을 선보이는 글로벌 SPA 패션 브랜드입니다. 히트텍, 에어리즘 등 계절별 기능성 제품을 합리적인 가격에 제공하며, 심플한 디자인으로 남녀노소 누구나 즐길 수 있는 일상복을 제안합니다.",,129.216106353247,35.8778347128443,4012183,38,
4012185,지오지아 경주점,https://tong.visitkorea.or.kr/cms/resource/15/4024715_image2_1.jpeg,,경상북도 경주시 원효로 114-1 (노동동),,,,"지오지아는 클래식 스타일에 현대적인 감각을 더한 남성복을 선보이는 브랜드입니다. 출근복과 일상복 모두에 어울리는 세련된 디자인이 특징이며, 고급 소재와 꼼꼼한 마감으로 품격 있는 남성 패션을 완성합니다.",www.goodwearmall.com/m/brand/ZIOZIA?brndCtgryNo=BDMABR,129.213397020624,35.8418324607354,4012185,38,
128680,전촌솔밭해변,https://tong.visitkorea.or.kr/cms/resource/52/4039652_image2_1.jpg,,경상북도 경주시 감포읍 동해안로 2006-2,,,,"전촌솔밭해변은 전촌항과 나정고운모래해변 사이에 자리 잡고 있는 작은 솔밭 해변이다. 길이 0.8㎞, 폭 30∼60ｍ의 백사장이 그리 넓지 않아 해수욕장으로 유명하지는 않지만 옆의 나정고운모래해변과 연결되어 긴 모래사장 펼쳐진 곳이다. 음식점, 카페 샤워장 등 편의시설이 갖추어져 있고 조용한 해수욕을 즐기기 위한 관광객들이 찾는다. 반대편 전포항은 바다 낚시꾼들에게 인기 있는 곳이며 주변 식당에서는 그날 잡은 신선한 해산물 요리를 먹을 수 있다. 인근에는 전촌동굴과 동해의 바닷물을 이용한 온천해수탕 등 볼거리, 먹거리, 즐길 거리 등 관광지의 여건을 고루 갖추고 있다.",http://gyeongju.go.kr/tour,129.4913,35.7857,128680,12,
1621780,경주유연정,https://tong.visitkorea.or.kr/cms/resource/15/3509115_image2_1.jpg,,경상북도 경주시 강동면 사라길 79-19,,,,"운곡서원 옆에 있는 유연정은 조선 순조 11년(1811)에 안동 권씨 종중에서 고려태사 권행과 그의 후손인 죽림 권산해, 귀봉 권덕린을 추모하기 위해 세운 정자이다. 이 정자는 도연명의 자연 애호 사상을 본받아 서원에서 동쪽으로 약 50m 떨어진 계곡의 용추대 위에 있는데, 주위의 자연경관과 멋진 조화를 이룬다. 건물의 형태는 앞면 3칸, 옆면 2칸의 규모이고, 팔작지붕이다. 대청의 천장은 서까래가 보이지 않도록 井자 모양을 한 우물 반자로 꾸몄는데, 그 양쪽에 반원형 판재를 45도로 끼운 모습이 매우 독특하다. 용추계곡, 은행나무 등 주변 자연 경관과 조화를 이루며, 1800년대 초기의 건축 수법을 잘 보여준다.",http://www.gyeongju.go.kr/tour,129.301743,35.940038,1621780,12,
129778,국립경주박물관,https://tong.visitkorea.or.kr/cms/resource/99/3509099_image2_1.jpg,,경상북도 경주시 일정로 186 (인왕동),,,,"국립경주박물관은 신라의 문화유산을 한눈에 살펴볼 수 있는 한국의 대표적인 박물관이다. 이곳에서는 기원전 57년부터 기원후 935년까지 이어진 천년왕국 신라의 압축된 역사를 살펴볼 수 있다. 경주 여행 시 가장 먼저 방문해 사전 지식을 쌓은 뒤 유적지를 둘러보면 더욱 알찬 여행이 된다. 박물관은 신라역사관, 신라미술관, 월지관, 신라천년보고, 옥외전시 등 5개의 상설전시관과 특별전시관으로 구성된다. 신라역사관에서는 신라의 역사적 흐름을, 신라미술관에서는 찬란한 미술문화와 유물을 볼 수 있다.
월지관은 통일신라시대 왕실의 생활문화를 중심으로 구성되어 있다. 옥외전시장에는 범종, 석탑, 석불, 석등, 비석받침 등 석조 유물 1,300여 점이 전시되어 있다. 박물관 인근에는 2019년 개관한 영남권 수장고인 신라천년보고가 있다. 이곳은 영남지역에서 출토된 유물 약 60만 점을 보관하며, 3,000여 점은 전시수장고에서 관람할 수 있다. 신라역사관, 신라미술관, 월지관에서는 전시해설 프로그램도 운영되니 관람 전 시간표를 확인하는 것이 좋다.",http://gyeongju.museum.go.kr,129.2283703802744,35.8304796951968,129778,14,
250265,경주 남산 신선암 마애보살반가상,https://tong.visitkorea.or.kr/cms/resource/80/2726880_image2_1.jpg,,경상북도 경주시 남산동 산36-4,,,,"경주 남산은 유물·유적의 보고(寶庫)라고 할 수 있는데, 여기에 가면 삼국시대부터 통일신라 후기까지의 불상들을 모두 만나볼 수 있다. 그중에 하나인 높이 1.4m의 마애보살 반가상은 칠불암(七佛庵) 위에 곧바로 선 남쪽 바위에 새겨져 있다. 마치 구름 위에 앉아 있는 것처럼 보이는데 머리에 삼면보관(三面寶冠)을 쓰고 있어서 보살상임을 알 수 있다. 얼굴은 풍만하고, 지그시 감은 두 눈은 깊은 생각에 잠긴 모습으로 구름 위의 세계에서 중생을 살펴보고 있는 듯하다. 오른손에는 꽃을 잡고 있으며, 왼손은 가슴까지 들어 올려서 설법하는 모양을 표현하고 있다. 천의(天衣)는 아주 얇아 신체의 굴곡이 사실적으로 드러나 보이며 옷자락들은 대좌(臺座)를 덮고 길게 늘어져 있다. 머리 광배와 몸 광배를 갖춘 광배 (光背) 자체를 불상이 들어앉을 공간으로 이용했기 때문에 보살상이 더욱 두드러져 보이며, 통일신라시대 8세기 후반의 작품으로 보인다.",https://www.gyeongju.go.kr/tour,129.2347,35.7715,250265,12,
304799,망월사(경주),https://tong.visitkorea.or.kr/cms/resource/99/3508599_image2_1.jpg,,경상북도 경주시 포석로 682-17 (배동),,,,"망월사는 경주시 배동에 자리한 대한불교원효종 소속 사찰이다. 대한불교원효종의 중요한 사찰로 꼽힌다. 대한불교원효종은 우리나라 18개 불교 종단 가운데 하나로 신라의 원효스님을 종조로 하여 1963년 경주에서 해인스님이 대한불교원효종 포교원을 창종하고 해인스님이 초대 종정이 되었다. 그 뒤 1967년 8월 망월사가 본원이 되었으며, 1977년 12월 대한불교원효종이 되었다. 현재 총무원은 서울 안양암에 있고, 주요 경전은 원효종성전인데 1967년 망월사에서 발간되었다. 오랜 역사와 위상에 비해 소박한 사찰이며 대웅전, 요사채가 있으며 연못 안에 놓인 불탑인 연화탑이 인상적이다.",,129.20999349129377,35.801378133627374,304799,12,
317503,분황사,https://tong.visitkorea.or.kr/cms/resource/98/3506098_image2_1.jpg,,경상북도 경주시 분황로 94-11,,,,"분황사는 경상북도 경주시에 위치한 대한불교조계종 제11교구 본사 불국사의 말사이다. 선덕여왕 3년인 634년에 창건된 사찰로, 원효대사와 자장법사가 머물렀던 역사 깊은 절이다. 절 안에는 국보로 지정된 모전석탑이 있으며, 이는 통일신라 이전에 세워진 대표적인 전탑 양식이다. 모전석탑은 본래 5층 이상이었으나 현재는 3층만 남아 있으며, 고려시대에도 보수가 이루어졌음을 사리장치에서 확인할 수 있다. 탑 1층에는 감실과 수문장상이 조각되어 있으며, 석사자상도 함께 배치되어 있다. 경내에는 통일신라시대의 대형 돌우물인 삼룡변어정이 있으며, 호국용 전설이 전해진다. 이 우물은 1965년 석불 14구가 출토된 유서 깊은 장소이기도 하다. 분황사에는 약사전, 약사여래입상, 석등, 대석 등 다양한 유적이 남아 있다. 화쟁국사비부는 원효대사를 기리는 비석의 받침돌로, 고려 명종 때 만들어졌다. 현재 분황사는 역사적·문화적으로 중요한 가치를 지닌 고찰로 평가받고 있다.",http://www.bunhwangsa.org,129.233669042029,35.8407687574982,317503,12,
704151,경상북도 산림환경연구원,https://tong.visitkorea.or.kr/cms/resource/69/3510669_image2_1.jpg,,경상북도 경주시 통일로 367 (배반동),,,,"경상북도 산림환경연구소는 신라 천 년의 시간을 흐르는 경주 남산 자락에 자리하고 있다. 기후변화에 대응한 산림환경조사, 산림병해충의 친환경 방제, 우량수목 등 식물 유전자원 보존 및 증식, 천연기념물 후계목의 증식과 보존, 병해충을 방제 등 산림보호를 위한 연구 기관이며, 지방 정원, 숲 체험원 조성으로 생태휴양공간을 마련하고 산림의 효율적인 경영과 보호를 위한 임도 및 사방사업을 수행하는 산림 전문 연구기관이다. 숲공원으로 지자체가 조성하고 관리하는 국가 정원으로는 국내 5번째이고, 경북에서는 첫 번째 숲 정원이다. 경북천년숲정원은 다양한 테마로 조성된 정원과 오솔길. 메타세콰이어 숲길, 거울숲, 외나무다리 등 이 있으며, 각 구역별 계절별 꽃을 피우는 나무와 야생화들이 식재되어 있어 각기 다른 공간적 특징을 지니며 계절에 따른 변화도 즐길 수 있다. 식물의 특징을 이해할 수 있는 안내문도 잘 작성되어 있어 아이들의 교육현장으로도 좋다.",https://www.gb.go.kr/,129.2391,35.8118,704151,12,
2756648,나아해변,https://tong.visitkorea.or.kr/cms/resource/94/3510694_image2_1.jpg,,경상북도 경주시 양남면 나아4길 17-1,,,,"나아 해변은 경북 경주시 양남면에 자리 잡고 있다. 해변은 몽돌과 모래가 섞여있다. 낚시를 즐기는 사람이 많다. 특히 소나무 숲에는 무료로 텐트를 설치할 수 있어 많은 사람이 캠핑을 즐긴다. 취사는 금지이지만 차크닉과 차박을 즐기기 위해 많은 이들이 찾는다. 주변에 나산들 공원, 경주 문무대왕릉이 있다.",,129.4732,35.701,2756648,12,
2820735,오스카스카페,,,경상북도 경주시 용담로104번길 13-4 (황성동),,,,"경북 경주시에 위치한 오스카스 카페는 주택을 리모델링하여 분위기가 아늑하고 조용하고 편안한 느낌을 주는 카페이다. 마가린과 쇼트닝을 사용하지 않고 버터, 동물성 생크림을 사용하여 맛있는 디저트와 케이크를 만들어 낸다. 케이크와 음료는 제철 과일을 즐길 수 있도록 계절마다 변동될 수 있다. 또한 오스카스카페만의 개성이 담긴 특색 있는 메뉴와 향긋한 커피, 티, 음료들을 맛볼 수 있다.",,129.210993496481,35.8656264297309,2820735,39,
128636,통일전(경주),https://tong.visitkorea.or.kr/cms/resource/08/3501408_image2_1.jpg,,경상북도 경주시 칠불암길 6,,,,"통일전은 삼국 통일의 정신을 계승하고, 다가올 남북통일을 기원하는 국민의 전당이다. 경내에는 태종무열왕, 문무대왕, 김유신 장군의 영정이 모셔져 있으며, 통일을 위한 격전을 생생히 보여주는 기록화가 긴 회랑을 따라 전시되어 있다. 통일전은 호국영령의 뜻을 기리기 위해 건립된 만큼, 초·중등학생들의 이념 교육장으로 활용되고 있으며, 수학여행의 필수 코스로 자리 잡고 있다. 삼국 통일 당시의 전투 장면이 여러 액자에 그려져 있는 것이 인상적이며, 남산 답사 중 잠시 호국영령에게 참배하고, 넓은 잔디밭에서 쉬어가는 것도 좋다.",http://www.gyeongju.go.kr/tour,129.240565,35.798022,128636,12,
2614343,경주 최부자댁,https://tong.visitkorea.or.kr/cms/resource/95/3512195_image2_1.jpg,,경상북도 경주시 교촌안길 19-21 (교동),,,,"경주 최씨의 종가로 신라시대 요석궁이 있던 자리라고 전하는 곳에 위치하고 있다. 9대째 대대로 살고 있으며, 1700년경 이 가옥을 지었다고 하지만 확실한 시기는 알 수 없다. 
건물 구성은 사랑채, 안채, 대문채 등으로 이루어져 있는데, 그중 대문채에는 작은방과 큰 곳간을 마련하였다. 사랑채는 안마당 맞은편에 있었으나 별당과 함께 1970년 11월 화재로 지금은 터만 남아있다. 
사랑채터 뒤쪽에 있는 안채는 트인 ㅁ자형이나 실제로는 몸채가 ㄷ자형 평면을 가지고 있고, ㄱ자형 사랑채와 一자형 중문채가 어울려 있었다. 또한 안채의 서북쪽으로 별도로 마련한 가묘(家廟)가 있는데 남쪽으로 난 반듯한 길이 인상적이다. 안채 뒤편으로 꽃밭이 있어 집 구성에 아름다움을 더하고 있으며, 조선시대 양반집의 원형을 대체로 잘 보존하고 있어 중요한 자료로 평가받고 있다. 
지정 당시 명칭은 경주 최식씨 가옥(慶州崔植氏家屋)이었으나, 경주 최씨 가문이 대대로 살아왔던 집이고, 경주의 이름난 부호로 교동 최부자 집으로 널리 알려져 있어 2007년 1월에 경주 교동 최씨 고택으로 명칭을 변경하였다.

(출처 : 국가유산청)",,129.2161,35.8308,2614343,12,
2699663,경주 명활성,https://tong.visitkorea.or.kr/cms/resource/48/3509448_image2_1.jpg,,경상북도 경주시 보문동,,,,"경주 명활성은 명활산을 둘러싸고 있는 신라시대 산성으로 경주 주변의 남산신성, 서형산성, 북형산성과 함게 수도 방어시설로 큰 몫을 한 곳이다. 성의 둘레는 약 6㎞로 토성과 함께 석성이 함께 있는데, 석성은 다듬지 않은 자연석을 사용한 신라 초기의 축성 방식을 보이고 있다.
『삼국사기』에 의하면 실성왕 4년(405)에 왜병이 명활성을 공격해 왔으나 격퇴시켰다는 기록이 있는 것으로 보아 그 이전에 만들어졌음을 알 수 있다. 또한, 눌지왕 15년(431)에는 왜구가 이 성을 포위하고 공격하였는데, 이는 이 성이 신라의 수도인 금성을 지키는데 중요한 곳임을 말해준다.
자비왕 18년(475)부터 소지왕 10년(488)까지는 이곳을 궁성으로 사용하였다. 선덕여왕 때에는 비담 등이 이 성을 거점으로 반란을 일으켰으나 김유신을 중심으로 한 관군에게 평정되었다.
성 주변에서 진흥왕 12년(551)에 만든 명활산성 작성비가 발견되어 공사 총책임자, 실무자, 공사기간 등 당시 축성에 관한 내용을 전해 주는데 처음에 토성이었다가 이때 석성으로 고쳐 쌓은 것으로 여겨진다. 현재 국립경주박물관에 보관되어 있다.",경주 문화관광 https://www.gyeongju.go.kr/tour,129.2623,35.8417,2699663,12,
2708718,경주 풍력발전(바람의언덕),https://tong.visitkorea.or.kr/cms/resource/83/3501383_image2_1.jpg,,경상북도 경주시 문무대왕면 장항리,,,,"토함산 이웃에 자리한 조항산 정상에는 경주 풍력발전단지가 위치해 있다. 이 상업용 풍력발전단지는 친환경 청정에너지 생산을 목적으로 하며, 현재 총 7기의 풍력발전기가 가동 중이다. 연간 1만여 가구가 사용할 수 있는 전력을 생산하고 있다. 산 능선을 따라 늘어선 거대한 풍력발전기들이 인상적인 이곳은 바람의 언덕이라 불리며, 사계절 내내 일반에 개방되어 있다. 발전소 전경이 한눈에 펼쳐지는 전망대 경풍루를 비롯해 바람길 산책로, 피크닉 테이블 존 등 방문객을 위한 공간도 마련되어 있다. 특히 해 질 무렵 노을이 아름답기로 유명하며, 일몰 후 밤하늘에 수 놓인 별빛까지 감상할 수 있어 많은 이들이 찾는 경주의 새로운 힐링 명소로 주목받고 있다.",https://www.gyeongju.go.kr/tour/,129.364829,35.74979,2708718,12,
2762755,삼불사,https://tong.visitkorea.or.kr/cms/resource/21/3509421_image2_1.jpg,,경상북도 경주시 포석로 692-25 삼불사,,,,"삼불사는 경상북도 경주시 배동에 자리 잡고 있다. 사찰에는 대웅전, 산신각, 보물 경주 배동 석조 여래 삼존입상이 있다. 경주 배동 석조 여래 삼존입상은 삼국시대에 만든 것으로 추정되며, 경주 남산 기슭에 흩어져 있던 석상과 석재들을 1923년 삼불사가 있는 자리에 모아 세웠다.",,129.210758422055,35.8019923624268,2762755,12,
3029628,빛누리정원,https://tong.visitkorea.or.kr/cms/resource/04/3509104_image2_1.jpg,,경상북도 경주시 용담로 107 (황성동) (황성공원 내),,,,"황성공원 예술의 전당 뒤편에 위치한 경주 빛누리정원은 경주 야경 명소로 인기 있는 곳이다. 낮에는 아름다운 자연 속에서 산책을 즐기며 밤에는 산책로를 따라서 설치된 음향 시설에서 대중가요, 국악, 가곡, 클래식 등 다양한 음악이 흘러나와 음악을 들으며 야경을 감상할 수 있다. 빛누리정원 뒤편에는 신라시대 건축 방법을 고증해 재현한 상우정 누각과 연못이 있다. 또한 곳곳에 의자가 배치되어 있어 마음에 드는 풍경을 보면서 쉬어가기 좋은 곳이다.",,129.208179,35.864152,3029628,12,
3501757,경주시 자전거공원,https://tong.visitkorea.or.kr/cms/resource/21/3501721_image2_1.jpg,,경상북도 경주시 천북면 물천리 944-7,,,,"경주시 자전거공원은 자전거의 스릴과 재미를 즐길 수 있는 국내 최대 규모의 공원형 자전거 관광 명소로서, 어린이도 즐길 수 있는 초급 코스에서부터 전문가를 위한 고급 코스까지 다양한 펌프트랙 코스를 갖춘 시설이다. 안전 서약서를 작성하고 안전장비를 착용한 8세 이상 자전거 탑승자가 이용가능하며, 우천 시 이외에는 연중무휴 무료로 이용 가능하다. 또한 현장에서 자전거와 안전장비도 무료로 대여해 준다.",,129.277,35.8688,3501757,12,
2047199,경주천년한옥펜션,http://tong.visitkorea.or.kr/cms/resource/27/2635527_image2_1.jpg,,경상북도 경주시 시동로 86-61 (시래동),,,,"경주천년한옥펜션은  경주 시래동에 위치한 육송으로 지은
2층 한옥의 웅장함과 멋스러움이 조화를 이루고 있는 전통한옥으로
문화체육관광부와 경주시가 지정한 “관광펜션”이다.  투호놀이, 웇놀이, 제기놀이, 군불 피우기 그리고 바베큐장 이용을 통헤 즐거운 추억과 여유로움을 느낄 수 있다.",http://www.year1000.co.kr,129.2929124645,35.7741216208,2047199,32,
130509,우양미술관,https://tong.visitkorea.or.kr/cms/resource/03/3556803_image2_1.jpg,,경상북도 경주시 보문로 484-7 (신평동),,,,"경주보문단지 힐튼경주 부지 내에 위치한 우양미술관은 1991년 5월 18일에 개관하였다. 국내 최초 사립 현대미술관으로 1,800여 평 부지에 지하 1층, 지상 2층 건물로 전시실과 수장고, 교육공간, 야외조각공원, 기타 편의시설 등으로 구성되어 있다. 우양미술관은 동시대 미술의 흐름을 제시하는 국내외 주요 작가들의 전시를 기획하며, 해외 작가(교류)전, 우양작가시리즈, 신소장품전 등 매년 두 세 차례 다채로운 전시를 선보이고 있다. 또한 현대미술의 중요한 역할을 해 온 국내외 작가인 박서보, 이우환, 김창열, 백남준, 이브 클랭, 길버트와 조지, 프랭크 스텔라, 안젤름 키퍼, 막달레나 아바카노비츠 등 회화와 조각, 설치, 영상, 사진 등 현대미술의 다양한 가능성을 보여주는 작품들을 폭넓게 소장해 왔다. 앞으로도 경주의 자랑스러운 문화유산과 눈부신 자연 속에 휴식과 현대미술이 하나의 풍경을 이루는 아름다운 하모니를 계속해서 만들어나갈 것이다.",http://www.wooyangmuseum.org,129.285930778328,35.8416002160228,130509,14,
2988973,제로스페이스 경주,https://tong.visitkorea.or.kr/cms/resource/59/2988959_image2_1.jpg,,경상북도 경주시 손효자길 17-2 (황남동),,,,"제로스페이스 경주는 경상북도 경주시 대릉원 인근 한옥 건물에 자리한 소품 매장으로 ‘제로퍼제로’의 경주 직영 쇼룸이다. ‘제로퍼제로’는 그래픽 디자인 스튜디오로 세계의 도시들을 주제로 한 작업과 사람들의 사소한 일상을 표현하는 작업, 이 두 작업이 만나 공존하며 섞이는 새로운 그래픽 디자인을 만들어 낸다. 제로스페이스 경주에서 ‘제로퍼제로’의 전 제품과 다양한 수입 문구를 함께 둘러보며 의미 있고 아기자기한 소품을 만나볼 수 있다. 특히 경주를 테마로 한 한정 제품은 경주 여행의 기념품으로 추천한다.",https://www.instagram.com/zerospace.gyeongju,129.21030824145,35.8376273946743,2988973,38,
125405,토함산자연휴양림,,,경상북도 경주시 문무대왕면 불국로 1208-45,,,,"토함산 자연휴양림은 불국사와 석굴암을 품고 있는 토함산의 동쪽 기슭에 위치해 있으며 경주시 시설관리공단에서 운영하는 휴양시설이다. 산림에 숲 속의 집, 화랑관, 야영장, 체육시설(풋살장, 족구장, 농구장)을 비롯한 숲길(등산로), 산림욕장 등이 조성되어 있다. 다양한 침엽수와 활엽수가 자생하고 있으며 다람쥐, 딱따구리 등 각종 야생동물과 식물들이 생태계를 이루고 있어 자연체험 학습장과 휴양지로 즐겨 찾을 수 있으며 동쪽으로는 감포 해수욕장, 양남 주상절리, 양북 문무대왕릉, 서쪽으로는 불국사, 석굴암, 보문단지를 연결하는 중심에 위치하고 있어 역사문화체험과 휴양을 동시에 즐길 수 있는 숙박시설로 더욱 각광받고 있다.",https://www.foresttrip.go.kr/,129.36495271012697,35.761960293493296,125405,12,
126230,경주 보문관광단지,https://tong.visitkorea.or.kr/cms/resource/85/3479385_image2_1.jpg,,경상북도 경주시 보문로 446 (신평동),,,,"경주 보문 단지는 경주 시가지에서 동쪽으로 약 10여㎞ 정도 떨어진 명활산 옛 성터에 보문호를 중심으로 조성되었다. 보문관광단지는 전 지역이 온천지구 및 관광특구로 지정되어 있고 도로, 전기, 통신, 상하수도 등 기반 시설이 완비되어 있으며 컨벤션시티로의 육성, 보문관광단지와 연계한 감포 관광단지의 개발을 추진하고 있는 등 국제적 수준의 종합관광 휴양 단지로 자리를 잡아가고 있다. 총 8,000,036㎡(242만 평)의 대지에 국제적 규모의 최고급 호텔, 가족단위의 콘도미니엄, 골프장, 각종 수상시설, 산책로, 보문호와 고사분수 등 수많은 위락시설을 갖춘 경주의 사랑방이라고 일컫는 종합관광 휴양지이다. 경주지역에는 특히 벚나무가 많다. 어느 특정 지역에만 많은 것이 아니라 도시 전체가 벚꽃 천지인 것이 다른 지역과 다르다. 4월 개화기 때에는 발길 닿는 곳마다 온통 벚꽃 천지이지만 그중에서 특히 이곳 보문호 주위와 불국사 공원 벚꽃이 한층 기염을 토한다. 바람이라도 부는 날이면 꽃송이가 눈발처럼 날려 환상적인 경관을 연출한다.",경주문화관광 http://www.gyeongju.go.kr/tour,129.2869679882431,35.84369802390392,126230,12,
2658227,경주 황리단길,https://tong.visitkorea.or.kr/cms/resource/62/3480062_image2_1.jpg,,경상북도 경주시 포석로 1080 (황남동),,,,"황리단길은 경주에서 가장 젊은 길로 황남동과 이태원의 경리단길을 합쳐진 단어로 ‘황남동의 경리단길’이라는 뜻을 가지고 있다. 내남사거리에서 시작해 황남초등학교 사거리까지의 도로를 기준으로 양쪽의 황남동, 사정동 일대의 지역을 일컫는다. 1960~70년대의 낡은 건물 등이 그대로 보존되어 있어 옛 정취를 고스란히 느낄 수 있는 거리이다. 몇 해 전부터 젊은이들이 모여들기 시작해 분위기 좋은 카페, 아기자기한 소품, 기념품 가게, 개성 있는 식당들이 들어섰다. 초기에는 도로변을 중심으로 상점들이 들어섰는데 황리단길 외연이 확장되면서 골목골목마다 개성 있는 가게들이 속속 들어서고 있다. 경주여행에서 빼놓을 수 없는 필수코스가 되었으며 인근의 첨성대, 대릉원의 관광지를 함께 둘러볼 수 있어 경주의 명소로 각광을 받고 있다.",경주문화관광 http://www.gyeongju.go.kr/tour상상 황리단길 https://황리단길.kr/,129.20995370588062,35.83740829748873,2658227,12,
2807805,놋전국수,,,경상북도 경주시 첨성로 55-8 (사정동),,,,"놋전국수는 조용한 시골 한적한 곳에 위치한 국숫집이다. 주문을 하는 즉시 국수를 삶기 시작하기 때문에 조금 기다려야 하지만 투박한 양은그릇에  담겨 나오는 국수에 김치와 김가루, 호박, 양념장이 올라가 있고 멸치육수의 향도 좋다 허름해 보이지만 오래된 맛집이다.",,129.208463331953,35.833595267055,2807805,39,
2807929,은아회타운,,,경상북도 경주시 대밑길 12-40,,,,"경북 경주시에 위치한 은아회타운에서는 은아 1,2호로 직접 잡은 신선한 해산물을 맛볼 수 있다. 
싱싱한 활어회부터 물회, 회덮밥, 전복죽, 우럭구이, 매운탕, 돌미역국 등 다양한 메뉴를 즐길 수 있다. 바다를 가까이에서 바라보며 식사를 할 수 있으며 주차공간이 넓고 단체 이용이 가능하다. 또한 민박을 저렴하게 이용할 수 있다.",,129.484859381214,35.7448182880624,2807929,39,
2819789,오누이,,,경상북도 경주시 백률로 59 (동천동),,,,"경상북도 경주시에 위치한 오누이 카페는 실제 오누이가 운영하는 카페이다. 내부는 진한 우드톤과 화이트톤으로 어우러져 분위기가 좋다. 테이블은 10개 미만이며 안쪽에 룸 형식의 공간도 있다. 화장실은 남녀공용이지만 넓고 깨끗하며 여성용품이 갖춰져 있다. 오누이 만의 특별함이 담긴 시그니처 메뉴들과 커피, 티, 음료 외에도 다양한 종류의 케이크와 디저트도 준비되어 있다.",,129.225773146696,35.8567625191012,2819789,39,
2904146,안강시장,https://tong.visitkorea.or.kr/cms/resource/21/2904121_image2_1.jpg,,경상북도 경주시 안강읍 양월리 1353-7,,,,"안강시장은 경성북도 경주시 안강읍 양월리에 있다. 1923년 개설된 상가 건물형 중형 시장이며, 장날은 매월 4일, 9일이다. 오일장이 열리는 날이면 안강 참단감, 고추, 참깨, 마늘, 배추 등 안강과 그 주변에서 생산된 신선하고 청결한 갖가지 농산물 등을 만날 수 있다. 무엇보다 싱싱한 어패류, 젓갈류, 생선류를 구입할 수 있으며, 가격까지 착하다. 강동IC에서 가깝고, 주변에 세계문화유산 경주양동마을과 사적 제154호 옥산서원이 있어 식전이나 식후에 방문하기 수월하다.",경주문화관광 https://www.gyeongju.go.kr/tour,129.22223245919,35.9900258179729,2904146,38,
2932986,교리김밥 본점,,,경상북도 경주시 탑리3길 2,,,,경주IC에서 가까운 오릉 근처에 자리한 50년 전통 교리김밥은 전국 3대 김밥 중 하나로 불린다. 과거 팔도에서 넘어온 이들의 주린 배를 채우기 위해 담치기로 넘겨준 김밥이 입소문을 타고 알려지게 되었다고 한다. 두툼한 두께와 김밥 속 대부분을 채운 잘게 썬 계란 지단이 특징이다. 부드럽고 담백한 맛이 차별화된다.,,129.210788407328,35.8216928045654,2932986,39,
2938582,난식당1974,,,경상북도 경주시 영불로 261,,,,"맛있으며 깔끔하고 속이 편한 음식을 찾을 경우 난식당1974를 추천한다. 한옥으로 된 근사한 식당이며, 아보카도를 재료로 여러 비빔밥을 만드는 곳으로 유명하다. 매장 내부는 전체적으로 식물이 많아 산뜻하며 자연적인 느낌을 주며 테이블이 화트톤과 우드 블랙톤으로 배치되어 있어 복잡하지 않고 통일감을 준다. 난식당은 노키즈존(10세부터 가능)이므로 꼭 확인 하고 가야한다. 음식은 깔끔한 한상차림으로 준비된다. 음식의 비주얼이 좋아 사진찍기 제격이다. 건강하며 든든한 한끼를 먹고 싶을 때 난식당을 추천한다.",,129.328942267231,35.7850632990663,2938582,39,
2810867,소바카게,,,경상북도 경주시 첨성로99번길 25-5 (황남동),,,,"소바카게는 경주 황리단길 마제소바 전문점이다. 마제소바는 ‘섞다’를 뜻하는 마제루와 ‘국수’를 뜻하는 소바가 합쳐진 말이다. 마치 우리나라의 비빔밥을 연상시키듯이 여러 가지 음식재료들이 면 위에 가지런히 얹어져 있는 모습이 특징이다.  
일본 나고야식 마제소바를 기본으로 아부라소바, 바질소바, 마파소바 등등 쫄깃한 면발과 깊고 진한 소스의 조화를 정성껏 준비하고 있다. 경주 여행 중 점심이나 저녁 식사로 많이 찾아주시는 황리단길 맛집으로, 혼밥부터 친구, 연인과의 식사까지 편하게 즐길 수 있다.",,129.211897609631,35.8353882344987,2810867,39,
3101682,화랑의 언덕,https://tong.visitkorea.or.kr/cms/resource/47/3100047_image2_1.jpg,,경상북도 경주시 산내면 수의길 569,,,,"강호와 동네 꼬마들이 뛰어놀던 초원은 SNS에서 인생샷 명소로 꼽힌다. 명상바위라 불리는 절벽 끝 바위에 오르면 발밑으로 아담한 마을과 다랑논이 펼쳐지며, 언덕 위는 너른 잔디밭과 잔잔한 저수지가 어우러져 평온한 풍경을 만끽할 수 있다. 산책과 피크닉은 가능하지만, 캠핑 및 차박은 불가하다.",https://www.instagram.com/gyeongju_okgreen,129.087150672808,35.77004501803982,3101682,12,
2807685,청룡 장모님 한식당,,,경상북도 경주시 진현로2길 55 (진현동),,,,"청룡 장모님 한정식은 경북 경주시 진현동에 위치한 한식전문점이다. 메뉴는 불고기전골, 두부버섯전골, 해물순두부, 장모님 비빔밥, 떡갈비 등 다양한 한식 메뉴를 맛볼 수 있다. 특히 두부전골과 불고기 전골이 인기 메뉴이며 푸짐하게 한 상 차려지는 모습에 많은 사람들이 찾는 곳이다. 내부는 규모가 크진 않지만 아늑한 분위기 속에서 편하게 식사를 즐길 수 있다. 인근에 불국사가 자리하여 주로 관광객들이 방문하는 곳이다. 이곳에서는 불국사 맛집으로 알려져 있다.",,129.326966004407,35.7863080273941,2807685,39,
2807684,대릉갈비,,,경상북도 경주시 포석로1068번길 27 (황남동),,,,"대릉갈비는 정육식당으로, 소갈비를 합리적인 가격으로 맛볼 수 있다. 이곳의 대표메뉴는 암소 포갈비와 암소 양념포갈비이다. 양념 포갈비는 하루 한정 수량이 있다. 다양하게 맛보고 싶다면 한우 암소 모듬을 먹으면 된다. 이외에도 암소 갈비살, 순살 소갈비찜, 육회 등이 있으며, 한우 소고기 국밥, 대왕 갈비탕, 육회비빔밥, 육회비빔냉면 등 식사메뉴도 준비되어 있다.",,129.212406533175,35.8358792128859,2807684,39,
2773381,남정부일기사식당,,,경상북도 경주시 배리1길 3 (배동),,,,"남정부일기사식당은 볶음요리가 인기인 한식당이다. 기와지붕의 정감 어린 가정집을 리모델링하여 식당으로 쓰고 있어 편안함이 묻어난다. 대표 메뉴는 낙지볶음과 돼지볶음, 그리고 돼지와 낙지가 모두 들어간 짬뽕볶음이다. 여기에 10여 가지의 밑반찬을 곁들이고, 양푼에 공깃밥을 덜어 볶음요리와 비벼 먹으면 그 맛이 마치 시골집에서 먹는 새참 같다고 해서 유명하다. 특히 단골손님들은 이곳을 그냥 짬뽕집이라고들 부를 정도로 짬뽕볶음 메뉴가 인기 있다.",,129.205816604149,35.7908315102831,2773381,39,
1621637,충의당,,,경상북도 경주시 내남면 이조3길 28-17 (내남면),,,,"조선 중기의 무신 정무공 최진립(1568∼1636)이 살았던 곳으로 가옥의 사랑채에 해당한다. 최진립 장군은 임진왜란이 발발하자 의병을 이끌었고, 정유재란 때 권율 장군을 도와 공을 세웠다. 충의당은 처음에는 당호를 흠흠당이라 했는데 1760년경 건물을 수리한 후 충의당으로 이름을 바꿨다. 건물은 앞면 4칸, 옆면 2칸으로 홑처마 팔작지붕을 하고 있으며 뒤편에는 정침과 고방채가 있고 오른쪽에 제향공간이 있어 조선시대 상류주택의 전형적인 배치방법을 지니고 있다. 
그가 지냈던 충의당은 경주 최부자집의 시작이라 볼 수 있으며, 현재 일부는 고택체험이 가능한 한옥스테이 객실과 다실로 운영된다. 숙박 시 충의당 휴게실, 정무공 최진립 장군 동상이 있는 충의공원, 충의당 유물관과 사당, 잔디마당 등을 둘러볼 수 있다.",,129.196161210351,35.7526507105831,1621637,12,
134964,옛날경주숯불,https://tong.visitkorea.or.kr/cms/resource/27/1896327_image2_1.jpg,,경상북도 경주시 천북면 천강로 447,,,,"‘옛날경주숯불’은 경북 경주시에 위치한 식당이다. 이곳의 대표메뉴는 다양한 부위의 국내산 한우구이이며, 이 외에 다양한 식사메뉴도 준비되어 있어 취향껏 메뉴선택이 가능하다. 기본찬으로 쌈채소, 샐러드, 간과 천엽, 묵사발, 김치 등 다양하게 상차림이 구성된다. 식당 내부는 좌식과 입식테이블 모두 있으며 메뉴는 테이블마다 설치된 키오스크로 주문하면 돼서 편안하게 주문을 할 수 있다.",,129.287858695411,35.9263457533603,134964,39,
2730210,조돌칼국수,,,경상북도 경주시 북군길 3-6 (북군동),,,,"조돌칼국수는 경주시 보문단지 근처에 위치한 유명한 칼국수 맛집이다. 이곳은 신선한 해산물이 듬뿍 들어간 동죽칼국수가 대표 메뉴로, 탱글탱글한 면발과 시원하고 진한 국물 맛이 일품이다. 해물파전도 인기 있으며, 오징어와 각종 해산물이 풍성하게 올라가서 바삭하고 고소한 맛을 자랑한다. 칼국수 외에도 바지락칼국수, 들깨칼국수, 얼큰 칼국수 등 다양한 메뉴가 준비되어 있어 취향대로 선택할 수 있다. 점심시간에는 대기가 있을 정도로 사랑받는 식당이다.",,129.261750324885,35.8511496998376,2730210,39,
134773,토박이식당,https://tong.visitkorea.or.kr/cms/resource/15/1896315_image2_1.jpg,,경상북도 경주시 북군길 21 (북군동),,,,"경주시 보문단지 인근에 위서 30여 년이 넘는 시간 동안 한 자리를 지켜온 토박이식당이다. 이곳은 낚시로 직접 잡아 올린 신선한 특대 제주 갈치만을 사용하여 요리한다. 조림의 양념은 시판 소스가 아닌 직접 담근 고추장과 된장으로 만든다. 식재료에 자부심을 갖고 매일 갈치를 손질하고 국물을 끓여낸다. 5미 이상 특대 갈치로 만든 치조림과 갈치구이는 살이 두툼하고 은빛 그대로 살아 있다. 기본 반찬에 더해 주문 즉시 애피타이저인 떡갈비, 소면, 도토리묵, 메밀전 등이 제공되며, 제철 반찬은 매일 바뀐다. 또한 어린이용 미역국이 서비스로 제공된다. 주문과 동시에 조리가 시작되어 음식이 나오기까지 10~15분 정도 소요가 된다. 단체 최대 105명까지 수용이 가능한 룸까지 갖추고 있다.",,129.263330869539,35.8524031759484,134773,39,
2774284,육부전,https://tong.visitkorea.or.kr/cms/resource/83/2794683_image2_1.jpg,,경상북도 경주시 남간길 37-10 (탑동),,,,"과거 양산재로 불렸던 육부전은 신라 건국 이전 서라벌에 있었던 6부 촌장의 위패를 봉안하고 제사를 지내는 사당이다. 기원전 57년 알천양산촌, 돌산고허촌, 취산진지촌, 무산대수촌, 금산가리촌, 명활산고야촌의 6부 촌장들이 알천 언덕에 모여 알에서 탄생한 박혁거세를 신라의 첫 임금으로 추대하였다. 이후 신라 3대 왕인 유리왕이 이들의 건국 공로를 기리기 위해 양산촌은 이 씨, 고허촌은 최 씨, 진지촌은 정씨, 대수촌은 손 씨, 가리촌은 배 씨, 고야촌은 설 씨로 각각의 성을 내려 이들이 각 성씨의 시조가 되었다고 전한다. 육부전은 외삼문인 대덕문을 지나 동편에 윤적당, 서편에 익익재가 배치되어 있고 이어 내삼문인 홍익문이 자리한다. 홍익문 안에는 주건물인 입덕묘가 세워져 있는데, 이 공간은 제례가 있는 날을 제외하고는 일반에 개방하지 않는다.",,129.21440487084,35.8169601016525,2774284,12,
133962,보문민속식당,,,경상북도 경주시 보문로 435 (신평동),,,,"보문민속식당은 경주에서 삼겹살이 맛있다고 소문난 음식점으로 1996년 개업했으며 보문관광단지 인근에 있다. 보문민속식당은 찌개가 나오는 식사류, 전골류, 생삼겹살, 안주류 등 다양한 메뉴를 취급하는데, 그중에서도 쫀득한 생삼겹살과 한우 내장을 재료로 한 곱창전골이 일품이다.
특히, 생삼겹살은 한동 포크밸리 냉장만 취급하며 주문과 동시에 고기를 썰어 믿을 수 있고 신선하다. 뜨겁게 달궈진 솥뚜껑에 직접 구워 기름기는 빠지고 쫄깃한 식감이 살아난다. 관광객은 물론 오랜 단골손님이 많은 현지인 인정 맛집이다.",,129.287913829956,35.8449026401965,133962,39,
2603913,후연지한옥펜션,,,경상북도 경주시 내남면 포석로 435-9,,,,"한옥 전통적인 모습을 이어가고픈 한옥펜션이다. 가족, 연인, 친구와 함께 머무르기 좋은 곳이다. 원룸방, 복층방, 단체방 등 방의 종류가 다양하게 준비되어 있어 선택의 폭이 넓다.",,129.2040948327871,35.780468268339746,2603913,32,
1621764,동강서원,,,경상북도 경주시 강동면 유금강정길 40-25 (강동면),,,,"조선 중종 때의 문신 손중돈을 향사하고 높은 학덕을 기리기 위해 1695년(숙종 21) 건립했다. 포항시와 경주시에 걸쳐 있는 형제산 중 제산 자락에 자리 잡았다. 묘우를 중심으로 강당, 동재, 서재, 신도비각, 관리사 등의 건물이 있으며 1996년 1월 20일 경상북도 기념물로 지정됐다.
손중돈의 자는 대발[大發], 시호는 경절[景節]이다. 이시애의 난을 평정한 손소의 아들로, 김종직의 문하에서 수학하였다. 1482년(성종 13) 사마시에 합격, 이후 도승지 세 번, 대사간 네 번, 경상·충청·전라·평안·함경도 관찰사를 지내고 이조판서와 우참찬 등 요직을 거친 후 청백리에 선정되었다. 중종반정 직후 상주목사로 재직할 때 선정을 베풀어 주민들이 생사당(오늘날의 상주 속수서원)을 건립하기도 하였다.",http://www.gyeongju.go.kr/tour,129.291731208636,35.9992566134023,1621764,12,
2818721,마노레스토랑,,,경상북도 경주시 황성로 61-21 (황성동),,,,"경주시 황성동에 자리한 마노레스토랑은 가성비 좋은 양식 맛집이다. 내부는 은은한 조명과 엔틱 한 분위기로 가족 외식, 친구 모임, 데이트 모두 분위기 있게 즐길 수 있다. 메뉴는 안심스테이크와 채끝등심스테이크, 명란크림파스타, 베이컨새우필라프, 고르곤졸라피자, 해산물스튜파스타 등 다양하게 준비되어 있으며, 코스요리도 있다. 특히 명란 크림 파스타는 적당히 매콤하면서 감칠맛이 뛰어나서 꼭 한 번 먹어봐야 할 메뉴이다. 8명 정도가 앉을 수 있는 프라이빗한 공간도 마련되어 있어 단체모임을 갖기에 좋다.",,129.21543267797,35.8685543586146,2818721,39,
2762727,고색창연,,,경상북도 경주시 보불로 58-4 (마동),,,,"고색창연은 불국사 인근에 위치한 한우떡갈비 전문점이다. 한옥 건물의 고즈넉한 분위기와 넓고 쾌적한 실내 공간이 마련되어 있어 가족과 함께 방문하기 좋다.
대표 메뉴인 수제한우떡갈비는 국내산 생고기를 사용하여 불향을 가득 입히고 육즙을 그대로 살려 한입 베어 물면 입안에서 부드럽게 녹는 깊은 풍미를 자랑한다. 또한 삼겹고추장불구이는 매콤 달콤한 양념이 더해져 쫀득한 식감과 감칠맛으로 밥 한 공기가 순식간에 사라지는 인기 메뉴이다. 황태국밥과 황태순두부는 깔끔하고 개운한 국물 요리로 속을 편안하게 만들어주며, 식사 후에도 든든함을 느낄 수 있다. 모든 반찬은 간이 세지 않고 재료 본연의 맛을 살려 정갈하게 제공된다.",,129.315982412335,35.7900316828792,2762727,39,
3102068,경주 황리단길 한옥 독채 풀빌라 무와,,,경상북도 경주시 첨성로49번길 32-2 (사정동),,,,"하루 한 가족만을 위한 경주 황리단길 한옥 독채 풀빌라 무원, 전통적인 가옥을 느낄 수 있는 숙소다. 개인 수양장, 스파를 이용할 수 있다. 최대8인까지 이용할 수 있으며, 거실1, 방5로 이루어진 개방감 있는 공간이다.","<a href=""https://www.muwahanok.kr/"" target=""_blank"" title=""경주 황리단길 한옥 독채 풀빌라 무와(으)로 이동"">https://www.muwahanok.kr//</a>",129.2079903635,35.8359852596,3102068,32,
1621680,용산서원(경주),,,경상북도 경주시 내남면 포석로 110-34,,,,"조선 중기의 무신 정무공 최진립을 제사 지내기 위한 곳으로 숙종 25년(1699)에 경주부윤 이형상이 지방 선비들과 함께 세웠다. 숙종 37년(1711)에 임금으로부터 [숭렬사우]라는 편액을 내려받았으며 후에 서원으로 승격됐다. 고종 7년(1870) 서원철폐령으로 철거됐다가 1924년 다시 건립됐다.  용산서원에서 서남쪽으로 조금 떨어진 곳에는 신도비각이 있다.
최진립은 지금의 경주시 현곡면에서 태어났다. 임진왜란 때 동생 최계종과 함께 의병을 일으켰으며, 정유재란 때는 권율과 함께 울산 서생포 전투에서 공을 세웠다. 병자호란 때 용인 험천에서 싸우다가 순절하였으며 자헌대부 병조판서에 추증되고 청백리로 기록되었다.",https://www.gyeongju.go.kr,129.208498940159,35.7527064949222,1621680,12,
142894,코모도호텔 경주,https://tong.visitkorea.or.kr/cms/resource/51/1377751_image2_1.jpg,,경상북도 경주시 보문로 422,,,,"경주 보문 단지 중앙에 있는 코모도호텔 경주는 20년이라는 오랜 역사와 전통을 가지고 있다. ‘신라 천 년의 고도, 역사가 살아 숨 쉬는 경주’라는 역사 도시로서의 강점과 불교문화 특유의 독특한 실내/외 디자인 및 인테리어로 사진촬영장소 및 드라마, 영화 촬영 장소로도 쓰였다. 보문호수를 따라 산책로 및 하이킹 코스로도 유명하다.
‘옛사람의 정취 속에서 만나는 따뜻한 가족의 정’, 코모도호텔 경주가 추구하는 고객 감동의 주제이며 서비스 정신이다.
코모도호텔 경주는 국제행사 참가, 방문 및 관광, 비즈니스맨을 위한 편리하고 안락한 휴식 공간을 제공한다. 코모도호텔 경주의 객실은 고풍스러운 멋과 현대적 감각이 어우러진 아늑한 공간으로 고객 여러분의 편안함을 지켜준다. 
한식당 ‘아리랑’에서는 우아한 장식과 잘 정돈된 테이블 위에서 한국 전통의 맛과 신라 천 년의 향취, 서비스와 저렴한 가격, 편안함을 맛볼 수 있다. 또 일식당 ‘아사가와’는 언제나 고객에게 가까이 다가가고자 하는 마음으로 엄선되고 신선한 재료만을 사용하여 정통 일식 요리의 진수를 보여줄 것이다. 그뿐만 아니라 코모도호텔경주의 사우나는 천연 온천수로 일상생활에서 쌓였던 스트레스와 피부미용, 성인병 예방에 큰 효과를 줄 것이다.",,129.28510578086,35.8441887820909,142894,32,
2736721,보문뜰,,,경상북도 경주시 경감로 142-3 (보문동),,,,"경북 경주시에 위치한 보문뜰은 육류 요리를 전문으로 하는 음식점이다. 대표 메뉴는 한우 갈비탕이다. 이 밖에 떡갈비 정식, 매콤 소갈비찜, 해물 순두부 등을 맛볼 수 있다. 음식점 내부에는 단체석이 마련되어 있으며, 예약이 가능하다. 음식점 주변에는 동궁원을 비롯해 경주보문관광단지, 첨성대, 국립경주박물관 등 경주 유명 관광지가 많다. 다양한 매체에도 맛집으로 소개되어 관광객들의 발길이 끊이지 않는다.",,129.251703404559,35.8426827647473,2736721,39,
2531372,소설재,,,경상북도 경주시 포석로1050번길 48 (황남동),,,,"경주 첨성대 옆길에 자리한 소설재는 전통 한옥의 멋과 현대식 시설을 접목한 한옥스테이다. 방마다 화장실 겸 욕실과 냉난방시설을 갖춰 편의성을 높였다. 11개의 단층객실과 독채객실을 갖췄다. 입구에서는 소설재 카페를 운영한다. 
경주역과 경주고속버스터미널에서 가까워 이동이 편리하고, 첨성대와 대릉원, 황룡사지 등 관광지와 멀지 않다.",,129.21450683778525,35.8341852763732,2531372,32,
126229,경주민속공예촌,,,경상북도 경주시 보불로 230 (하동),,,,"경주민속공예촌은 1986년 신라시대의 공예기술을 보존하고 개발하기 위해 토함산 기슭에 조성한 마을로 전통 민예품을 재현하고 민속공예를 계승·발전하기 위해 흩어져 있던 경주 지역 장인들을 한 곳에 모은 촌락 형태의 민속품협업단지이다. 옛 모습을 지닌 전통 골기와집과 초가 45동으로 이루어진 이곳은 전통가구와 토우를 비롯하여 신라금관, 불상, 칠보 등의 금속공예품, 청자, 백자, 토기 등 도자기공예품 및 목가구, 목불상 등 목공예품과 죽세공예품, 보석공예품 등을 옛날 그대로 재현하고 있다. 재래식 생산과정과 장인들의 솜씨를 관광객이 직접 관람할 수 있도록 개방하고 생산품을 전시·판매하는 현대식 종합전시장도 있다. 공예촌에는 신라역사과학관이 있어 석굴암 석굴의 신비를 밝히는 석굴 모형도와 해부도 및 경주 첨성대를 통하여 관측한 천문도, 서라벌의 옛 모습을 재현하는 왕경도(王京圖)를 제작·전시하고 석굴암 석굴 모형도를 제작하여 석굴의 과학성을 설명하였다. 보문단지와 불국사를 연계하는 관광코스로 한옥과 어우러진 마을의 풍경이 아름다워 관광객들이 즐겨 찾는 곳이다.",경주 문화관광 https://www.gyeongju.go.kr/tour/,129.311409323375,35.8043148332711,126229,12,
129832,동국대학교 와이즈 캠퍼스 박물관,https://tong.visitkorea.or.kr/cms/resource/93/1890193_image2_1.jpg,,경상북도 경주시 동대로 123 동국대학교 WISE캠퍼스박물관,,,,"동국대학교 와이즈 캠퍼스 박물관은 불교정신을 바탕으로 학술과 인격을 연마하는 동국대학교에서 운영하는 박물관이다. 경상북도 경주시 석장동에 자리하고 있는 박물관으로 불교 유물의 수집·정리·전시와 더불어 유적의 발굴조사와 연구를 목적으로 1983년 개관하였다. 개관 당시에는 도서관 건물의 3층과 4층을 사용하였고 동국대학교 박물관 경주 분관으로 출발하였다. 이후 1985년 4월에 전시실을 도서관 2층으로 확장·이전하고 1994년 사무실 및 부속시설을 전시실 옆으로 확장하여 현재에 이르고 있다. 박물관은 전시실, 수장고, 연구실, 사무실로 구성되어 있다. 소장품으로는 불교 관련 조각, 회화, 공예품들이 주를 이루며 경주지역에서 발굴된 유물들도 함께 소장되어 있으며 금속류 483점, 옥석류 311점, 토기류 1,622점, 서화류 99점 등을 포함하여 약 3,000여 점에 이른다. 이 밖에도 석장사지, 경주 남산 천룡사지를 발굴하였으며 1994년에는 고고 미술사학과 유적 조사팀과 합동으로 경주 석장동의 금장대 암각화를 발견하였다. 2011년에는 경주시 성건동 통일신라시대 건물 터에서 유아묘 1기를 발굴하였다.",https://museum.dongguk.ac.kr/,129.1945,35.8625,129832,14,
128679,나정고운모래해변,https://tong.visitkorea.or.kr/cms/resource/82/3538582_image2_1.jpg,,경상북도 경주시 감포읍 동해안로 1915,,,,"넓은 백사장의 잔잔한 모래와 동해의 청정해역 바다를 자랑하는 나정고운모래해변은 여유 있는 주변 공간과 인근의 갖은 편의시설이 있고 동해의 바닷물을 이용하여 온천을 즐길 수 있는 해수탕이 있어 새로운 체험을 할 수 있다. 해수탕 옆은 주차 공간과 송림이 개방되어 있으며, 모터보트, 바나나보트 등 수상 레저를 즐길 수 있어 가족과 친구와 함께 여름 피서지로 방문하기에도 좋다. 해변을 따라 산책로도 잘 조성되어 있어 바다를 보며 걷기에도 좋다.",http://gyeongju.go.kr/tour,129.491754849878,35.7829416854786,128679,12,
2876559,삼릉고향손칼국수,https://tong.visitkorea.or.kr/cms/resource/46/2876546_image2_1.jpg,,경상북도 경주시 삼릉3길 2,,,,"삼릉고향손칼국수는 경상북도 경주시 배동에 있다. KBS 2TV 시사 교양 프로그램 , SBS 시사 교양 프로그램  등 여러 방송에 소개됐다. 한옥의 고풍스러운 외관과 예스러운 분위기를 연출하는 인테리어가 눈에 띈다. 내부에는 단체석이 마련되어 있어 각종 모임을 하기 좋다. 대표 메뉴는 우리밀 손칼국수이며, 곡물칼국수도 많은 사람이 찾는다. 이 밖에 한우 소머리 수육, 해물파전, 도토리묵 등이 준비되어 있다. 경주 IC에서 가깝고, 주변에 신라월성대군단소, 삼릉숲, 경주남산이 있어 연계 여행을 즐기기 좋다.",,129.2056,35.7948,2876559,39,
2904076,쑥부쟁이,https://tong.visitkorea.or.kr/cms/resource/57/2904057_image2_1.jpg,,경상북도 경주시 보불로 147-5,,,,"쑥부쟁이는 경상북도 경주시 하동에 위치한 한식 전문점이다. 한옥으로 지어진 덕분에 외관에서 고풍스러운 멋이 풍긴다. 예스러운 분위기를 연출하는 인테리어도 눈에 띈다. 내부에는 단체석이 마련되어 있어 각종 모임을 가지기 좋다. 대표 메뉴는 계절 샐러드, 연두부, 감자전, 연근버섯잡채, 들깨 버섯탕, 모둠튀김, 연잎밥, 된장찌개 등이 상에 오르는 연잎밥 정식이다. 이 밖에 쑥부쟁이 정식, 선덕밥상, 원효밥상 등이 준비되어 있다.",,129.3127,35.7973,2904076,39,
2904007,시골쌈밥,https://tong.visitkorea.or.kr/cms/resource/02/2904002_image2_1.jpg,,경상북도 경주시 계림로 10,,,,"시골쌈밥은 경상북도 경주시 황남동에 위치하고 있다. 깔끔한 외관과 예스러운 분위기를 연출하는 인테리어가 눈에 띈다. 대표 메뉴는 불고기쌈밥이며, 시골쌈밥도 인기가 많다. 이 밖에 황토우렁이쌈밥, 순두부정식, 된장찌개정식, 돈가스, 갈비탕 등이 준비되어 있다. 오전 일찍 영업을 시작하기 때문에 여행길에 아침 식사를 하기 좋다.",,129.215759752422,35.835924544948,2904007,39,
2988854,천군복합문화공간x에브리블랙,https://tong.visitkorea.or.kr/cms/resource/39/4010439_image2_1.jpg,,경상북도 경주시 경감로 627 (천군동),,,,"1996년 개소한 천군휴게소가 2022년 6월 천군복합문화공간으로 새롭게 시작했다. 천군복합문화공간은 카페, 갤러리, 아트샵, 워크룸, 아카데미, 콘서트 공간 등이 한데 어우러진 문화의 허브로, 경주의 아름다운 경관을 감상하면서 힐링하기 좋은 곳이다. 특히 1층과 2층은 통유리창으로 되어 있어 경주타워와 황룡원 뷰를 감상할 수 있다. 입구에는 독특한 자동문과 신비로운 빛 영상 공간도 있어서 들어서는 순간부터 색다른 경험이 된다. 전시 작품은 주기적으로 바뀌어서 방문할 때마다 새로운 예술을 만나볼 수 있다.",,129.290837008962,35.8343632990913,2988854,39,
250264,경주 남산 칠불암 마애불상군,,,경상북도 경주시 남산동 산36-4,,,,"경주 남산 칠불암 마애불상군은 칠불암 내에 있는 바위 면에 새겨진 7구의 불상들을 지칭한다. 동쪽을 향한 넓은 바위 면에 삼존상이 있고, 삼존상 바로 앞의 네모난 돌기둥에는 면마다 불좌상이 새겨져 있다. 본존과 두 보살로 된 삼존상, 돌기둥의 네 면에 새겨진 사방불을 합쳐 모두 7구의 불상들이 새겨져 있으므로 암자의 이름을 칠불암이라 부른다. 이곳에 원래 있던 사찰 이름은 밝혀지지 않았다.
 이 불상군의 핵심 불상은 삼존불 중앙의 불좌상이다. 이 불상은 오른쪽 어깨를 드러낸 가사를 걸치고 항마촉지인(좌선할 때의 손 모양에서 오른손을 풀어서 오른쪽 무릎에 얹고 손가락으로 땅을 가리키는 손 모양)을 하고 있다. 사방불은 방향에 따라 각기 다른 손 모양을 취하고 있는데, 정면에 해당하는 동쪽면의 불상은 약그릇을 지니고 있어 약사불임을 알 수 있다.
삼존상의 뒤쪽에는 여러 개의 구멍이 뚫려 있다. 또 돌기둥 위에 홈이 파여 있고, 주변에 기와 조각들이 흩어져 있었던 점으로 미루어 이곳이 원래 지붕을 덮은 석굴 사원으로 추정된다. 이 주변에서 「약사경」과 「금강경」을 새긴 석경의 파편들이 발견되어 복과 장수, 건강과 행운을 기원하는 민간의 약사 신앙과 관련된 사찰로 보인다.",https://www.gyeongju.go.kr/tour,129.2353,35.7713,250264,12,
136641,켄싱턴리조트 경주,https://tong.visitkorea.or.kr/cms/resource/00/4002600_image2_1.jpg,,경상북도 경주시 보문로 182-29 (북군동),,,,"경주 대표 휴양지인 보문관광단지에 위치한 리조트로, 온 가족이 함께 숲 속에서 즐기는 프라이빗 가든 BBQ와 자녀와 함께 여유로운 시간과 체험을 누릴 수 있는 팜빌리지를 갖추고 있다. 또한 리조트 내 애슐리퀸즈와 카페 등 다양한 F&B 시설을 운영하여 편리하고 풍성한 식음 경험을 제공하며, 인근 주요 관광 명소와의 뛰어난 접근성으로 도시가 품은 역사와 자연의 아름다움을 함께 느낄 수 있는 경주 여행의 매력을 완성한다.",,129.268422442865,35.8607259947906,136641,32,
1986664,반월성화덕피자,,,경상북도 경주시 알천남로 316 (구황동),,,,"반월성화덕피자는 화덕에서 갓 구워낸 피자를 맛볼 수 있는 곳이다. 이탈리아 방식 그대로 반죽하고 숙성한 도우를 400도 고온의 참나무 장작화덕에서 바로 구워내어 그 맛이 담백하고 쫄깃하다. 피자 외에도 파스타, 리조또, 볶음밥 등 다양한 메뉴가 준비되어 있다. 
넓은 실내 공간과 널찍한 테이블 간격 덕분에 편안하게 식사할 수 있고, 인테리어는 세련되면서도 엔틱한 분위기를 자랑한다.",,129.2322630442,35.8427294007,1986664,39,
1878721,고두반,,,경상북도 경주시 대기실3길 11 (도지동),,,,"부부가 운영하는 랑산도요의 멋스러운 도자기를 이용해 직접 꾸민 실내에서 편안한 식사를 즐길 수 있다. 마당 곳곳에 꽃과 나무, 건물 전체가 텃밭과 정원으로 둘러싸여 있다. 마당 한쪽에 가마솥을 걸어 전통방식으로 만든 다시마 손두부와 소나무 장작을 사용해 도자기를 직접 굽는 장작가마에 구운 소금으로 장을 담그고 요리한다. 도자기 전시실도 있어 식전이나 식후에 랑산도요의 아름다운 도자기를 감상하고 구매할 수 있다.",,129.2771688351,35.7939274226,1878721,39,
133958,장독대,,,경상북도 경주시 정자3길 6-11 (마동),,,,"장독대는 이름처럼 입구에 장독대가 가득해서 토속적이고 정겨운 분위기를 물씬 풍기는 한식당이다. 이곳은 농림축산식품부에서 지정한 안심식당이자 경주시 모범음식점으로도 선정된 곳이다. 
장독대는 청국장과 순두부정식으로 유명한 곳이다. 직접 띄운 청국장이라 냄새가 덜해서 누구나 맛있게 먹을 수 있으며, 구수하고 깊은 맛이 일품이다. 순두부 정식은 얼큰한 국물에 부드러운 순두부가 들어가 있다. 또한 불고기 뚝배기는 고기 양이 많고 달지 않으며, 불고기버섯전골은 푸짐하고 담백하면서 깔끔한 국물 맛이 좋다. 아이들을 위한 수제 돈까스 메뉴도 준비되어 있다.",,129.3128354582,35.7833792876,133958,39,
133964,요석궁1779,http://tong.visitkorea.or.kr/cms/resource/02/3592102_image2_1.jpg,,경상북도 경주시 교촌안길 19-4 (교동),,,,"요석궁 1779는 300년 전통, 경주 최부잣집의 내림 음식으로 구성된 시절식이 제공되는 곳이다. 요석궁은 일제강점기 때 나라를 잃고 울분을 달래던 수많은 독립운동가들의 은신처가 되기도 했다. 최부자 형제들 그 자신이 독립운동의 주체가 되어 독립자금을 대고 해방 후 모든 재산을 사회에 환원함으로써 모든 이들의 존경을 받았다. 그 당시 최부잣집을 찾았던 손님들에 의해 최부잣집의 전통 가정음식이 알려지게 되었으며, 지금도 각국대사와 전직 대통령, 각계 유명인사들이 요석궁을 찾아 전통 최부자 가정식을 맛보고 있다.","<a href=""https://www.instagram.com/yosukgung.kr/"" title=""새창 : 요석궁 인스타그램으로 이동"" target=""_blank"">https://www.instagram.com/yosukgung.kr</a>",129.2168092022,35.8301138657,133964,39,
131760,마우나오션 컨트리클럽,http://tong.visitkorea.or.kr/cms/resource/18/3592018_image2_1.jpg,,경상북도 경주시 양남면 동남로 982,,,,"동해바다와 동대산 500m 대자연 속에 위치하고 있는 골프장이다. 코스 설계의 필드 컨설턴트 김명길 소장, 조항 설계 및 시공을 담당한 Nickels Golf Group의 Douglas Nickels, 조경설계의 서안 조경 정영선 조장, 서울대 유병림교수, 클럽하우스설계의 두우건축 조용식 소장 그리고 코오롱그룹이 시공하였다. 미국 LPGA투어 경기인 ‘코오롱-하나은행 챔피언십’와 2023년 새롭게 출범한 위믹스 챔피언십을 2025년, 마우나오션에서 성공적으로 개최하였다.","<a href=""https://mauna.co.kr/field/main"" target=""_blank"" title=""새창 : 마우나오션 CC 홈페이지로 이동"">https://mauna.co.kr/field</a>",129.3731774678,35.6835527886,131760,28,
142893,코오롱호텔,http://tong.visitkorea.or.kr/cms/resource/87/3567587_image2_1.jpg,,경상북도 경주시 불국로 289-17 (마동),,,,"코오롱호텔은 경주를 대표하는 특급호텔이다. 세계문화유산 불국사와 석굴암을 품은 토함산 자락에 위치해 있어 고즈넉한 자연 속에서 품격 있는 휴식을 제공한다. 성곽 형태의 대궐 같은 외관을 자랑하는 경주 코오롱호텔은 중탄산나트륨 사우나, 야외 정원, 골프장, 산책로 시설을 갖추고 있다. 객실 타입이 다양하게 마련되어 있어 취향에 따라 선택할 수 있다.","<a href=""http://www.kolonhotel.co.kr"" target=""_blank"" title=""새창 : 코오롱호텔 홈페이지로 이동"">http://www.kolonhotel.co.kr</a>",129.3227344783,35.7873568037,142893,32,
128430,옥산 세심마을,http://tong.visitkorea.or.kr/cms/resource/58/3412358_image2_1.jpg,,경상북도 경주시 안강읍 옥산서원길 301-3,,,,"경주 옥산 세심마을은 회재 이언적 선생이 성리학 연구에 전념하던 곳으로, 훌륭한 문화유산과 아름다운 자연경관, 그리고 넉넉한 인심을 자랑하는 마을이다. 유네스코 세계문화유산으로 지정된 옥산서원과 KBS가 선정한 독락당, 정혜사지 13층 석탑 등이 있으며, 국가 지정 보물만 200여 점을 보유하고 가장 한국적인 마을이다. 마을의 주변 경관은 한 폭의 잔잔한 동양화를 연상시킬 만큼 아름답다. 
옥산 세심마을이 가진 테마로는 팜스테이 마을, 전통 테마 마을, 농촌 휴양 마을, 팜스쿨 마을, 식교육 전문 농장, 루랄-20까지 6개의 테마로 이루어져 있다. 체험 프로그램으로는 전통놀이 체험(활쏘기, 제기 만들어 차기, 고리 던지기), 식 체험(칼국수 만들어 먹기, 떡메치기, 전 부쳐 먹기, 두부 만들기), 문화 체험(과거 보기, 김장하기), 생태체험(손수건 풀잎 염색하기), 수확 체험(감자, 고구마)이 있다.",,129.1594089418,36.0155723775,128430,12,
1958111,나산서원,http://tong.visitkorea.or.kr/cms/resource/05/3412405_image2_1.jpg,,경상북도 경주시 양남면 나산1길 27,,,,"경주시 양남면 나산리 큰 마을에 있는 나산서원은 조선 전기의 문신 백촌 김문기를 배향하는 곳으로 일명 나산사라고도 한다. 김문기 선생과 나산리 입향조 김제학 선생의 후손들이 매년 향례를 올리는 이 서원은 경주 최남단에 위치하며 해안 지역에서는 유일하게 설립된 서원이다. 나산리 입구 마을회관에서 서원까지 걷다 보면 안동 장씨 양반마을의 정취를 느낄 수 있다. 나산서원은 대지 800평에 묘우 1동 3칸, 강당 1동 4칸, 동재 1동 3칸, 서재 1동 3칸, 전사청 1동 3칸, 외삼문 1동, 내삼문 2동, 관리사 등을 갖춘 전형적인 조선시대 서원 건축양식을 따르고 있다. 1780년(정조 4)에 세웠으나 1868년(고종 5) 서원철폐령 때 훼철되었다가, 1936년에 중건하였다. 매년 3월 중해일에 향사를 치른다. 김문기는 1399년(정종 1)에 태어났으며 본관은 김녕, 자는 여공이다. 1426년(세종 8) 식년문과에 급제하여 예문관검열, 정언, 공조판서 등을 역임하였다. 1456년(세조 2) 성삼문, 박팽년 등이 주동한 단종 복위에 가담했다가 발각되어 처형되었다. 1778년(정조 2) 의정부 좌찬성에 추증되었으며 1791년 단종의 무덤인 장릉의 충신단에 배향되었다.",,129.4579998512,35.7103402698,1958111,12,
1958053,귀산서원,http://tong.visitkorea.or.kr/cms/resource/26/3412526_image2_1.jpg,,경상북도 경주시 현곡면 구산서원길 71-12,,,,"1786년(정조 10)에 지방 유림의 공의로 서유(徐愈)의 학문과 덕행을 추모하기 위해 귀산서사(龜山書社)를 창건하여 위패를 모셨다. 1839년(헌종 5)에 ‘구산’이라고 사액 되어 사액서원으로 승격되었으며, 1848년에 서일원(徐一元)을 추가로 배향하였다. 선현 배향과 지방 교육의 일익을 담당하여 오던 중, 흥선대원군의 서원철폐령으로 1868년(고종 5)에 훼철되었다. 그 뒤 1983년 지방 유림에 의해 복원되어 현재에 이르고 있다. 매년 2월 상정(上丁)과 8월 상정에 향사를 지내고 있다.",,129.1613012522,35.8900171649,1958053,12,
131702,경주월드 스노우파크,http://tong.visitkorea.or.kr/cms/resource/72/3550072_image2_1.jpg,,경상북도 경주시 보문로 544 (천군동),,,,"경주월드 내에 있는 스노우파크는 겨울 시즌에만 운영되는 눈썰매장이다. 1994년 말에 처음 개장한 뒤 매년 시설을 확장하여 전용 리프트와 썰매 리프트까지 갖추었다. 익스트림 라인 바나헤임은 남부권 최대 길이인 250m의 압도적인 규모를 자랑한다. 성인 썰매장인 어드벤처 라인 요툰헤임은 튜브 썰매와 플라스틱 썰매를 마음껏 즐길 수 있는 곳이며, 어린이 썰매장인 드림 라인 알프헤임은 아이들이 안전하게 눈썰매를 탈 수 있는 곳이다. 또한, 새하얀 눈으로 뒤덮인 눈마을 플리트비체에서 눈싸움도 즐기며 시간을 보낼 수 있다.","<a href=""https://www.gjw.co.kr/DrValley/contents.php?cmsNo=KD0000"" title=""새창 : 경주월드 눈썰매장 홈페이지로 이동"" target=""_blank"">http://www.gjw.co.kr</a>",129.2838448224,35.83619778,131702,28,
590997,경주월드 캘리포니아비치,http://tong.visitkorea.or.kr/cms/resource/07/3544407_image2_1.JPG,,경상북도 경주시 보문로 544 경주월드 서라벌청소년수련관,,,,"경주월드에 있는 이국적인 풍경을 가진 물놀이 시설로 여름 시즌에만 운영한다. 320m의 유수풀과 파도풀, 초대형 튜브슬라이드, 정글짐, 미끄럼틀, 스플래시어드벤쳐, 수심 35cm의 어린이 물놀이장, 바닥분수 등 다양한 물놀이 어트랙션을 보유하고 있다. 또한 물놀이 도중 휴식을 취할 수 있는 천연 온천스파와 지압 마사지를 함께 즐길 수 있는 팜스프링도 있다.","<a href=""https://www.gjw.co.kr/California/contents.php"" target=""_blank"" title=""경주월드 사이트로 이동"">https://www.gjw.co.kr/California/contents.php</a>",129.2821727414,35.836386616,590997,12,
337505,연지암(경주),http://tong.visitkorea.or.kr/cms/resource/69/3412469_image2_1.jpg,,경상북도 경주시 외동읍 활성길 120-5,,,,"경주 괘릉 안쪽 활성리라는 작은 마을 언덕에 있는 연지암은 일제강점기 말 김연지화 보살이 창건했다. 김연지화 보살은 꿈꾼 뒤 길가에 버려진 석불을 찾아내 이 절에 봉안했는데, 한 일본군이 이를 알고 불상의 출처를 대라며 연지화 보살을 고문하자 그 자리에서 피를 토하고 죽었다는 이야기가 전해지고 있다. 이 불상은 현재 경상북도 문화재자료로 지정된 석조 약사여래 입상으로, 얼마나 영험한지 학업 성취, 사업 성공, 건강을 기원하기 위해 찾는 사람이 많다. 연지암은 정면 5칸·측면 3칸의 팔작지붕 목조건물인 대웅전과 2동의 요사채로 이루어졌다. 대웅전 안에는 석조 약사여래 입상이 봉안되어 있다. 연지암 인근의 경주 괘릉은 낮은 구릉의 남쪽 소나무 숲에 있는 것으로 신라 제38대 원성왕(재위 785∼798)의 무덤으로 추정된다. 왕릉이 만들어지기 전에 원래는 작은 연못이 있었는데, 연못의 모습을 변경하지 않고 왕의 시체를 수면 위에 걸어 장례하였다는 속설에 따라 괘릉이라는 이름이 붙여졌다고 한다. 이 괘릉은 유홍준의 ‘우리 문화 답사기’에 등장하는데, 경주에 있는 155개 고분 중 능묘 정원이 가장 아름답고, 그 능묘 조각은 통일신라 리얼리즘 조각의 진수라고 해서 더욱 알려진 곳이다.","<a href=""http://cafe.naver.com/duswldka123"" target=""_blank"" title=""새창 : 연지암(경주) 홈페이지로 이동"">http://cafe.naver.com/duswldka123</a>",129.3277794414,35.753671808,337505,12,
250260,삼릉계곡마애석가여래좌상,,,경상북도 경주시 남산순환로 341-126 (배동),,,,"경주시 배동의 거대한 자연 바위벽에 새긴 앉아 있는 모습의 석가여래불로 높이는 6m이다. 남산의 좌불 중에서 가장 큰 것으로, 통일신라시대 후기에 유행하던 양식의 마애불로 추정된다. 바위 자체가 약간 뒤로 기울어져 있어 조각된 불상이 먼 하늘을 올려다보는 것처럼 보인다.
몸을 약간 뒤로 젖히고 있으며, 반쯤 뜬 눈은 속세의 중생을 굽어살펴 보는 것 같다. 머리에서 어깨까지는 입체감 있게 깊게 새겨서 돋보이게 했으나 몸체는 아주 얕게 새겼다. 이곳에 있는 다른 불상들의 세련되고 단정한 얼굴과는 달리, 이 불상은 약간 투박한 느낌을 준다.","<a href=""https://www.gyeongju.go.kr/tour/page.do?cmd=2&mnu_uid=2522&chaNo=7633""target=""_blank"" title=""새창:  경주문화관광"">http://www.gyeongju.go.kr/tour</a>",129.2219208639,35.7950068134,250260,12,
403847,맷돌순두부,http://tong.visitkorea.or.kr/cms/resource/93/3583993_image2_1.jpg,,경상북도 경주시 북군길 7,,,,"경주시 보문관광단지의 초입이며 북군 관광단지 내에 있는 맷돌순두부집은 경주를 찾는 관광객들로 항상 붐빈다. 넓은 주차장이 있어 주차하기가 쉽고 홀서빙과 주문이 신속하여 손님들이 많아도 분주한 느낌이 덜하다. 양옥들 사이로 한옥의 미닫이문이 있어 식당만의 고유한 느낌이 들게 하지만 테이블엔 무선 벨이 있어 현대적인 시설도 갖춰져 있다. 맷돌순두부의 메뉴는 국내산 콩으로 매일 직접 만든 맷돌순두부, 순두부찌개, 통돼지 바비큐, 녹두전으로 비교적 간단하다. 갖은양념이 담뿍 들어간 간장 양념을 풀어 하얀 순두부에 술술 저어 떠먹는 맷돌순두부와 콩비지 찌개 맛도 구수하지만, 메인 음식에 밀려 꽁치구이, 배추김치, 호박 무침, 청포묵으로 이뤄진 밑반찬은 그다지 손길을 끌지 못한다. 맛과 영양의 보고인 콩을 주원료로 하는 순두부의 명가답게 그날 사용할 두부를 새벽부터 직접 만들어 맛있고 영양이 많은 두부 요리를 탄생시키고 있다. 100% 국내산 콩을 기계 맷돌에 직접 갈아 고소하고 담백하며 건강에도 좋다.",,129.2628878797,35.8518178431,403847,39,
1621397,경주 내물왕릉,,,경상북도 경주시 포석로 1065 (황남동),,,,"경주향교 인근 인왕동 고분군에 있는 내물왕릉은 신라 제17대 내물왕(재위 356~402)의 무덤으로 401년에 조성되었다. 밑지름 22m, 높이 5.3m의 봉토분으로 밑면 주변에는 자연석의 한 모서리가 노출되어 있는데, 이는 무열왕릉처럼 그 안에 별도의 호석이 설치된 것으로 추측된다. <삼국사기>에는 내물왕의 장지에 관한 기록이 없으나, <삼국유사>에 첨성대 남서쪽에 있다고 기록되었으며 현 위치와 일치한다. 1969년 8월 27일 사적으로 지정되었다. 내물왕은 김 씨 왕으로는 두 번째로 왕위에 올랐으며 이후 김씨 성에 의한 독점적 왕위 계승을 이루었다. 마립간이란 왕 명칭을 처음 사용하였고, 중국 전진과의 외교관계를 통해 선진 문물을 수입하였다. 백제와 왜의 연합 세력이 침입하자 고구려 광개토대왕에게 도움을 요청하여 위기를 모면하였으며, 국력이 비약적으로 발전한 시기이다.","<a href=https://www.gyeongju.go.kr/tour/page.do?parmCcbaKdcd=13&sortKwd=&srchKwd=%EB%82%B4%EB%AC%BC%EC%99%95%EB%A6%89&listType=&mnu_uid=2517&chaNo=3296&cmd=2&pageNo=1""target=""_blank"" title=""새창:  경주문화관광"">https://www.gyeongju.go.kr</a>",129.2095707739,35.8362047083,1621397,12,
1959067,운곡서원,,,경상북도 경주시 강동면 사라길 79-13,,,,"경주시 강동면 청수골에 있는 운곡서원은 안동권씨 시조인 고려 공신 태사 권행과 조선시대 참판 권산해, 군수 권덕린을 추모하기 위하여 건립한 조선시대 서원이다. 서원은 훌륭한 유학자의 위패를 모시고 제사를 지내며 지방민의 교육과 교화를 위해 설립된 고려, 조선시대의 사립 지방 교육기관을 말한다.
1868년 서원철폐령으로 훼철되었다가 이후에 휴허지에 단을 설치하고 재사와 전사청을 지어 제향하고, 1976년 신라 밀곡사 터로 추정되는 이곳에 복원하였다. 묘우인 경덕사와 강당인 정의당, 동재와 서재 및 외삼문으로 이루어져 있으며, 매년 음력 3월 초정일에 향사를 지낸다.
운곡서원에서 약 50m 떨어진 동쪽 계곡의 용추대 위에는 정자 유연정이 있다. 안동권씨 종중에서 조상들을 추모하기 위해 지은 정자로, 주위 자연경관과 멋진 조화를 이루고 있으며, 이곳 수령 380여 년 된 은행나무는 경상북도 보호수로 지정되어 있으며 그 수형이 곧고 화려하여 가을이면 이를 보기 위해 많은 관광객이 찾는 경주 단풍 명소이다.",,129.3020791126,35.9410029577,1959067,12,
1621751,경주 효공왕릉,,,경상북도 경주시 배반동 산14,,,,"신라 제52대 효공왕(재위 897∼912)의 무덤으로 높이 5m, 지름 21.2m이며 둥글게 흙을 쌓아 올린 원형 봉토 무덤이다. 무덤 밑부분에는 무덤을 보호하기 위해 쌓았던 돌이 몇 개 남아 있으며, 이는 무열왕릉과 같은 성격인 둘레돌의 일부로 추측된다. 그밖에는 아무런 표식물이 없는 매우 단순한 형태의 무덤이다. 
<삼국사기>에 의하면 912년 왕이 죽자 이름을 효공이라 하고 사자사라는 절 북쪽에 장사 지냈다고 하고, <삼국유사>에는 왕이 죽자, 사자사 북쪽에 화장해 그 유골을 구지제의 동산 옆에 묻었다 하여 기록에 차이가 있으나 현재의 위치가 사자사터로 전하는 지점의 북쪽에 해당하므로 크게 어긋나지 않는다. 현재 이 무덤의 남쪽에 절터가 있어 사자사의 터로 추정하고 있다.","<a href=""https://www.gyeongju.go.kr/tour/page.do?cmd=2&mnu_uid=2517&chaNo=3291""target=""_blank"" title=""새창:  경주문화관광"">http://www.gyeongju.go.kr/tour</a>",129.2505953887,35.8210599705,1621751,12,
1257271,경주예술의전당,,,경상북도 경주시 알천북로 1 (황성동),,,,"경주 황성공원 내에 있는 경주 예술의전당은 천년의 전통과 현대의 다양한 문화예술이 어우러지는 문화예술 창달의 구심점으로 지역 주민들을 위한 공연, 전시 등 다양한 문화예술을 보급하기 위한 목적으로 지하 2층, 지상 5층 규모의 건물로 세워졌다.
주요 시설로는 소리 울림이 좋은 대공연장, 돌출형 무대의 소공연장, 공원과 어우러진 야외공연장과 다양한 전시가 가능한 대전시실, 365일 선덕여왕을 만날 수 있는 소전시실, 지하의 알천 갤러리로 구성되어 있다. 그 밖에 강의실과 세미나실, 회의실과 영상 자료실, 장난감 도서관, 카페 등 여러 편의시설을 갖추고 있으며 전통 클래식은 물론 국악, 뮤지컬, 어린이 공연과 경주 문화 역사를 언제든 볼 수 있는 상설전과 기획전, 현대미술과 외부 대관에 의한 전시 등을 진행한다.","<a href=""https://www.garts.kr/index.do?menuId=00000580"" target=""_blank"" title=""새창 : 경주문화재단 홈페이지로 이동"">https://www.garts.kr</a>",129.2058037111,35.8617128689,1257271,14,
319572,경주 동부 사적지대,http://tong.visitkorea.or.kr/cms/resource/21/3582421_image2_1.jpg,,경상북도 경주시 황남동,,,,"동서는 안압지로부터 교동까지 남북은 반월성 남쪽의 남천에서 고분공원 앞 첨성로에 이르는 광대한 지역이다. 이 지역은 신라 왕도의 중심부였기 때문에 반월성, 안압지, 첨성대, 계림 등 중요한 유적이 많을 뿐만 아니라 내물왕을 위시한 수십 기에 달하는 신라시대의 고분이 밀집되어 있는 곳이다. 이 일대의 면적은 668,121㎡(202,46평)이다.",,129.2179617281,35.8354105128,319572,12,
128682,경주 장항리 서 오층석탑,http://tong.visitkorea.or.kr/cms/resource/71/3028671_image2_1.jpg,,경상북도 경주시 문무대왕면 장항리,,,,"장항리사지는 경주시 문무대왕면 장항리에 위치한 토함산 동쪽에 있는 절터로, 절의 이름을 정확히 알 수 없어 마을의 이름인 장항리를 따서 장항리사지라고 부른다. 금당 터를 중심으로 동탑과 서탑이 있었으나, 도굴범에 의해 붕괴한 것을 1932년에 복원이 가능한 서탑만을 새로이 복원해 놓은 것이다.
높이 9m의 5층석탑으로 신라시대 석탑 양식의 전형적인 특징을 보여주는 큰 규모의 석탑으로 이중 기단을 가졌고, 상륜부에는 노반만 남아 있으며 하층 기단은 비교적 넓게 만들어져 안정감이 있다. 1층 몸돌 4면에 도깨비 형태의 쇠고리가 장식된 2짝의 문을 조각하고, 각 면에 한 쌍의 인왕상을 정교하게 새긴 희귀한 수법을 보여 주고 있다. 조각 수법으로 보아 8세기의 작품으로 평가된다.
전체 비례가 아름답고 조각의 수법도 우수하여 8세기 전반 석탑의 새로운 양식을 보여주는 걸작품으로 평가되고 있으며, 신라 석탑 연구에 귀중한 자료이다.","<a href=""https://www.gyeongju.go.kr/tour/page.do?cmd=2&mnu_uid=2515&chaNo=361""target=""_blank"" title=""새창:  경주문화관광"">https://www.gyeongju.go.kr</a>",129.3730359881,35.7749119379,128682,12,
126211,경주 선덕여왕릉,http://tong.visitkorea.or.kr/cms/resource/39/3028739_image2_1.jpg,,경상북도 경주시 보문동 산 79-2,,,,"경주 낭산의 정상에 있는 신라 제27대 선덕여왕릉(재위 632∼647)은 646년경에 조성되었다. 높이 6.8m, 지름 23.6m의 원형 봉토분이며, 자연석을 이용해 봉분 아래에 2단 보호석을 쌓은 것 외에는 별다른 장식이 없다. 선덕여왕은 아들이 없던 진평왕의 딸로 태어나 성골이라는 특수한 신라 왕족 의식에 의해 신라 최초의 여왕이 되었다. 재위 16년간 첨성대와 분황사, 특히 신라 최대의 황룡사 9층 목탑을 세웠으며, 훗날 태종 무열왕이 되는 김춘추와 명장 김유신과 함께 신라 삼국통일의 기초를 닦았다. 

<삼국사기>에 의하면 선덕여왕이 죽을 날을 예언하며 부처의 나라인 도리천에 묻어 달라고 했다고 한다. 도리천은 불교 설화의 수미산 밑을 이야기하는데 어디를 말하는지 몰라 신하들이 묻자, 낭산 기슭이라 대답하였고, 이 기슭에서 장사를 지냈다. 이후 문무왕이 삼국통일을 한 후 낭산에 사천왕사를 지었다. 사천왕이란 도리천의 호불신으로 선덕여왕의 무덤은 결국 도리천에 있는 셈이 되어 비로소 신하들이 낭산의 정상이 도리천이라 한 여왕의 뜻을 알게 되었다고 전해진다. 경수 선덕여왕릉은 사적으로 지정되어 있으며, 주변에 신문왕릉, 효공왕릉, 신무왕릉, 효소왕릉 등이 있다.","<a href=""https://www.gyeongju.go.kr/tour/page.do?cmd=2&mnu_uid=2517&chaNo=3290""새창:  경주문화관광"">http://www.gyeongju.go.kr/tour</a>",129.242718225,35.8237206325,126211,12,
250274,경주 금척리 고분군,http://tong.visitkorea.or.kr/cms/resource/08/3575908_image2_1.jpg,,경상북도 경주시 건천읍 금척리 192-1,,,,"경주 근교 금척리 평지에 있는 신라의 무덤들로, 크고 작은 30 여기의 무덤이 모여 있다. 이곳은 신라의 시조 박혁거세가 하늘에서 받은 금으로 만든 자(금자)를 숨기기 위해서 40여 개의 가짜무덤을 만들었다는 전설이 내려오는 곳으로 지금도 이 무덤들 속에 묻혀 있을 것이라 전한다.
본격적인 조사는 이루어지지 않았지만 1952년에 파괴된 무덤 2기를 조사하였다. 무덤 내부는 직사각형의 구덩이를 파고 덧널(곽)을 설치한 신라 특유의 돌무지덧널무덤(적석목곽분)이다. 유물은 금귀고리와 굽은 옥 등이 수습되었다. 이곳의 무덤들은 모두 경주시내의 평지 무덤들보다 규모가 작아 신라의 낮은 귀족들의 무덤으로 짐작된다. 

(출처 : 국가유산청)","<a href=""https://www.gyeongju.go.kr/tour/page.do?cmd=2&mnu_uid=2517&chaNo=3255""target=""_blank"" title=""새창:  경주문화관광 홈페이지로 이동"">http://www.gyeongju.go.kr/tour</a>",129.120828613,35.8341421584,250274,12,
250267,경주 동방동 와요지,http://tong.visitkorea.or.kr/cms/resource/06/3575906_image2_1.jpg,,경상북도 경주시 동방동 343-4,,,,"경주 동방동 와요지는 1977년 택지 조성공사 도중에 우연히 발견된 가마터로 국립경주박물관에서는 발굴조사하여 9기의 도자기와 기와를 굽던 가마터를 발굴하였다. 그중 1기를 조사한 결과 가마의 전체 길이는 10.5m, 넓이 1.72m인 구릉 경사면을 이용하여 만든 굴가마(등요)로 밝혀졌다.
도자기를 굽던 곳의 천장 부분 벽 일부가 남아있으며, 도자기를 빚던 곳과 굽던 방 사이에는 높은 벽이 있다. 출토된 기왓조각은 고려시대에 성행한 새 깃털 모양 무늬와 연꽃무늬의 장식 기와, 그리고 조선시대에 제작된 기와류가 대부분을 차지하고 있었다. 가마바닥에서 출토된 건륭이 새겨진 암막새는 가마터가 없어질 당시의 것으로 생각되며, 가마터의 제작시기를 고려시대부터 조선시대 후기까지로 추정하게 한다.
가마를 운영하기 위해서는 토기와 기와를 만들 수 있는 양질의 흙과 물, 그리고 구워내기 위한 연료가 필요한데 이곳 동방동 일대는 조건을 모두 갖추고 있으며 서쪽으로는 교통로가 있어 운반도 용이하였기에 오랜 시간 도자기 생산을 담당한 것으로 추정한다.","<a href=""https://www.gyeongju.go.kr/tour/page.do?cmd=2&mnu_uid=2517&chaNo=3309""target=""_blank"" title=""새창:  경주문화관광 홈페이지로 이동"">http://www.gyeongju.go.kr/tour</a>",129.2588283203,35.8098419476,250267,12,
250281,경주 인왕동 사지,http://tong.visitkorea.or.kr/cms/resource/19/3575819_image2_1.jpg,,경상북도 경주시 인왕동 342,,,,"경주 인왕동 사지는 인용사의 터로 추정된다. 『삼국유사』에 등장하는 인용사는 태종 무열왕의 둘째 아들인 김인문(629~694)의 안녕을 비는 절이다. 기록에 따르면 고구려 멸망 이후 당나라는 신라까지 정벌하려 하면서 당에 머물고 있던 김인문을 감옥에 가두었다. 신라 사람들은 그의 귀국을 기원하며 관음도량을 열었으나, 효소왕 3년(694)에 김인문이 귀국하던 중에 죽자 그의 극락왕생을 빌며 미타도량으로 바꾸었다. 인용사는 신라에서 승려나 왕이 아닌 개인을 위해 세운 최초의 사찰로서 당시 신앙의 형태를 보여준다.
2002년~2011년까지 국립경주문화재연구소가 4차례에 걸쳐 발굴 조사하였다. 신라의 전형적인 쌍탑식 가람배치로, 유례가 드문 亞자형 건물 터를 비롯하여 탑지, 금당지, 강당지, 회랑지, 연지와 우물 등이 확인되었다.","<a href=""https://www.gyeongju.go.kr/tour/page.do?cmd=2&mnu_uid=2517&chaNo=16702"" target=""_blank"" title=""새창 : 경주문화관광 홈페이지로 이동"">https://www.gyeongju.go.kr/tour</a>",129.222328199,35.8288418918,250281,12,
128681,경주 신문왕릉,http://tong.visitkorea.or.kr/cms/resource/22/3575922_image2_1.jpg,,경상북도 경주시 배반동 453-1,,,,"신라 31대 신문왕(재위 681~692)의 무덤이다. 신문왕은 문무왕의 아들로 부왕의 뜻을 이어받아 옛 백제와 고구려 백성을 융합하는데 힘썼다. 국립교육기관인 국학을 설립하고, 귀족들의 기반이 되면 녹읍을 폐지하고 관료전을 지급하였다. 지방을 통치하기 위해 전국을 아홉 개의 주로 나누고 중요한 거점 다섯 곳에 소경을 설치하였다. 신문왕이 죽은 후에는 낭산 동쪽에서 장사를 지냈다고 한다.
이 능은 낭산 남쪽 끝자락에 있다. 무덤은 높이 7.6m, 지름 29.3m의 둥글게 흙을 쌓은 원형 봉토무덤이다. 무덤 가장자리의 둘레돌은 벽돌 모양으로 다듬어 5단으로 쌓고, 그 위에 덮개돌을 얹었다. 바깥쪽 사다리꼴 모양의 석재를 받쳐 놓았다. 정남쪽에 배치한 받침석의 윗부분에 ‘문(門)’자가 새겨져 있는데, 이곳이 무덤방으로 들어가는 널길 입구라는 것을 표시한 듯하다.","<a href=""https://www.gyeongju.go.kr/tour/page.do?cmd=2&mnu_uid=2517&chaNo=3289"" target=""_blank"" title=""새창 : 경주문화관광 홈페이지로 이동"">https://www.gyeongju.go.kr/tour</a>",129.2461291997,35.8180435597,128681,12,
319571,경주 경애왕릉,http://tong.visitkorea.or.kr/cms/resource/28/3575928_image2_1.jpg,,경상북도 경주시 배동 산 73-1,,,,"신라 55대 왕인 경애왕(재위 924~927)의 무덤이다. 경애왕은 신덕왕의 둘째 아들이자 경명왕의 동생으로, 경명왕의 뒤를 이어 왕위에 올랐다. 왕건이 후백제를 정벌할 때 군사를 보내어 고려를 도왔다. 927년에 포석정에서 제사를 지낸 후 연회를 베풀던 중 그곳을 기습한 후백제의 견훤에게 사로잡혀 스스로 목숨을 끊었다. 
무덤은 삼릉계곡 입구의 소나무 숲 안에 있다. 무덤의 가장자리를 따가라며 둘레돌로 보이는 석재가 일부 드러나 있다. 발굴조사는 하지 않았으나 내부 구조는 굴식돌방무덤일 것으로 추정된다.","<a href=""https://www.gyeongju.go.kr/tour/page.do?cmd=2&mnu_uid=2517&chaNo=3303"" target=""_blank"" title=""새창 : 경주문화관광 홈페이지로 이동"">https://www.gyeongju.go.kr/tour</a>",129.2083275749,35.7962425289,319571,12,
250262,경주 남산 탑곡 마애불상군,http://tong.visitkorea.or.kr/cms/resource/20/3575920_image2_1.jpg,,경상북도 경주시 탑골길 36 (배반동),,,,"경주 남산 이 일대는 통일신라시대에 신인사라는 절이 있었던 곳이다. 남쪽의 큰 바위에는 목조건물의 흔적이 남아 있으며, 석탑 조각들이 흩어져 있는 것으로 보아 남쪽면의 불상을 주존으로 하여 남향 사찰을 경영했었음을 알 수 있다. 9m나 되는 사각형의 커다란 바위에 여러 불상을 회화적으로 묘사하였다. 남쪽 바위면에는 삼존과 독립된 보살상이 배치되어 있고, 동쪽 바위면에도 불상과 보살, 승려, 그리고 비천상을 표현해 놓았다.
불상, 보살상 등은 모두 연꽃무늬를 조각한 대좌와 몸 전체에서 나오는 빛을 형상화 한 광배를 갖추었으며 자세와 표정이 각기 다르다. 비천상은 하늘을 날고 승려는 불상과 보살에게 공양하는 자세이지만, 모두 마멸이 심해 자세한 조각 수법은 알 수 없다. 서쪽 바위면에는 석가가 그 아래에 앉아서 도를 깨쳤다는 나무인 보리수 두 그루와 여래상이 있다. 하나의 바위면에 불상·비천·보살·승려·탑 등 다양한 모습들을 정성을 다하여 조각한 것은 장인의 머릿속에 불교의 세계를 그리려는 뜻이 역력했음을 알 수 있게 해 준다. 조각 양식은 많이 도식화되었으나 화려한 조각을 회화적으로 배치하여 보여주는 것은 우리나라에서 특이한 것이다.","<a href=""https://www.gyeongju.go.kr/tour/page.do?cmd=2&mnu_uid=2516&chaNo=2169"" target=""_blank"" title=""새창 : 경주문화관광 홈페이지로 이동"">https://www.gyeongju.go.kr/tour</a>",129.2336303576,35.8158130201,250262,12,
2663054,경주 춘추관,,,경상북도 경주시 대경로 4821-5 (서악동),,,,경주 무열왕릉 옆에 위치한 한옥펜션이다. 대지 1천 평에 15실을 갖춘 한국 소나무와 최첨단 소재로 지은 힐링 한옥펜션이며 집사부일체 연애의 맛 촬영지이다. 대형 주차장 완비되어 있으며 첨성대 황리단길 5분 거리에 위치한다.,"<a href=""http://www.chunchugwan.com""target=""_blank"">www.chunchugwan.com</a>",129.1858343474,35.8227779989,2663054,32,
1621809,경주 신무왕릉,http://tong.visitkorea.or.kr/cms/resource/97/3575897_image2_1.jpg,,경상북도 경주시 동방동 660,,,,"신라 제45대 신무왕(재위 839)의 무덤이다. 본명은 김우징이고, 희강왕의 사촌동생이다. 흥덕왕 사후에 왕위 쟁탈전에서 아버지를 도왔으나 패하여 청해진으로 도망하였다가 장보고의 군사를 빌려 민애왕을 내쫓고 왕위에 올랐다. 그러나 왕위에 오른 지 3개월 만에 병으로 세상을 떠났다. 제형상 서북쪽에서 장사를 지냈다고 한다. 
이 능은 왕경의 동남쪽인 동방동에 있는데, 능이 있는 구릉 동남쪽 산의 이름이 형제산이다. 높이 3.4m, 지름 15m의 둥글게 흙을 쌓은 원형 봉토무덤으로 주변에는 아무런 시설이 없다.","<a href=""https://www.gyeongju.go.kr/tour/page.do?cmd=2&mnu_uid=2517&chaNo=3293""target=""_blank"" title=""새창:  경주문화관광 홈페이지로 이동"">http://www.gyeongju.go.kr/tour</a>",129.2597281651,35.8125416604,1621809,12,
128634,경주 배동 삼릉,http://tong.visitkorea.or.kr/cms/resource/96/3575896_image2_1.jpg,,경상북도 경주시 배동 73-1,,,,"경주 배동 삼릉은 경주 남산의 서쪽 기슭에 동서로 3개의 왕릉이 나란히 있어 붙여졌다. 밑으로부터 신라 8대 아달라왕, 53대 신덕왕, 54대 경명왕 등 박씨 3왕의 무덤이라 전하고 있다. 무덤은 모두 원형으로 흙을 쌓아 올린 형태를 하고 있다.
신덕왕릉이라 전해오는 가운데의 무덤은 1953년과 1963년에 도굴당하여, 내부를 조사한 결과 굴식돌방무덤(횡혈식석실묘) 임을 확인하였다. 무덤에는 돌방 벽면에 병풍을 돌려세워 놓은 것처럼 동·서 양벽의 일부에 색이 칠해져 있는데, 이것은 본격적인 벽화는 아니지만 벽화가 그려지지 않은 경주의 신라 무덤에서는 처음 발견되는 것으로 주목되는 자료이다. 색은 붉은색, 황색, 백색, 군청색, 감청색으로 되어있고, 12폭으로 되어있다.
경주 배동 삼릉의 주인공이 신라의 박씨 3왕이라 전하고 있지만 확실한 기록은 없고 신라 초기의 아달라왕과 신덕왕, 경명왕 사이에는 무려 700여 년의 차이가 있어 이들의 무덤이 한 곳에 모여있다는 사실은 받아들이기 어렵다. 또한 신라 초기에는 이와 같은 대형무덤 자체가 존재하지 않았었다.

(출처 : 국가유산청)","<a href=""https://www.gyeongju.go.kr/tour/page.do?cmd=2&mnu_uid=2517&chaNo=3300""target=""_blank"" title=""새창:  경주문화관광 홈페이지로 이동"">http://www.gyeongju.go.kr/tour</a>",129.2089274882,35.7974424048,128634,12,
1621842,경주 효소왕릉,http://tong.visitkorea.or.kr/cms/resource/00/3575800_image2_1.jpg,,경상북도 경주시 조양동 산 8,,,,"이 능은 신라 제32대 효소왕(재위 692~702) 무덤이다. 신문왕(재위 681~692)의 맏아들로서 6세의 어린 나이에 즉위하였으며, 어머니인 신목태후가 8년간 섭정하였다. 효소왕의 재위 기간에 관제를 정비하고 의료 교육기관인 의학을 설립하였다. 고구려의 옛 땅을 되찾기 위해 성을 많이 쌓았고, 왕도에 물품의 유통을 쉽게 하기 위해 시장을 열었다. 효소왕이 죽은 후 망덕사 동쪽에서 장사를 지냈다고 한다.
이 능은 시가지 동남쪽 형제봉의 남서쪽 산자락에 있다. 동쪽으로 100m쯤 떨어진 곳에 동생인 성덕왕의 능이 있다. 능의 높이는 4.3m, 지름은 10.3m로, 둥글게 흙을 쌓은 원형 봉토무덤이다. 밑둘레에는 자연석을 이용해 둘레석을 돌렸으나 현재 몇 개만이 남아있다. 무덤에는 아무런 장식이 없고, 혼령이 머무는 자리라는 혼유석만이 있다. 내부 구조가 돌방무덤인 것을 확인하였다.","<a href=""https://www.gyeongju.go.kr/tour/page.do?cmd=2&mnu_uid=2517&chaNo=3292"" target=""_blank"" title=""새창 : 경주문화관광 홈페이지로 이동"">https://www.gyeongju.go.kr/tour</a>",129.2797299202,35.786942148,1621842,12,
1621799,경주 헌덕왕릉,http://tong.visitkorea.or.kr/cms/resource/10/3575810_image2_1.jpg,,경상북도 경주시 동천동 80,,,,"경주 북천가에 있는 신라 제41대 헌덕왕(재위 809~826)의 무덤이다. 헌덕왕의 본명은 김언승이며, 조카인 애장왕을 죽이고 왕이 되었다. 재위기간 동안에 농사를 권장하고 당나라와 친밀한 관계를 유지했으나, 김헌창의 난과 김범문의 난이 일어나는 등 국내정세가 혼란스러웠다. 『삼국사기』에 의하면 826년에 왕이 죽자 천림사의 북쪽에 장사 지냈다고 한다. 천림사의 위치는 정확히 알 수 없으나 이 왕릉의 남쪽에 절터가 있어 이곳을 천림사 터로 본다.
이 능은 원형 봉토분으로 지름 26m, 높이 6m이다. 봉분 밑의 둘레를 따라 둘레돌을 배치하여 무덤을 보호하도록 하였다. 둘레돌은 먼저 바닥에 기둥 역할을 하는 돌을 한단 깔고, 그 위에 넓적한 돌(면석)을 세웠다. 면석사이에는 기둥역할을 하는 탱석을 끼워 고정시켰다. 탱석에는 무덤을 수호하는 상징적 의미로 방향에 따라 12지신상을 조각하였는데, 이 무덤에는 현재는 12지신상 중 돼지(해)·쥐(자)·소(축)·호랑이(인)·토끼(묘) 등 5개상만이 남아있다. 둘레돌 밖으로는 돌기둥을 세워 난간을 설치하고, 둘레돌과 난간 사이 바닥에는 돌을 깔았다.
지금의 모습은 1970년대에 정비된 것으로, 둘레돌의 일부와 돌난간석을 새로 만들었다.

(출처 : 국가유산청)","<a href=""https://www.gyeongju.go.kr/tour/page.do?cmd=2&mnu_uid=2517&chaNo=3247""target=""_blank"" title=""새창:  경주문화관광 홈페이지로 이동"">http://www.gyeongju.go.kr/tour</a>",129.2443286185,35.8439433803,1621799,12,
319726,경주 정강왕릉,http://tong.visitkorea.or.kr/cms/resource/74/3575874_image2_1.jpg,,경상북도 경주시 남산동 산 53,,,,"이 능은 신라 제50대 정강왕(재위 886~887)의 무덤이다. 정강왕은 경문왕의 둘째 아들이며, 헌강왕의 동생이다. 황룡사에 백고좌를 설치하여 왕이 친히 강연을 들었다. 정강왕은 병이 깊어지자 누이동생인 만(진성여왕)이 왕위를 잇게 하라는 말을 남기고 세상을 떠났다. 재위 기간은 만 1년에 불과하다. 헌강왕과 마찬가지로 보리사 동남쪽에서 장사를 지냈다고 한다.
정강왕릉은 경주 남산의 북동쪽 능선 끝자락에 있는데, 북쪽에는 헌강왕릉이 있다. 무덤의 외형은 흙으로 덮은 둥근 형태로, 무덤을 보호하기 위해 밑둘레에 3단으로 돌을 쌓았다. 그중 제일 밑단만이 밖으로 약간 나왔으며, 무덤 앞에는 돌단이 있는데, 그 위에 돌로 만든 작은 제사상이 있다. 무덤의 구조는 헌강왕릉과 같다. 그러나 1993년 헌강왕릉의 내부조사 결과, 그 구조와 나온 유물들이 8세기 이전의 형식이어서 이 왕들이 왕위에 있던 9세기와는 큰 차이가 있다.","<a href=""https://www.gyeongju.go.kr/tour/page.do?cmd=2&mnu_uid=2517&chaNo=3294"" target=""_blank"" title=""새창 : 경주문화관광 홈페이지로 이동"">https://www.gyeongju.go.kr/tour</a>",129.2403274558,35.7995427596,319726,12,
129522,경주 남산동 동·서 삼층석탑,http://tong.visitkorea.or.kr/cms/resource/47/3575847_image2_1.jpg,,경상북도 경주시 남산동 227-3,,,,"불국사의 석가탑과 다보탑처럼 형식을 달리하는 쌍탑이 동·서로 건립된 특이한 예의 두 탑이다. 
동탑은 돌을 벽돌 모양으로 다듬어서 쌓아 올린 모전석탑의 양식을 취하고 있고, 서탑은 전형적인 3층석탑의 양식이다. 동탑은 탑의 토대가 되는 바닥돌이 넓게 2중으로 깔려있고, 그 위에 잘 다듬은 돌 여덟 개를 한 단처럼 짜 맞추어 기단부(基壇部)를 이루고 있다. 탑신부(塔身部)의 몸돌과 지붕돌은 각각 돌 하나로 만들었다. 지붕돌은 밑면의 받침과 낙수면이 모전석탑처럼 똑같이 각각 5단으로 층을 이루고 있다.
서탑은 위층 기단 위에 3층의 탑신을 세운 모습으로, 2단의 기단은 한 면을 둘로 나누어 팔부신중(八部神衆)을 새겼다. 팔부신중은 신라 중대 이후에 등장하는 것으로 단순한 장식이 아니라 탑을 부처님의 세계인 수미산으로 나타내려는 신앙의 한 표현이다. 탑신은 몸돌과 지붕돌이 각각 돌 하나로 되어 있고 각 층에 모서리기둥을 조각하였다. 지붕돌 밑면의 받침은 5단이다.
통일신라시대에 만들어진 쌍탑은 대체로 동일한 양식으로 만들어지는데 비해, 이 동·서 두 탑은 각각 양식이 다르게 표현되어 있어 흔치 않은 모습이며, 전체적인 조화를 이루면서 마주 서있다.

(출처 : 국가유산청)","<a href=""https://www.gyeongju.go.kr/tour/page.do?cmd=2&mnu_uid=2516&chaNo=2136"" target=""_blank"" title=""새창 : 경주문화관광 홈페이지로 이동"">https://www.gyeongju.go.kr/tour</a>",129.2440300947,35.7930435634,129522,12,
1621727,경주 서악동 고분군,http://tong.visitkorea.or.kr/cms/resource/88/3575888_image2_1.jpg,,경상북도 경주시 서악동 750,,,,"경주 서악동 무열왕릉 바로 뒤편의 구릉에 분포하는 4개의 대형 무덤을 가리킨다. 고분의 모양은 모두 원형이며 주위에 별다른 구조물이 없다. 봉분 가장자리에 둘렀던 둘레돌이 일부 노출되어 있는데, 모두 깬돌을 사용했다. 대부분 냇돌을 쓴 대릉원 일원의 고분들과 차이를 보인다. 내부 구조는 굴식돌방무덤으로 추정된다. 이 고분들보다 작은 고분들이 주변에 많이 분포하고 있는데, 모두 굴식돌방무덤이다. 이들 무덤이 분포한 지형은 선도산에서 서남으로 뻗은 능선상에 있고, 뒷산과 동서의 계곡 건너에 있는 능선 등을 종합해 볼 때, 풍수지리사상의 영향하에 만들어졌음을 알 수 있다.
무덤의 주인에 대해 첫 번째 무덤은 법흥왕릉, 두 번째 무덤은 진흥왕릉, 세 번째 무덤은 진지왕릉, 네 번째 무덤은 문흥대왕릉 등으로 추정하기도 한다.

(출처 : 국가유산청)","<a href=""https://www.gyeongju.go.kr/tour/page.do?cmd=2&mnu_uid=2517&chaNo=3271"" target=""_blank"" title=""새창 : 경주문화관광 홈페이지로 이동"">https://www.gyeongju.go.kr/tour</a>",129.1849287898,35.8256415473,1621727,12,
250269,경주 능지탑지,http://tong.visitkorea.or.kr/cms/resource/12/3575812_image2_1.jpg,,경상북도 경주시 배반동 621-1,,,,"이곳은 예로부터 능시탑 또는 연화탑으로 불렸던 능지탑이 있던 자리이다. 무너진 채 버려져 있던 탑을 신라삼산조사단이 1969년부터 수차례 조사하여 1979년에 지금의 모습으로 정비하였다. 
능지탑은 원래 기단의 네 면에 십이지신상을 세워 넣고 연꽃 모양의 무늬를 새긴 돌을 쌓아 탑신을 만든 5층탑으로 추정된다. 또한 발굴 중에 소조불상의 파편과 많은 양의 기와 조각들이 출토된 점으로 보아 탑의 네 면에 감실을 만들어 불상을 모셨던 것으로 보인다.
탑의 기단부는 돌을 다듬어 쌓고 윗면은 흙을 덮어 잔디를 심었다. 기단부 둘레에는 십이지신상 중 9구를 방위에 맞게 안기둥처럼 세웠다. 이중 8구는 낭산 동쪽 황복사 터 앞에 있던 미완성된 왕릉 터에서 옮겨온 것이다. 기단부 위쪽의 탑신부는 기단부와 같은 형태로 돌을 다듬어 쌓았는데, 위쪽에 굄돌을 한 단 더 올린 점이 기단부와는 다르다. 탑의 꼭대기는 사모지붕 모양으로 흙을 쌓아 마감하였다.
현재 탑 주변에는 정비하면서 사용하고 남은 연꽃 모양을 새긴 돌 36개가 쌓여 있고, 그 옆에 성격이 밝혀지지 않은 토단의 흔적이 남아 있다.
『삼국사기』에 의하면 신라 문무왕(재위 661~681)은 자신이 죽으면 10일 내에 왕궁 바깥뜰에서 검소하게 화장하라고 유언하였다. 그런데 실제로 탑에서 가까운 사천왕사지에서 문무왕릉비 조각이 발견되어 경주 능지탑지에서 문무왕을 화장한 것으로 추정하기도 한다. 그리고 이러한 이유로 능지탑이 능시탑으로 불렸던 것으로 보인다.","<a href=""https://www.gyeongju.go.kr/tour/page.do?cmd=2&mnu_uid=2524&chaNo=10672""target=""_blank"" title=""새창:  경주문화관광 홈페이지로 이동"">http://www.gyeongju.go.kr/tour</a>",129.2398295174,35.8262425155,250269,12,
1621820,경주 성덕왕릉,http://tong.visitkorea.or.kr/cms/resource/70/3575870_image2_1.jpg,,경상북도 경주시 조양동 산 8,,,,"경주에서 불국사 방향으로 가는 길의 동남쪽 구릉 소나무숲 속에 자리하고 있는 신라 제33대 성덕왕(재위 701~737)의 무덤이다. 성덕왕은 신문왕의 아들로 본명은 융기이다. 당과 적극적인 교류를 하였으며 정치적으로 가장 안정된 신라의 전성기를 이끌어 나갔다. 『삼국사기』에 의하면 737년에 왕이 죽자 이거사(移車寺) 남쪽에 장사 지냈다고 하는데, 현재 왕릉 북쪽에 이거사로 추정되는 절터가 있다.
왕릉의 밑둘레는 46m, 높이는 5m이다. 무덤 아랫부분에는 둘레돌을 배치하여 무덤을 보호하도록 하였는데, 높이 90㎝ 정도의 돌(면석)을 두르고 그 위에 덮개돌인 갑석을 올렸다. 면석 사이에는 기둥 역할을 하는 탱석을 끼워 고정시켰으며, 그 바깥쪽에 삼각형의 돌을 세워 받치고 있다. 삼각형의 받침돌 사이에 12지신상이 배치되어 있는데 네모난 돌 위에 갑옷을 입고 무기를 들고 서 있는 모습의 조각이 심하게 파손되어 있다. 무덤 앞쪽에는 석상이 놓여있고 무덤 주위의 4모서리에는 돌사자를 배치하였다. 석상 앞쪽 양 옆으로 문인석·무인석 각 1쌍을 세웠던 것으로 보이나, 지금은 무인석 1개와 상반신만 남은 석인(石人) 1개가 남아 있다.
성덕왕릉에서 보이고 있는 석물의 사실적인 조각기법은 통일신라 초기 양식에 속하며, 왕릉은 통일신라시대의 왕릉으로서 완비된 모습을 갖추고 있다.

(출처 : 국가유산청)","<a href=""https://www.gyeongju.go.kr/tour/page.do?cmd=2&mnu_uid=2517&chaNo=3246""target=""_blank"" title=""새창:  경주문화관광 홈페이지로 이동"">http://www.gyeongju.go.kr/tour</a>",129.2812297778,35.7873421312,1621820,12,
2838772,경주밀면 본점,http://tong.visitkorea.or.kr/cms/resource/63/2838763_image2_1.jpg,,경상북도 경주시 시래둑길 7 한림원,,,,"밀면은 6.25 전쟁 당시 부산으로 피난온 이북 피난민들에 의해 만들어진 음식이다. 경주밀면 본점은 그 밀면 기술을 전수받아 전통적인 방법으로 밀면 본연의 맛을 그대로 구현하였다. 한우뼈와 한약재, 갖은 야채를 넣어 24시간 직접 고아낸 육수에 주문 즉시 직접 반죽하여 면을 뽑아낸다.
이곳은 밀면을 주문하면 참숯에 구운 석쇠불고기가 같이 나오는 게 특징이다. 양념장을 올린 비빔밀면과 손만두, 석쇠불고기한판 메뉴도 있다.","<a href=""https://www.instagram.com/c.rayun""target=""_blank"" title=""새창 : 경주밀면 본점 인스타그램으로 이동"">https://www.instagram.com/c.rayun</a>",129.3031004864,35.7732802417,2838772,39,
126165,백률사(경주),http://tong.visitkorea.or.kr/cms/resource/85/3575785_image2_1.jpg,,경상북도 경주시 산업로 4214-110 (동천동),,,,"경주시 북쪽 소금강산 중턱에 자리한 백률사는 신라 법흥왕 14년(527) 불교 공인을 위해 순교한 이차돈을 기리기 위한 절이자, 신라의 불교 성지이다.
<삼국유사>와 헌덕왕 때 작성된 <향전>에 따르면 이차돈은 법흥왕의 명을 받들어 불교를 공인하고 사찰을 짓기 위해 순교했는데, 참수형을 받고 이차돈의 목을 베니 흰색 피가 솟아 나오고 꽃비가 내리는 등 기이한 일이 일어났다. 불교 공인을 반대하던 신하들도 이것을 보고 마음을 돌렸다고 하며 이차돈의 아내가 그의 명복을 빌기 위해 이차돈의 목이 베려 날아가 떨어진 자리에 자추사를 지었다고 전한다. 백률사는 이 기록에 나오는 자추사일 것으로 추정된다.
백률사 건물은 임진왜란 때 불타 후에 다시 지었으며, 기단부는 일부 신라시대 양식을 지니고 있다. 과거 대웅전에 모셨던 금동약사여래입상은 불국사의 금동아미타여래좌상, 금동비로자나불좌상과 비슷한 시기에 만들어졌으며, 이 세 불상은 통일신라시대의 3대 금동불로 알려져 있다. 금동약사여래입상과 이차돈의 석당은 국립경주박물관이 소장하고 있다.","<a href=""https://www.gyeongju.go.kr/tour/page.do?cmd=2&mnu_uid=2292&area_uid=286"" target=""_blank"" title=""새창: 백률사 홈페이지로 이동"">https://www.gyeongju.go.kr/tour/index.do</a>",129.2312071143,35.859102532,126165,12,
2017064,"141미니호텔",http://tong.visitkorea.or.kr/cms/resource/32/3579632_image2_1.jpg,,경상북도 경주시 원효로 141 (황오동),,,,"141미니호텔은 여행자와 비즈니스 출장자를 위한 소형 숙박시설이다. 모텔 수준의 숙박비로 호텔의 품격과 편의성을 누릴 수 있도록 비즈니스센터, PC존, 짐보관소, 여행도서관 등 다양한 부대시설을 갖추고 있다. 경주시외버스터미널과 6분 거리에 위치해 있어 교통이 편리하다. 인근에 대릉원, 동궁과 월지, 첨성대, 불국사 등 주요 관광지가 있으며, 금리단길과도 가깝다.","<a href=""http://www.141minihotel.com/"" target=""_blank"" title=""새창 : 141미니호텔 홈페이지로 이동"">http://www.141minihotel.com</a>",129.2164644431,35.842223604,2017064,32,
133956,부산식당,http://tong.visitkorea.or.kr/cms/resource/07/3579407_image2_1.jpg,,경상북도 경주시 불국신택지7길 32-7 (진현동),,,,"불국사 바로 앞에 자리한 부산식당 경주불국사본점은 오랜 역사와 전통을 자랑하는 식당이다. 불국사를 찾는 사람들에게 든든하고 맛있는 한 끼를 제공하는 곳으로 알려져 있다. 이곳의 대표메뉴는 차돌박이된장찌개정식이다. 뚝배기에 끓여 나오는 된장찌개는 구수한 된장베이스에 차돌박이가 듬뿍 들어가 깊고 진한 맛을 자랑한다. 고소한 차돌박이 기름이 된장과 어우러져 한층 더 풍부한 감칠맛을 내며, 두부, 호박, 양파 등 다양한 채소가 푸짐하게 들어가 있어 든든한 한 끼 식사로 손색이 없다. 남녀노소 누구나 좋아하는 떡갈비는 육즙 가득한 부드러운 식감이 일품이다. 양념이 고루 배어 달콤하면서도 짭짤한 맛이다. 아이들과 함께 방문하는 가족 단위 손님들에게 인기가 많으며, 된장찌개와 함께 곁들여 먹으면 더욱 풍성한 식사를 즐길 수 있다. 이 외에도 돌솥비빔밥, 산채비빔밥, 불고기전골 등 다양한 한식 메뉴들이 준비되어 있어 선택의 폭이 넓다. 밑반찬 또한 정갈하고 깔끔하게 제공된다.",,129.3269146823,35.7868513844,133956,39,
250263,경주 남산 미륵곡 석조여래좌상,http://tong.visitkorea.or.kr/cms/resource/23/3570523_image2_1.jpg,,경상북도 경주시 배반동 산 66-2,,,,"신라시대의 보리사터로 추정되는 곳에 남아 있는 전체 높이 4.36m, 불상 높이 2.44m의 석불좌상으로 현재 경주 남산에 있는 신라시대의 석불 가운데 가장 완벽하게 보존되어 있다.
작은 소라 모양의 머리칼을 한 머리에는 상투 모양의 머리(육계)가 높게 솟아 있으며, 둥근 얼굴에서는 은은하게 내면적인 웃음이 번지고 있다. 양 어깨를 감싸고 있는 옷은 힘없이 축 늘어진 느낌이며, 군데군데 평행한 옷주름을 새겨 넣었다. 손모양은 오른손을 무릎 위에 올려 손끝이 아래로 향하고 왼손은 배부분에 대고 있는 항마촉지인(降魔觸地印)인데 다소 연약해 보인다. 불상과는 별도로 마련해 놓은 광배(光背)는 매우 장식적인데, 광배 안에는 작은 부처와 보상화·덩쿨무늬가 화려하게 새겨져 있다.
특히 광배 뒷면에는 모든 질병을 구제한다는 약사여래불을 가느다란 선으로 새겨 놓았는데, 이러한 형식은 밀양 무봉사나 경북대 광배 등에서만 볼 수 있는 특이한 예이다.

(출처 : 국가유산청)","<a href=""https://www.gyeongju.go.kr/tour/page.do?parmCcbaKdcd=12&sortKwd=&srchKwd=&listType=&mnu_uid=2516&chaNo=2140&cmd=2&pageNo=2"" target=""_blank"" title=""새창 : 경주문화관광 홈페이지로 이동"">https://www.gyeongju.go.kr/tour</a>",129.2355275295,35.8117412932,250263,12,
2840527,백리향 황성본점,http://tong.visitkorea.or.kr/cms/resource/25/2840525_image2_1.jpg,,경상북도 경주시 황성로69번길 13-7,,,,"백리향 황성본점은 경상북도 경주시 황성동에 있다. 현대적인 외관과 깔끔한 인테리어가 눈에 띈다. 좁은 길로 들어가다 보면 예상과 달리 큰 건물과 넓은 주차장이 눈에 들어온다. 내부에는 단체석이 있어서 각종 모임을 하기 좋다.
대표 메뉴는 탕수육이다. 이 밖에 유니짜장, 쟁반짜장, 짬뽕면, 삼선볶음밥, 큰칠리새우, 양장피 등 중화 요릿집에서 선보이는 거의 모든 요리를 맛볼 수 있다. 경주 IC에서 가깝고, 인근에 황성공원, 첨성대, 국립경주박물관이 있다.",,129.2163859289,35.8683039905,2840527,39,
2840275,장군암소숯불,http://tong.visitkorea.or.kr/cms/resource/73/2840273_image2_1.jpg,,경상북도 경주시 부엉길 13,,,,"장군암소숯불은 경상북도 경주시 석장동에 있는 한우 전문점이다. 저렴한 가격이지만, 맛이 훌륭해 많은 사람이 찾는다. 내부 바닥에 파쇄석이 깔려 있고, 그 위에 테이블을 배치해 야외에서 고기를 구워 먹는 듯한 기분을 만끽할 수 있다. 대표 메뉴는 장군 갈빗살이다. 이 밖에 장군 안창살, 장군 살치살, 장군 부챗살, 장군 양념갈비, 장군 모둠한판 등도 맛볼 수 있다. 경주 IC에서 가깝고, 인근에 황리단길, 대릉원돌담길, 첨성대가 있다.",,129.1966604084,35.8497668229,2840275,39,
129161,오류고아라해변,http://tong.visitkorea.or.kr/cms/resource/46/3034246_image2_1.jpg,,경상북도 경주시 감포읍 오류리 277-8,,,,"경주 감포읍에 있는 오류고아라해변은 1㎞의 백사장과 1.5m 안팎의 수심에 소나무 숲이 우거진 해변으로, 모래가 부드러워 모래찜질로 유명한 곳이다. 소나무숲에는 오류캠핑장이 조성되어 있어 텐트, 카라반캠핑이 가능하고, 여름철에는 바나나보트, 모터보트와 같은 수상레저를 즐길 수 있다. 주변 관광지로는 감포항, 감포공설시장 등이 있다.","<a href=""https://www.gyeongju.go.kr/tour/page.do?cmd=2&mnu_uid=2294&area_uid=154"" target=""_blank"" title=""새창 : 경주문화관광 홈페이지로 이동"">https://www.gyeongju.go.kr</a>",129.5095310271,35.8223425217,129161,12,
2838704,가봉반과,http://tong.visitkorea.or.kr/cms/resource/97/2838697_image2_1.jpg,,경상북도 경주시 첨성로 61-7,,,,"가봉반과는 경상북도 경주시 사정동에 자리한 한옥 카페로, 전통 감성과 고즈넉한 분위기가 잘 살아 있는 공간이다. 한옥의 멋을 그대로 살린 내부에서 전통 음료와 디저트를 즐길 수 있어 여행객들에게 꾸준히 사랑받고 있는 카페이다. 대표 메뉴는 전 과정이 직접 수제로 만들어지는 화과자로, 계절에 따라 재료와 디자인이 달라져 눈과 입이 모두 즐겁다. 화과자와 함께 즐기기 좋은 음료도 다양하다. 문경에서 재배한 유기농 재료로 만든 오미자차, 달콤한 향이 매력적인 살구 에이드, 부드러운 풍미가 돋보이는 말차 크림 라테 등 취향에 따라 선택할 수 있다. 
경주 IC와 가까워 접근성이 좋고, 주변에는 첨성대, 경주 교촌한옥마을, 동궁과 월지 등 경주의 대표 관광지가 밀집해 있어 카페 방문과 연계한 여행 코스로도 손색없다. 전통적인 분위기 속에서 여유를 느끼고 싶다면 가봉반과에 방문하는 것을 추천한다.","<a href=""https://www.instagram.com/gabong___/""target=""_blank"" title=""새창 : 가봉반과 인스타그램으로 이동"">https://www.instagram.com/gabong___/</a>",129.2088375779,35.8336438731,2838704,39,
129518,경주 양동마을 송첨종택,http://tong.visitkorea.or.kr/cms/resource/77/3574177_image2_1.jpg,,경상북도 경주시 강동면 양동마을안길 75-6,,,,경주 양동마을 송첨종택은 경주 손 씨 큰 종가로 이 마을에서 시조가 된 양민공 손소(1433∼1484)가 조선 성종 15년(1484)에 지은 집이다. 양민공의 아들 손중돈 선생과 외손인 이언적(1491∼1553) 선생이 태어난 곳이기도 하다. 一자형 대문채 안에 ㅁ자형 안채가 있고 사랑채 뒤쪽 높은 곳에 신문(神門)과 사당이 있다. 안채는 지붕 옆면이 여덟 팔(八) 자 모양인 팔작지붕이고 사랑채는 지붕 옆면이 사람 인(人) 자 모양인 맞배지붕이다. 사랑방과 침방이 대청을 사이에 두고 ㄱ자형으로 놓여 있는 사랑채 뒤편 정원에는 수백 년 묵은 향나무가 있다. 대개 사랑방은 큰 사랑방 대청 건너편에 작은 사랑방을 두는 것이 보통이지만 이 집은 작은 사랑을 모서리 한쪽으로 두어 방과 방이 마주하지 않도록 한 점이 눈길을 끈다. 또한 일종의 마루통로 형식으로 꾸민 점 역시 특이하다. 종가다운 규모와 격식을 갖추고 있으며 사랑채 뒤편 정원의 경치 역시 뛰어난데 건물을 지은 수법과 배치 방법들이 독특하여 조선 전기의 옛 살림집 연구에 중요한 자료가 되고 있다. 위 국가유산은 일반적으로 관람이 가능하나 소유주 등의 개인적 사정으로 관람이 제한될 수도 있으므로 참고해야 한다.,"<a href=""https://yangdongvillage.or.kr/ko/quick.php?xbrd=19"" target=""_blank"" title=""새창 : 경주 양동마을 홈페이지로 이동"">https://yangdongvillage.or.kr/ko/</a>",129.2536260037,36.0038143817,129518,12,
231927,경주석장동암각화,,,경상북도 경주시 석장동 산38-9,,,,"경주석장동암각화는 경주 평야를 가로지르는 서천과 북천, 두 하천이 만나는 금장대 북쪽 바위벽에 그려진 것이다. 선사시대의 것으로 추측되는 이 그림은 강물에서 약 15m 높이의 수직 절벽 윗부분에 가로 약 2m, 세로 약 9m 되는 범위에 새겨졌으며, 추상적이고 기하학적으로 표현되어 있다. 모두 27점이 확인됐는데, 기하문 8점, 검과 창의 요소를 갖춘 그림 11점, 발자국 4점, 여성기 3점, 배 1점, 그외 동물 모습과 해석이 어려운 그림 등이 있다. 서로 조금씩 형태를 달리하고 있지만 기본은 방패 모양과 도토리 모양, 꽃 모양으로 나눌 수 있는데, 이 가운데 도토리 모양과 꽃 모양의 그림은 다른 지역의 바위 그림에서는 볼 수 없는 이 지역만의 독특한 특색이다. 특히 검과 결합된 여성기의 그림 등은 칠포리의 영향을 많이 받은 것으로 추정된다.
1994년 3월에 동국대학교 고고미술사학과 유적조사팀이 발견한 것으로 쪼아파기와 쪼고 갈아파기 같은 제작기법이 절충되어 청동기시대 중기와 말기 사이에 제작된 것으로 추정한다. 물상암각화에서 기하학문 암각화로 넘어가는 과도기적 성격을 띠고 있다. 
한편, 금장대는 경주의 서천과 북천이 만나는 곳에 자리하고 있는데 이곳 풍경의 아름다움 때문에 기러기도 쉬어간다는 금장낙안 이야기로 알려져 있으며, 하천 주변은 금장대 습지공원이 조성되어 있다.","경주문화관광 <a href=""https://www.gyeongju.go.kr/tour/page.do?cmd=2&mnu_uid=2524&chaNo=10737""target=""_blank"" title=""새창:  경주문화관광"">http://www.gyeongju.go.kr/tour</a><br>국가유산청  <a href=""https://www.heritage.go.kr/heri/cul/culSelectDetail.do?pageNo=1_1_1_1&sngl=Y&ccbaCpno=2333700980000""target=""_blank"" title=""새창:  국가유산청으로 이동"">https://www.heritage.go.kr/main/?v=1763970257549</a>",129.2006541787,35.8611545013,231927,12,
2761961,사나래카라반펜션 산내점,http://tong.visitkorea.or.kr/cms/resource/49/2762549_image2_1.JPG,,경상북도 경주시 산내면 대현길 351,,,,"사나래카라반펜션 산내점은 경주시 산내면에 있는 카라반 겸 펜션이다. 카라반은 모두 6개가 있고 미국 정통 스타일과 한국식 두 가지 타입 중에 고를 수 있다. 계곡은 물론 별도의 야외수영장이 있어 여름에 아이들과 물놀이하기 좋다. 주소지는 경주시 산내면으로, 경주 관광은 물론이고 거리적으로 가까운 청도 운문산, 운문사 관광도 편리하다. 봄에는 벚꽃이 계곡을 따라 만개하고, 가을에는 단풍이 절경이다.","<a href=""http://sanaraecaravan.co.kr/"" target=""_blank"" title=""새창 : 사나래카라반펜션 산내점 사이트로 이동"">http://sanaraecaravan.co.kr/</a>",129.0769500119,35.7044309718,2761961,28,
2754967,토함산 락 글램핑,http://tong.visitkorea.or.kr/cms/resource/25/2755225_image2_1.JPG,,경상북도 경주시 보불로 190-17 (하동),,,,"토함산 락 글램핑은 경북 경주시 보불로에 위치하고 있다. 불국사와 보문단지에서 5분여의 거리에 있으며 탁 트인 하동 저수지가 바로 눈아래 펼쳐져 있다. 펜션과 글램핑 시설을 이용할 수 있으며 부대시설로는 야외수영장, 바베큐장, 농구장이 마련되어 있다. 글랭핑장 내에 매점은 따로 운영하지 않고, 차로 10분 거리에 중형 마트가 위치하고 있어 필요한 물품은 미리 구입해 오는 것이 좋다.","<a href=""http://www.xn--pi2bl8opoa343cwkc1vd.com/"" target=""_blank"" title=""새창 : 토함산락글램핑 사이트로 이동"">http://www.xn--pi2bl8opoa343cwkc1vd.com/</a>",129.3152208574,35.8010051225,2754967,28,
128677,감포항,http://tong.visitkorea.or.kr/cms/resource/78/3537978_image2_1.jpg,,경상북도 경주시 감포읍 감포로 감포리,,,,"감포항은 2025년 개항 100주년을 맞이하는 경주 최대의 항구이다. 항구 주변에는 항상 고깃배들이 드나들고, 활어 위판장에서는 매일 신선한 생선이 경매로 오간다. 감포항 방파제가 있는 곳에 조성된 감포 해상공원의 경우 2018년 조성된 곳으로 해안데크, 바람개비 동산, 감포항 조형물 등을 갖추고 있다. 또한 감포항 방파제에는 감은사지 3층 석탑을 음각화한 아름다운 등대가 우뚝 솟아있고, 바다낚시 포인트로 유명해 낚시를 즐기기에 좋은 곳이다. 주변 관광지로는 전촌 용굴, 오류고아라 해변, 전촌항 등이 있어 함께 둘러볼 수 있다.","경주문화관광 <a href=""https://www.gyeongju.go.kr/tour/page.do?cmd=2&mnu_uid=2294&area_uid=160"" target=""_blank"" title=""새창 : 홈페이지로 이동"">https://www.gyeongju.go.kr</a>",129.5040374805,35.8078329413,128677,12,
2744431,오글오글오토캠핑장,http://tong.visitkorea.or.kr/cms/resource/50/2744350_image2_1.jpg,,경상북도 경주시 산내면 문복로 1637-32,,,,"오글오글 글램핑은 경북 경주시 산내면에 자리 잡고 있다. 경주시청을 기점으로 33㎞가량 떨어졌다. 자동차에 몸을 싣고 용담로, 건포산업로, 단석로를 차례로 달리면 닿는다. 도착까지 소요되는 시간은 40분 안팎이다. 이곳은 해발 250m 산 중턱에 터를 잡았다. 이 덕분에 발아래로 내려다보이는 풍경이 일품이다. 때를 잘 만나면 산을 뒤덮은 운무를 감상할 수 있다. 밤이면 산 아래 펜션촌의 불빛이 장관을 연출한다. 캠핑장에는 글램핑 11개 동을 마련했다. 객실 내부는 침대, 화장실, 샤워실, 선풍기 등을 갖췄으며, 외부 전용 공간에는 개수대, 취사도구, 식기, 냉장고, 의자 일체형 캠핑 테이블, 해먹, 바비큐 장비 등을 배치했다. 캠핑장은 연중 운영하며, 예약은 온라인 실시간으로 가능하다. 캠핑장 인근에는 경주국립공원 단석산지구가 있으며, 자동차로 30분가량 나가면 보문관광단지가 있어 연계 관광이 용이하다. 관광지 주변에 음식점도 많다.","<a href=""http://xn--bj0baa200hvhsba213y.com/"" target=""_blank"" title=""새창 : 방길낚시캠핑장 홈페이지로 이동"">http://xn--bj0baa200hvhsba213y.com/</a>",129.0625219114,35.7607465713,2744431,28,
2903556,카페능,http://tong.visitkorea.or.kr/cms/resource/40/2903540_image2_1.jpg,,경상북도 경주시 포석로1068번길 3,,,,"경상북도 경주시 황남동에 위치한 '카페능'은 한옥 건축으로 지어져 전통적인 외관을 갖추고 있으며, 내부는 깔끔한 분위기의 인테리어로 구성되어 있다. 대표 메뉴는 바닐라라떼이며, 아이스아메리카노, 아인슈페너, 모카라떼, 딸기우유, 밀크티 등 다양한 커피 음료를 제공한다. 돼지바 크림치즈 크럼블 등 디저트도 함께 판매한다. 경주IC와 가까우며 경주시외버스터미널에서 도보 약 15분 거리로 접근성이 좋다. 인근에는 첨성대, 국립경주박물관, 경주 교촌한옥마을 등 주요 관광지가 위치한다.","<a href=""http://instagram.com/cafe_neung/""target=""_blank"" title=""새창 : 카페능 사이트로 이동"">http://instagram.com/cafe_neung/</a>",129.2099457344,35.8364602425,2903556,39,
2740099,청석들오토캠핑,http://tong.visitkorea.or.kr/cms/resource/30/2740330_image2_1.jpg,,경상북도 경주시 산내면 대현길 176-9,,,,"청석들 오토캠핑은 경상북도 경주시 산내면에 위치한 캠핑장으로 자리 잡고 있다. 경주 시청을 기점으로 약 40㎞가량 떨어진 곳으로 맑은 계곡과 울창한 숲이 공존하는 공간이다. 계곡 물놀이와 숲 속 체험을 함께 할 수 있어 휴가철이면 찾는 이들이 많다. 캠핑장은 자동차 야영장 27면을 갖추고 있는데 이 가운데 25면은 파쇄석, 나머지는 데크로 이뤄졌다. 개인 트레일러와 카라반도 입장이 가능하다.","<a href=""https://www.camfit.co.kr/camp/67b2e9fa9cfd7c001dc073ef"" target=""_blank"" title=""새창 : 청석들오토캠핑 사이트로 이동"">https://www.camfit.co.kr/</a>",129.070244666,35.7178376673,2740099,28,
3090441,지지관광호텔,http://tong.visitkorea.or.kr/cms/resource/31/3090431_image2_1.JPG,,경상북도 경주시 태종로699번길 3 (노서동),,,,"지지관광호텔은 경주시 황남동(황리단길) 인근에 있는 호텔로, 경주의 여러 역사 유적지와 관광지를 여행하기 좋은 최적의 입지에 자리하고 있다. 객실은 2인이 머무를 수 있는 스탠더드 객실부터 코너 스위트, 디럭스 트윈 그리고 6인까지 수용 가능한 한국식 온돌방 등이 있다. 이 외에도 레스토랑, 비즈니스 센터, 피트니스센터, 사우나, 회의실 등의 편의시설을 갖추고 있어 가족, 연인은 물론 기업과 단체 숙박도 가능하다. 주변 관광지로는 천마총, 금관총, 첨성대, 대릉원 등의 역사유적지와 황리단길이 있다.",,129.2044128127,35.8390154052,3090441,32,
2756802,강동리조트 프라이빗콘도,http://tong.visitkorea.or.kr/cms/resource/56/2756956_image2_1.jpg,,경상북도 경주시 보불로 391 (천군동),,,,"강동리조트는 경상북도 경주에 위치한 골프장, 콘도미니엄, 워터파크 등을 운영하는 사계절 종합 휴양리조트이다. 강동리조트 프라이빗콘도의 콘셉트는 언덕 위의 성［城］이다. 다채로운 자연의 일부가 되도록 우아함은 물론, 현대적인 공간미학까지 고려했다. 그리고 무엇보다 누구에게도 방해받지 않고 평온한 휴식을 꿈꾸는 공간이 될 수 있도록 고민하고 또 노력했다. 강동리조트는 이스트섬의 모아이 석상과 석굴암의 조각, 이스탄불 톱카프 궁전, 프랑스의 상보로 성 등 원형질 석재를 주재료로 선정했다. 전체 외형의 웅장함은 시간이 지날수록 전통이 깊어지고 명예로움이 빛나는 느낌을 받는다.",,129.3056850979,35.8179335881,2756802,12,
3101705,소소밀밀 서악점,http://tong.visitkorea.or.kr/cms/resource/45/3095945_image2_1.jpg,,경상북도 경주시 능남길 15,,,,"소소밀밀은 북카페로 운영되고 있다. 마당은 잔디와 나무로 꾸며져 있고 오래된 한옥을 개조하여 만든 카페라 시골집에 온듯한 기분을 느낄 수 있다. 매장 내부에 들어오면 카운터 옆 창가에 테이블이 있고 짧은 복도를 지나 다른 공간에 들어서면 큰 테이블 하나와 사방에는 그림책들이 진열되어 있다. 또한 한쪽 벽면에는 자체제작한 엽서지, 메모지, 스케쥴러 등 다양한 소품이 있어 마음에 드는 제품은 구매가 가능하다. 대표메뉴로는 드립커피가 있고 그 외에 커피와 차, 음료, 디저트 등의 메뉴가 준비되어 있다. 조용한 분위기에 독서를 하며 여유를 느낄 수 있는 곳이다.",,129.1856454551,35.8234779162,3101705,39,
126214,천마총(대릉원),http://tong.visitkorea.or.kr/cms/resource/19/3491219_image2_1.jpg,,경상북도 경주시 계림로 9,,,,"경주 대릉원 안에 위치한 천마총은 5세기 말에서 6세기 초에 축조된 것으로 추정되는 통일 이전 신라의 고분이다. 1973년에 발굴되었으며, 신라 특유의 돌무지덧널무덤 형태를 하고 있다. 무덤은 높이 12.7m, 지름 50m 규모로 봉토 안에는 냇가의 돌로 쌓은 적석층이 있으며 적석층 내부에는 길이 6.5m, 너비 4.2m, 높이 2.1m의 나무로 만든 방이 있고 그 중앙에 목관을 두어 시신을 안치했다.
천마총은 대릉원 고분군 가운데 유일하게 일반에 공개된 고분으로 인근의 황남대총을 발굴하기 전에 시범적으로 조사되었다. 당시 기술로는 황남대총처럼 거대한 규모의 무덤을 바로 발굴하기 어려웠기 때문이다.
출토된 유물은 금관, 금모자, 새날개 모양의 관식, 금허리띠, 금동신발 등 피장자가 착용한 장신구류를 포함해 총 11,526점에 달한다. 이 중 대표 유물인 금관은 전형적인 신라 금관의 형태로 앞면에는 나뭇가지 모양의 세 줄 장식이 솟아 있고 뒷면에는 사슴뿔 모양의 두 줄 장식이 있다. 또한 나뭇가지 장식에는 생명력을 상징하듯 돋아나는 싹 모양과 곡옥 장식들이 달려 있으며, 지금까지 출토된 금관 중 가장 크고 화려한 작품으로 평가된다.
천마총의 이름은 이 무덤에서 발견된 ‘천마도’에서 비롯되었다. 이는 자작나무 껍질에 하늘을 나는 말이 그려진 말다래(말을 탄 사람의 옷에 흙이 튀지 않도록 가죽 같은 것을 말의 안장 양쪽에 늘어뜨려 놓은 기구)로 우리나라 고분에서 처음으로 출토된 회화작품이며, 신라 회화의 대표작으로 그 가치가 매우 높아 국보로 지정되었다. 현재 천마총에서 출토된 유물들은 국립경주박물관에 전시되어 있다.","경주문화관광 <a href=""https://www.gyeongju.go.kr/tour/page.do?cmd=2&mnu_uid=2292&area_uid=290""target=""_blank"" title=""새창:  경주문화관광 홈페이지로 이동"">http://www.gyeongju.go.kr/tour</a>",129.2104983997,35.8386877792,126214,12,
2941029,국민힐링파크,,,경상북도 경주시 문복로 1280-8,,,,"남녀노소 즐길 수 있는 눈썰매와 빙어잡기 체험, 정글카누체험 등 다양한 놀거리가 가득한 테마파크이다. 아이들과 함께 토끼 마을에서 건초를 주기도 하고 물 위에서 카누를 타며 떠다니는 오리를 보는 것도 겨울철 가족나들이에 으뜸이다. 테마파크의 곳곳이 겨울왕국에 온 듯이 빙벽이 많이 보이는데 곳곳이 포토존이다. 야영장과 숙박시설 또한 구비되어 있으며, 모닥불에서 구워먹는 밤과 고구마 체험도 아이들이 좋아한다. 입장료와 체험비는 별도이며 애완동물은 동반이 불가하다.","<a href=""https://www.instagram.com/korea.5378"" target=""_blank"" title=""새창 : 국민힐링파크 인스타그램으로 이동"">https://www.instagram.com/korea.5378</a>",129.061878085,35.7408238073,2941029,12,
2789998,화랑의언덕,http://tong.visitkorea.or.kr/cms/resource/39/3099939_image2_1.jpg,,경상북도 경주시 산내면 수의길 601,,,,"인기 걸그룹 핑클 멤버들이 출연했던 JTBC 예능프로그램 <캠핑클럽> 촬영지로 유명하다. 당시 드넓은 잔디밭과 탁 트인 전망을 자랑하는 명상바위 등 경주의 매력적인 풍광들을 소개하며 시청자들의 눈길을 끌었다. 신라 화랑 김유신이 수련하며 검으로 바위를 갈랐다는 이야기가 전하는 단석산 등산로 입구에 있어 화랑의 언덕이라고 이름 붙였다. 방송에서처럼 널찍한 잔디밭과 걷기 좋은 산책로, 서정적인 풍경의 저수지가 한데 어우러져 느긋하게 쉬어가기 좋다. 여름에는 노란 해바라기, 가을에는 은빛 억새가 일렁이며 계절의 정취를 만끽할 수 있다. 웅장한 산자락이 한눈에 들어오는 명상바위와 저수지 내에 마련된 테이블 등은 인기 포토존으로 꼽힌다. 현재 관람 시간 내에 산책과 피크닉만 가능하고 캠핑이나 차박은 불가하다.  

◎ 한류의 매력을 만나는 여행 정보 - 드라마 <나쁜엄마>
강호와 동네 꼬마들이 뛰어놀던 초원은 SNS에서 인생 샷 명소로 꼽힌다. 명상바위라 불리는 절벽 끝 바위에 오르면 발밑으로 아담한 마을과 다랑논이 펼쳐지며, 언덕 위는 너른 잔디밭과 잔잔한 저수지가 어우러져 평온한 풍경을 만끽할 수 있다. 산책과 피크닉은 가능하지만, 캠핑 및 차 박은 불가하다.","<a href=""https://www.gyeongju.go.kr/tour/page.do?cmd=2&mnu_uid=2296&area_uid=132"" target=""_blank"" title=""경주 문화관광 사이트로 이동"">https://www.gyeongju.go.kr/</a>",129.0843530115,35.7720873674,2789998,12,
128612,경주 서출지,http://tong.visitkorea.or.kr/cms/resource/62/2534162_image2_1.jpg,,경상북도 경주시 남산동 974-1,,,,"신라 21대 소지왕이 서기 488년 정월 보름날 행차에 나설 때다. 까마귀와 쥐가 와서 울더니 쥐가 말했다. “이 까마귀 가는 곳을 살피십시오” 왕은 장수를 시켜 따라가게 했다. 동남산 양피촌 못 가에 이르러 장수는 그만 까마귀를 놓쳐 버렸다. 이때 갑자기 못 가운데서 풀 옷을 입은 한 노인이 봉투를 들고 나타났다. “장수께서는 이 글을 왕에게 전하시오” 노인은 글이 써진 봉투를 건넨 뒤 물속으로 사라졌다. 왕이 봉투를 받아보자 ‘열어보면 두 사람이 죽고 보지 않으면 한 사람이 죽는다’라고 적혀있었다. 이를 본 신하가  말했다. “두 사람은 평민이고 한 사람은 왕을 가리킴이오니 열어보시는 것이 어떨까 하옵니다.” 왕은 신하의 조언에 따라 봉투를 뜯었다. ‘사금갑(射琴匣)’ 즉 ‘거문고 갑을 쏘아라’라고 적혀 있었다. 대궐로 간 왕은 왕비의 침실에 세워둔 거문고 갑을 향해 활시위를 당겼다. 거문고 갑 속에는 왕실에서 불공을 보살피는 승려가 죽어있었다. 승려는 왕비와 짜고 소지왕을 해치려 한 것이었다. 왕비는 곧 사형되었으며 왕은  노인이 건네준 봉투 덕분에 죽음을 면하게 되었다. 
이 연못은 글이 적힌  봉투가 나온 곳이라 해서 서출지라 부른다. 소지왕 10년은 신라에 불교가 공인되기 40년 전이다. 신라 눌지왕 시대에  묵호자가 불교를 전하러 왔으나 펴지 못했다. 소지왕 시대 아도 스님 역시 불교 전파에 실패했다. 법흥왕 15년 이차돈의 순교로 비로소 신라에 불교가 공인된 것이다.  당시 신라  귀족들은 민속신앙 특히 조상을 섬기는 신앙이 강해 쉽게 불교를 인정하지 않았다. 서출지의 전설은 전통적 민속신앙 속에 새로운 불교문화가 전래되는 과정에 빚어지는 갈등의 한 단면을 보여주고 있다.","<a href=""https://www.gyeongju.go.kr/tour/page.do?cmd=2&mnu_uid=2517&chaNo=3270"" target=""_blank"" title=""경주 문화관광 사이트로 이동"">http://gyeongju.go.kr/tour</a>",129.2424273605,35.796443149,128612,12,
2015553,보문정(경주),http://tong.visitkorea.or.kr/cms/resource/17/3541617_image2_1.jpg,,경상북도 경주시 신평동 150-1,,,,"보문정은 CNN에서 ‘한국의 비경’으로 소개된 적이 있을 정도로 아름다운 풍광을 자랑한다. 팔각 정자와 2개의 연못 주위로 벚나무, 단풍나무 등이 식재되어 어느 계절 하나 빼놓지 않고 풍경을 감상해야 할 곳이다. 봄이면 보문정 주변을 수놓는 새하얀 벚꽃들로 빼어난 경치를 선사한다. 특히, 수양버드나무처럼 꽃가지가 축 늘어진 수양벚꽃을 볼 수 있어 인기가 좋다. 여름이면 보문정 앞 연못에 수련이 그득 피어나 절경을 더한다. 단풍 물드는 가을은 화려하고, 운 좋게 설경을 만난다면 겨울의 보문정도 꼭 담아야 한다. 어느 계절이건 아름다운 덕에 이곳은 사진작가들이 사랑하는 장소로도 손꼽힌다.","<a href=""https://www.gyeongju.go.kr/tour/page.do?cmd=2&mnu_uid=2291&area_uid=27"" target=""_blank"" title=""경주 문화관광 사이트로 이동"">http://gyeongju.go.kr/tour</a>",129.2892803112,35.8413250823,2015553,12,
2778053,신라왕경숲,http://tong.visitkorea.or.kr/cms/resource/12/3541612_image2_1.jpg,,경상북도 경주시 구황동 885-6,,,,"신라시대 수도인 왕경지구의 하천 범람을 막기 위해 경주 명활산성에서 분황사까지 5리, 즉 2㎞에 걸쳐 ‘오리수’라는 숲을 조성했다. 보문관광단지 입구에 자리한 신라 왕경 숲이 바로 그 오리수를 재현해 조성한 숲이다. 신라 왕경 숲은 신라시대 치수사업의 역사를 간직하고 있다. 1,500년 전 서라벌의 왕들이 거닐던 숲으로 꾸며진 신라 왕경 숲은 지난 2007년 세계 문화엑스포 개최와 함께 일반에 공개됐다. 구황교 쪽에 1차로 조성된 왕경숲이 있고, 숲머리음식촌 쪽에도 2차로 숲이 있다. 넓은 잔디밭과 푸른 가로수 덕분에 한가롭게 피크닉을 즐길 수 있는 장소로도 인기다. 주요 관광지와도 가까워 시민들은 물론, 관광객들도 쉬어가기 좋다.","<a href=""https://www.gyeongju.go.kr/tour/page.do?cmd=2&mnu_uid=2292&area_uid=71"" target=""_blank"" title=""새창 : 경주시 문화관광 홈페이지로 이동"">https://www.gyeongju.go.kr/tour/</a>",129.2388625445,35.8399687258,2778053,12,
2756602,감포공설시장,http://tong.visitkorea.or.kr/cms/resource/28/2757128_image2_1.jpg,,경상북도 경주시 감포읍 감포로 115,,,,"감포공설시장은 경북 경주시 감포읍에 자리 잡고 있다. 매월 3일과 8일로 끝나는 날에 오일장이 열린다. 장날에 시장을 방문하면 감포 앞바다에서 잡아 올린 싱싱한 해산물을 만날 수 있고, 건어물 종류도 많다. 특히 감포의 명물 참가자미와 돌미역을 저렴한 가격에 구매할 수 있다. 감포공설시장 앞 정류장에는 경주 시내버스를 비롯해 울산행 시외버스도 운행한다.","경주문화관광 <a href=""https://gyeongju.go.kr/tour/page.do?mnu_uid=2294&area_uid=161&cmd=2"" target=""_blank"" title=""새창 : 경주 문화관광 홈페이지로 이동"">https://gyeongju.go.kr/tour/</a>",129.5020460934,35.8041527624,2756602,38,
2756611,경주읍성,http://tong.visitkorea.or.kr/cms/resource/23/3542523_image2_1.jpg,,경상북도 경주시 동문로 31 (북부동),,,,"경주 시가지 중심부에 신라 이후의 천년 경주를 상징하는 주요 유적인 경주읍성이 자리해 있다. 신라 시대에는 월성이 중심이었다면 고려 이후에는 경주 읍성으로 중심이 옮겨졌다. 고려와 조선에 이어지기까지 행정, 생활, 군사기능이 모여 있던 경주의 심장부였다. 고려 시대에 처음 축조된 이래, 조선 시대에 여러 번 고쳐지었다는 기록이 있으며 현재 복원된 모습은 조선 영조 21년(1745)에 중수한 모습이다. 
영조 때 중수한 경주읍성은 성곽 둘레가 2.3㎞에 달했고, 동서남북에 성내로 통하는 사대문이 자리했다고 전한다. 사대문은 모두 소실되었는데, 동문인 향일문을 최근 복원하였다. 동쪽에 100여 미터 남짓 남아 있던 성벽을 이어 쌓고, 치성, 옹성, 동문 등을 복원해 2018년 11월 일반에 공개했다.","<a href=""https://www.gyeongju.go.kr/tour/page.do?cmd=2&mnu_uid=2517&chaNo=3269""target=""_blank"" title=""새창 : 경주문화관 홈페이지 이동"">https://www.gyeongju.go.kr/tour/</a>",129.2139061887,35.8473202021,2756611,12,
2792219,캠프 아이엔지(ING),http://tong.visitkorea.or.kr/cms/resource/51/2792651_image2_1.jpg,,경상북도 경주시 강동면 호명큰골길 47,,,,"캠프 아이엔지는 경북 경주시 강동면에 자리 잡고 있다. 경주시청을 기점으로 13㎞가량 떨어졌다. 자동차에 몸을 싣고 양정로와 산업로를 차례로 달리면 닿는다. 도착까지 걸리는 시간은 20분 안팎이다. 이곳은 숲 속에 위치한 폐교를 감성적인 캠핑장으로 탈바꿈한 공간이다. 입구를 시작으로 캠핑장 내부를 천천히 살펴보다 보면 옛 추억을 자극하는 볼거리가 발길을 붙든다. 자동차 야영장 30면을 마련했고 바닥은 파쇄석 28면과 데크 2면으로 이뤄졌다. 사이트 크기는 파쇄석이 가로 8m 세로 10m, 데크는 가로 5m 세로 5m다. 개인 트레일러와 카라반 동반 입장이 가능하다. 관리소에서는 릴 선, 화로 대, 난방기구 등 캠핑 장비를 대여해 준다. 
캠핑장과 가까운 거리에 경주 양동마을, 안계저수지 등의 관광지가 있어 연계 여행이 순조롭다. 인근에 중식당, 한식당, 분식집, 기사식당 등 음식점도 즐비하다.","<a href=""https://cafe.naver.com/kjcamping/"" target=""_blank"" title=""새창 : 경주 캠프ing 네이버 카페로 이동"">https://cafe.naver.com/kjcamping</a>",129.2525520937,35.9691432817,2792219,28,
2765063,황남빵,http://tong.visitkorea.or.kr/cms/resource/14/3461514_image2_1.JPG,,경상북도 경주시 태종로 783,,,,"경주 황남빵은 1939년 경주 황남동에서 만들어져 빵을 사라 온 사람들에게 황남빵이라고 불리던 것이 그대로 현재의 공식 이름이 되었다. 황남빵 창업주 故최영화 옹은 경주 최 씨 집안의 자손으로서, 스물한 살 되던 해 각고의 노력 끝에 황남빵이라는 작품을 홀로 만들어냈다. 대대로 집안에서 팥으로 떡과 빵을 빚어먹던 풍습을 발전시켜 고안해 낸 특별한 비법으로, 80년이 지난 지금도 오로지 팥으로만 맛을 내고 있다. 황남빵은 신라의 정취를 느낄 수 있는 수려한 빗살무늬가 특징이다.","<a href=""https://www.hwangnam.com"" target=""_blank"" title=""새창 : 황남빵 홈페이지로 이동"">https://www.hwangnam.com</a>",129.2137119443,35.8408875913,2765063,39,
131131,보문골프클럽,http://tong.visitkorea.or.kr/cms/resource/33/3565533_image2_1.jpg,,경상북도 경주시 보문로 182-14 (북군동),,,,"보문골프클럽은 경주 보문관광단지 내 조성된 대중골프장이다. 체육시설의 설치, 이용에 관한 법령에 의거 골프 대중화와 국민 건강 증진 및 여가선용에 이바지하기 위해 조성되었다. 다이나믹하고 골퍼들의 도전의욕을 일으키는 자연 그대로를 살린 코스로 설계를 하였다. 클럽하우스와 대식당, 그늘집, 락커룸, 프로샵 등의 편의시설을 갖추고 있다.","<a href=""https://golf.gtc.co.kr/main/index.asp"" target=""_blank"" title=""새창 : 보문골프클럽 홈페이지로 이동"">https://golf.gtc.co.kr</a>",129.2713035374,35.8613002651,131131,28,
2738736,경주초우오토캠핑장,http://tong.visitkorea.or.kr/cms/resource/68/2738968_image2_1.jpg,,경상북도 경주시 산업로 3549-30 (동방동),,,,"경주 초우 오토캠핑장은 경상북도 경주시내 인근에 자리하고 있다. 경부고속도로에서 경주 IC로 나와 경주박물관 사거리를 거쳐 울산 방면 국도 7호선을 타고 진행하다 보면 ‘천선사’ 입석이 보인다. 거기서 우회전하여 농로(둑길)로 진입하면 큰 기와집이 보인다. 이곳이 어성초 농장을 겸한 캠핑장이다. 게스트하우스로도 외국인들에게 인기가 많은 이곳은 어성초 농장과 오토캠핑장을 함께 운영하고 있으며 주변이 모두 농지다. 사이트는 A, B, C 구역으로 나뉘며 오토캠핑 사이트 41개가 마련되어 있다. 가장 큰 장점은 경주의 유명 관광지를 둘러보기 위한 최적의 입지조건을 자랑한다는 점이다. 때문에 관광·캠핑을 목적으로 하는 방문객이 많이 찾고 있다. 
인근에 경주박물관, 안압지, 불국사, 보문관광단지 등 유명 관광지들이 있어 연계 관광이 용이하다. 주변에는 식당이 없고 안압지나 보문관광단지 주변에 다양한 음식점들이 성업 중이다.","<a href=""http://chowoocamp.cafe24.com/"" target=""_blank"" title=""새창 : 경주초우캠핑장 홈페이지로 이동"">http://chowoocamp.cafe24.com/</a>",129.2566868756,35.8086448196,2738736,28,
2910143,경주 캠핑573,http://tong.visitkorea.or.kr/cms/resource/20/2910120_image2_1.jpg,,경상북도 경주시 새안현로 507-19,,,,"경주캠핑리조트(경주 캠핑573)는 경북 경주시 현곡면 래태리에 자리 잡았다. 경주시청을 기점으로 10㎞가량 떨어졌다. 자동차를 타고 용담로와 새안현로를 번갈아 달리면 닿는다. 도착까지 걸리는 시간은 20분 안팎이다. 캠핑장에는 글램핑 6개 동과 강자갈로 이뤄진 오토캠핑 사이트 6면이 마련돼 있다. 글램핑 내부에는 침대, TV, 테이블, 개수대, 취사도구, 조리도구 등 일상생활이 가능할 정도의 시설이 완비돼 있다. 작은 도서관, 카페, 포토존 스튜디오 등 부대시설도 알차다. 주변에는 보문관광단지가 있어 연계 여행에 나서기 좋다.","<a href=""http://rete573.com/""target=""_blank"" title=""새창 : 경주 캠핑573 홈페이지로 이동"">http://rete573.com/</a>",129.1495071077,35.9158056952,2910143,28,
3049911,신라가족호텔,,,경상북도 경주시 산업로 3540-5 (동방동),,,,"경상남도 경주시 동방동에 자리한 신라가족호텔은 황토와 편백나무로 마감된 웰빙 숙소로, 한국관광공사 '우수 숙박업소'로 지정된 가족 전문 호텔이다. 객실은 1인실, 일반 가족객실, 펜션형 객실로 구성되고, 온돌형과 저상배드형, 침대형 타입으로 나뉜다. 펜션형 객실에서는 취사가 가능하다. 조식은 유료로 제공하고, 야외수영장을 운영한다. 유소년축구, 야구단 지정 호텔로 수학여행 및 단체여행객 수용이 가능하다. 중저가 가격으로 이용할 수 있어 가성비가 좋다.","<a href=""http://www.slhotel.co.kr/ "" target=""_blank"" title=""새창 : 홈페이지로 이동"">http://www.slhotel.co.kr/ </a>",129.2605199097,35.8073561487,3049911,32,
2903751,포석로 소갈비찜,http://tong.visitkorea.or.kr/cms/resource/34/2903734_image2_1.jpg,,경상북도 경주시 포석로1068번길 22,,,,"포석로 소갈비찜은 경상북도 경주시 황남동에 있다. 한옥으로 지어진 덕분에 외관에서 고풍스러운 멋이 풍긴다. 깔끔한 분위기를 연출하는 인테리어도 눈에 띈다. 내부에는 단체석이 마련되어 있어 각종 모임을 하기 좋다. 대표 메뉴는 포석 소갈비찜이며 고추장 소갈비찜도 인기가 많다. 이 밖에 해물파전, 부추전, 명란마요 주먹밥, 참치마요 주먹밥 등을 판다. 경주 IC에서 가깝고 주변에 첨성대를 비롯해 국립경주박물관, 경주 교촌한옥마을 등 경주의 유명 관광지가 많다.","<a href=""https://www.instagram.com/poseok_ro""target=""_blank"" title=""새창 : 포석로 소갈비찜 인스타그램으로 이동"">https://www.instagram.com/poseok_ro</a>",129.2118705803,35.8359492255,2903751,39,
2902918,청온채,http://tong.visitkorea.or.kr/cms/resource/13/2902913_image2_1.jpg,,경상북도 경주시 포석로1079번길 8-5,,,,"청온채는 경상북도 경주시 사정동에 위치하고 있다. 한옥으로 지어진 덕분에 외관에서 고풍스러운 멋이 풍긴다. 깔끔한 분위기를 연출하는 인테리어도 눈에 띈다. 내부에는 단체석이 마련되어 있어 각종 모임을 하기 좋다. 대표 메뉴는 마늘 항정 수육이며 육회 비빔밥, 육회 물회도 인기가 많다. 이 밖에 명란 치즈 순두부찌개, 들기름 간장 메밀국수, 아보카도 명란 비빔밥 등도 준비되어 있다.","<a href=""https://www.instagram.com/cheongonchae""target=""_blank"" title=""새창 : 청온채 인스타그램으로 이동"">https://www.instagram.com/cheongonchae</a>",129.208826353,35.8376656407,2902918,39,
2902488,황남밀면,http://tong.visitkorea.or.kr/cms/resource/82/2902482_image2_1.jpg,,경상북도 경주시 포석로1068번길 12 황남동종합시장 바동 75호,,,,"황남밀면은 경상북도 경주시 황남동에 있다. 빈티지한 멋을 풍기는 외관과 인테리어가 눈에 띈다. 내부에는 단체석이 마련되어 있어 각종 모임을 하기 좋다. 대표 메뉴는 새콤하고 달콤한 맛이 특징인 황남들깨밀면과 황남육회밀면이다. 깔끔하고 시원한 맛의 물밀면과 비빔밀면도 별미이다. 이 밖에 제주 흑돼지 연탄불고기, 간재미 무침 등도 맛볼 수 있다. 경주 IC에서 가깝고 주변에 첨성대를 비롯해 국립경주박물관, 경주 교촌한옥마을 등 경주의 유명 관광지가 많다.",,129.2107123449,35.8360575246,2902488,39,
2902092,피자옥,http://tong.visitkorea.or.kr/cms/resource/73/2902073_image2_1.jpg,,경상북도 경주시 손효자길 1 1층,,,,"피자옥은 경상북도 경주시 황남동에 있다. 한옥으로 지어진 덕분에 외관에서 고풍스러운 멋이 풍긴다. 깔끔한 분위기를 연출하는 인테리어도 눈에 띈다. 내부에는 단체석이 마련되어 있어 각종 모임을 하기 좋다. 대표 메뉴는 버섯, 소 등심, 수란, 페퍼로니, 트뤼프 오일 등을 넣어 만든 트러플 & 페퍼로니 반반이다. 이 밖에 트러플 비스마르크, 페퍼로니, 마르게리타, 새우로제크림 스파게티 등이 준비되어 있다. 경주 IC에서 가깝고 주변에 첨성대를 비롯해 국립경주박물관, 경주 교촌한옥마을 등 경주의 유명 관광지가 많다.","<a href=""https://www.instagram.com/pizaok/?utm_source=ig_profile_share&igshid=""target=""_blank"" title=""새창 : 피자옥 인스타그램으로 이동"">https://www.instagram.com/pizaok</a>",129.2108428777,35.8364658143,2902092,39,
2876311,능포다원,http://tong.visitkorea.or.kr/cms/resource/50/3096650_image2_1.jpg,,경상북도 경주시 원효로 91-3,,,,"능포다원은 경상북도 경주시 노동동에 있다. 한옥으로 지어진 덕분에 외관에서 고풍스러운 멋이 풍긴다. 예스러운 분위기를 연출하는 인테리어도 눈에 띈다. 대표 메뉴는 녹차보다 부드러운 맛을 지닌 황차다. 이 밖에 도라지 황차, 홍삼 황자, 더덕 황차도 많은 사람이 찾는다. 경주 IC에서 가깝고, 주변에 첨성대, 국립경주박물관, 경주 교촌한옥마을 등 경주의 유명 관광지가 수두룩하다.

◎ 한류의 매력을 만나는 여행 정보 - 영화 <경주>
건물 사이에 낮게 자리한 한옥 찻집이다. 영화 <경주>의 공윤희가 운영하는 전통 찻집 '아리솔'의 촬영지로, 주인분이 직접 만드는 황차가 맛있다. 영화의 모티브가 된 춘화는 능포다원 주인분의 남편 작품으로, 춘화를 비롯한 다양한 그림이 찻집 곳곳에 걸려 있다.",,129.2107843818,35.8423651475,2876311,39,
2907360,황남두꺼비식당,http://tong.visitkorea.or.kr/cms/resource/54/2907354_image2_1.jpg,,경상북도 경주시 포석로1050번길 16,,,,"황남두꺼비식당은 경상북도 경주시 황남동에 있다. 한옥의 고풍스러운 멋과 더불어 현대적인 분위기의 외관이 돋보인다. 예스럽고 감성적인 분위기를 연출하는 인테리어도 눈에 띈다. 대표 메뉴는 매운 등갈비찜이며 간장 등갈비찜, 묵은지 등갈비찜도 인기가 많다. 이 밖에 벌교 꼬막 무침, 경주 한우 육회, 수제 떡갈비 등이 준비되어 있다. 경주 IC에서 가깝고 주변에 첨성대를 비롯해 국립경주박물관, 경주교촌한옥마을 등 경주의 유명 관광지가 많다.","<a href=""https://www.instagram.com/hwangnam_dukkeobi""target=""_blank"" title=""새창 : 황남두꺼비식당 인스타그램으로 이동"">https://www.instagram.com/hwangnam_dukkeobi</a>",129.2109457011,35.8345354787,2907360,39,
2906690,백년손님,http://tong.visitkorea.or.kr/cms/resource/83/2906683_image2_1.jpg,,경상북도 경주시 포석로1050번길 32,,,,"백년손님은 경상북도 경주시 황남동에 있다. 1993년에 문을 연 이곳은 한옥으로 지어진 덕분에 외관에서 고풍스러운 멋이 풍긴다. 깔끔한 분위기를 연출하는 인테리어도 눈에 띈다. 내부에는 단체석이 마련되어 있어 각종 모임을 하기 좋다. 대표 메뉴는 돼지석쇠 정식이다. 이 밖에 소석쇠 정식, 생선구이 정식, 잔치국수 등이 준비되어 있다. 경주 IC에서 가깝고 주변에 첨성대를 비롯해 국립경주박물관, 경주교촌한옥마을 등 경주의 유명 관광지가 많다.",,129.2129816399,35.8343383174,2906690,39,
2599772,이상복명과 경주빵 숲머리점,http://tong.visitkorea.or.kr/cms/resource/19/3405919_image2_1.jpg,,경상북도 경주시 숲머리길 212 (보문동),,,,"이상복명과 경주빵 숲머리점는 경북 경주시에 위치한 빵집이다. 이상복 명과의 빵은 보존료, 인공감미료를 사용하지 않고 천연 재료만을 사용하여 많은 사람들이 찾는 빵이다. 오랜 기간 팥을 삶고 빵을 빚은 장인의 기술과 천연재료만을 사용하는 장인의 정신으로 맛은 기본, 건강까지 고려하여 만든 이상복의 빵은 경주의 대표 먹거리이다. 대표 메뉴는 이상복 경주빵으로 창시자의 기술에 대를 이어 전통의 맛을 그대로 담아낸 빵이다. 얇고 고소한 밀가루 외피에 은은하게 달콤한 국내산 팥앙금의 환상조화를 맛볼 수 있다. 이외에도 계피빵, 찰보리빵, 녹차빵 등 다양한 빵을 판매한다.","<a href=""https://www.gjbakery.com/main2021.html"" target=""_blank"" title=""새창 : 이상복명과 홈페이지로 이동"">https://www.gjbakery.com</a>",129.2581996072,35.8446019019,2599772,12,
1958147,단구서원,http://tong.visitkorea.or.kr/cms/resource/41/3405041_image2_1.jpg,,경상북도 경주시 강동면 단구서원길 8-3,,,,"단구서원은 문희공 이세기 선생을 주벽으로 하고, 문효공 이천 선생, 송와공 이종윤을 배향하는 서원이다. 원래 송와공을 제향 하는 모현서당이 철종 13년(1862)에 건립되었는데, 고종 5년(1868)에 훼철되어 1983년에 단구서원을 창건하였다. 이세기는 고려 충렬왕 때 명신으로 문장에 능하였으며, 밀직부사, 예문관대제학, 동지춘추관사, 검교정승 등을 역임하였다. 이천은 이세기의 장자이며, 고려 충렬왕 25년(1299)에 국자시 장원하였고, 충혜왕 4년(1343)에 첨의평리상의 동지공거를 겸하였다. 충목왕 즉위에 원나라 사신으로 다녀와서 판밀직사사 겸 서연관이 되고, 곧 정당문학에 올랐다. 충목왕 원년(1345)에 첨의참리, 문하시랑, 동평장사, 예문관대제학을 지낸 뒤 월성군에 봉해졌다. 이종윤은 이세기의 6세손이다. 세종 13년(1431) 경주 월남리에서 출생하였고,ㅡ 세조 13년(1467)에 문과급제하여 영창전참봉이 되었다. 내자시주부, 예조좌랑, 정랑으로 승진하였다. 성종 13년(1482)에 사간원헌납, 사헌부장령, 제용감 첨정, 봉상시 부정 등을 역임하고 시강원보덕이 되었다. 성종 20년 사헌부장령 집의를 지냈으며, 성종 21년(1490)에 제주목사로 교육을 장려하고 풍속을 순화하며 선정을 베풀었다. 과만에 제주민의 유임상소로 연임중 제주관아에서 연산 원년(1495)에 65세러 별세하였다.",,129.2462447122,36.0519115776,1958147,12,
129524,경주 망덕사지,http://tong.visitkorea.or.kr/cms/resource/74/3405874_image2_1.jpg,,경상북도 경주시 배반동 956,,,,"경주 낭산［狼山］의 기슭에 자리하고 있는 절터로 사천왕사와 마주하고 있다. 처음 지어진 때는 정확하지 않으나 신라 문무왕 또는 신문왕 때로 전한다. 현재 절터에는 동·서 목탑터와 그 북쪽으로 금당터와 강당터, 남쪽으로 중문터, 그리고 이를 둘러싼 회랑터가 남아 있어 통일신라시대 전형의 쌍탑 가람배치를 볼 수 있다. 이밖에 중문터 남쪽에 계단터가 잘 남아 있고 그 서쪽으로는 당간지주(보물)가 그대로 남아 있다. 이 절은 황룡사, 사천왕사, 황복사와 함께 경주의 중요한 사찰이었던 곳으로 그 의미가 크다.","<a href=""https://www.heritage.go.kr/heri/cul/culSelectDetail.do?pageNo=1_1_1_1&sngl=Y&ccbaCpno=1333700070000"" target=""_blank"" title=""새창 : 홈페이지로 이동"">https://www.khs.go.kr/main.html</a>",129.2437849888,35.8170297415,129524,12,
2707934,경주화백컨벤션센터,http://tong.visitkorea.or.kr/cms/resource/95/3405895_image2_1.jpg,,경상북도 경주시 보문로 507 (신평동),,,,"하이코 (HICO)는 한국 대표 관광단지인 경주 보문관광단지 내에 위치한 전시컨벤션센터로 HICO는 경주화백컨벤션센터(Hwabaek International Convention Center)의 영문명칭이며, 센터명칭은 신라시대 합좌제도인 ‘화백［和白］’에서 그 모티브를 가져왔다. 화백은 만장일치에 의한 의결을 원칙으로 하는 합의체회의기구이다. 한국 대표 관광단지인 보문관광단지 중심부에 위치하고 있어서 각종 행사와 숙박 및 관광을 한 장소에서 할 수 있는 큰 장점이 있다. 최첨단 회의 및 전시시설과 각종 편의시설은 다양한 행사를 성공적으로 개최할 수 있어서 주최자와 참가자를 위한 최상의 컨벤션 센터이다.","<a href=""https://www.hico.or.kr/hico/ko/main/main.do""target=""_blank"" title=""경주화백컨벤션센터"">https://www.hico.or.kr/hico</a>",129.2879693962,35.8384670465,2707934,14,
2904456,자연애곤드레,http://tong.visitkorea.or.kr/cms/resource/50/2904450_image2_1.jpg,,경상북도 경주시 보불로 147-6,,,,"자연애곤드레는 경상북도 경주시 하동에 있다. 한옥으로 지어진 덕분에 외관에서 고풍스러운 멋이 풍긴다. 깔끔한 분위기를 연출하는 인테리어도 눈에 띈다. 내부에는 단체석이 마련되어 있어 각종 모임을 하기 좋다. 대표 메뉴는 곤드레돌솥밥과 생선구이 등이 상에 오르는 명품상이다. 곤드레솥밥과 제육볶음이 나오는 일품상도 인기가 많다. 이 밖에 곤드레돌솥밥과 곤드레고등어조림을 맛볼 수 있는 진품상 등이 준비되어 있다. 동경주 IC에서 가깝고 주변에 석굴암, 불국사, 추억의 달동네가 있다.",,129.3130239292,35.7974582586,2904456,39,
250268,경주 골굴암 마애여래좌상,http://tong.visitkorea.or.kr/cms/resource/27/3412427_image2_1.jpg,,경상북도 경주시 양북면 기림로 101-5,,,,"골굴암의 높은 암벽에 있는 자연굴을 이용하여 만든 12개의 석굴 중 가장 윗부분에 있는 마애여래좌상이다. 조선시대 겸재 정선이 그린 ‘골굴석굴’에는 목조전실이 묘사되었으나 지금은 바위에 흔적만 남아있다. 민머리 위에는 상투 모양의 머리(육계)가 높이 솟아있고, 윤곽이 뚜렷한 얼굴은 가늘어진 눈, 작은 입, 좁고 긴 코 등의 표현에서 이전보다 형식화가 진전된 모습을 살펴볼 수 있다. 입체감이 두드러진 얼굴에 비해 평면적인 신체는 어깨가 거의 수평을 이루면서 넓게 표현되었는데, 목과 가슴 윗부분은 손상되었다. 옷주름은 규칙적인 평행선이 주류를 이루고 있으며, 겨드랑이 사이에는 팔과 몸의 굴곡을 표시한 V자형 무늬가 있다. 암벽에 그대로 새긴 광배는 연꽃무늬가 새겨진 머리광배와 불상 둘레의 율동적인 불꽃무늬를 통해 흔적을 살필 수 있다. 평면적인 신체와 얇게 빚은 듯한 계단식의 옷주름, 겨드랑이 사이의 U자형 옷주름 등이 867년에 조성된 봉화 축서사 석조비로자나불좌상 및 목조광배와 유사한 작품으로 통일신라 후기에 조성된 것으로 추정된다.","<a href=""https://www.gyeongju.go.kr/tour/page.do?cmd=2&mnu_uid=2516&chaNo=2287"" target=""_blank"" title=""새창 : 홈페이지로 이동"">https://www.gyeongju.go.kr</a>",129.4055767822,35.8030343852,250268,12,
231930,성덕대왕신종,http://tong.visitkorea.or.kr/cms/resource/00/3412500_image2_1.jpg,,경상북도 경주시 일정로 186 국립경주박물관,,,,"성덕대왕신종은 신라 제35대 왕인 경덕왕이 돌아가신 아버지 성덕대왕을 위하여 만들기 시작하여 그 아들인 혜공왕에 의해 771년에 완성되었다. 종의 꼭대기에는 용뉴와 음통이, 몸에는 위로부터 보상당초무늬를 새긴 문양띠, 그 아래는 4개의 유곽, 4구의 비천상, 2곳의 당좌, 맨 아래에는 보상당초와 연꽃 문양띠가 양각되어 있다. 전체적으로 우아한 형태와 화려한 장식,아름답고 여운이 긴 종소리 등 우리나라의 종 가운데에서 가장 뛰어난 걸작이다.","<a href=""https://gyeongju.museum.go.kr/kor/html/sub04/0402.html?mode=V&dvs_code=&mng_no=33&GotoPage=3"" target=""_blank"" title=""새창 : 국립경주박물관 홈페이지로 이동"">https://gyeongju.museum.go.kr/</a>",129.2283998415,35.8305223721,231930,12,
250266,경주 재매정,http://tong.visitkorea.or.kr/cms/resource/08/3412508_image2_1.jpg,,경상북도 경주시 교동 89-7,,,,"경주 재매정은 신라의 김유신 장군 집에 있던 우물이다. 화강암을 벽돌처럼 쌓아 올려 만들었는데, 이 일대가 장군의 집이 있었던 자리로 추정된다. 김유신 장군이 오랜 기간을 전쟁터에서 보내고 돌아오다가 다시 전쟁터로 떠날 때, 자신의 집 앞을 지나면서 가족들을 보지도 않고 우물물을 떠 오게 하여 말위에서 마시고는, “우리 집 물맛은 옛날 그대로구나”하고 떠났다는 이야기가 전해지고 있다. 1993년 발굴조사에서 재매정을 중심으로 사방 70m 지역을 발굴하였다. 우물의 깊이는 5.7m이며, 가장 넓은 부분은 1.8m이고, 바닥의 지름이 1.2m로 벽돌같이 다듬은 돌로 만들었다. 우물 옆에 비각이 있고 비각안에 조선 고종 9년(1872)에 이만운이 쓴 비석이 있다.","<a href=""https://www.gyeongju.go.kr/tour/page.do?cmd=2&mnu_uid=2517&chaNo=3307""target=""_blank"" title=""새창:  경주시 문화관광 홈페이지로 이동"">http://www.gyeongju.go.kr/tour</a>",129.2133289796,35.8291416875,250266,12,
128652,영지석불좌상,http://tong.visitkorea.or.kr/cms/resource/57/3412457_image2_1.jpg,,경상북도 경주시 외동읍 괘릉리 1297-7,,,,"영지석불좌상 경상북도 경주시 외동읍 괘능리에 있는 석불좌상이다. 대좌와 몸 뒷부분에 조각된 광배가 있는 불상으로 광배 일부와 머리 부분은 심하게 닳아서 형태를 알아보기 어렵다. 건장한 신체와 허리, 부피감 있는 무릎 표현 등에서 통일신라 양식을 잘 나타내고 있다. 오른손은 손끝이 땅을 향하게 하며, 왼손은 왼쪽 무릎 위에 놓고 손바닥이 밖을 향하게 하였다. 팔각형의 섬세하고 고운 연꽃대좌와 불신과 같이 하나의 돌에 새겨진 광배에는 번잡한 불꽃무늬 안에 작은 부처가 화려하게 새겨져 있어 당시의 모습을 잘 보여준다. 아사녀가 불국사 석가탑을 만든 아사달을 찾아와 기다리다 몸을 던져 죽은 후 아사달이 그녀를 위하여 만들었다는 이야기가 전해지지만 정확하게는 알 수 없다.","<a href=""https://www.gyeongju.go.kr/tour/page.do?cmd=2&mnu_uid=2522&chaNo=7679""target=""_blank"" title=""새창:  경주시 문화관광 홈페이지로 이동"">http://www.gyeongju.go.kr/tour</a>",129.3071281999,35.7631425722,128652,12,
1959192,직천서원,http://tong.visitkorea.or.kr/cms/resource/21/3412321_image2_1.jpg,,경상북도 경주시 안강읍 대동길 176-9,,,,"경주의 직천서원은 조선 후기의 학자 수암 정사진(1567∼1616)을 배향하는 서원이다. 정사진은 경북 영천 출신으로 본관은 영일, 자는 군섭이다. 여헌 장현광의 문하에서 수학하였으며, 임진왜란 때 의병을 일으켜 활약하였다. 1606년(선조 39) 왕자의 사부로 천거되고 1611년(광해군 3) 세마, 시직을 제수받았으나 모두 사양하고 학문에만 전념하였다. 직천서원은 1711년(숙종 37)에 영천의 직천에 건립하였다가 1868년(고종 5) 대원군의 서원철폐로 훼철된 것을 1979년 후손들이 경주시 안강읍 대동리에 중건하였다. 경내의 건물로는 사당인 숭학사를 비롯하여 강당인 양정당, 보인재, 수재문 등으로 구성되어 있다. 강당인 양정당은 마루와 좌우 협실로 이루어져 있는데, 문중의 행사와 지역 유림의 회합 장소로 이용된다.",,129.2169526442,35.9620406323,1959192,12,
126204,경주 석빙고,http://tong.visitkorea.or.kr/cms/resource/93/3412493_image2_1.jpg,,경상북도 경주시 인왕동 449-1,,,,"석빙고는 얼음을 넣어두던 창고로, 이 석빙고는 경주 반월성 안의 북쪽 성루 위에 남북으로 길게 자리하고 있다. 남쪽에 마련된 출입구를 들어가면 계단을 통하여 밑으로 내려가게 되어 있다. 안으로 들어갈수록 바닥은 경사를 지어 물이 흘러 배수가 될 수 있게 만들었다. 지붕은 반원형이며 3곳에 환기통을 마련하여 바깥공기와 통하게 하였다. 석비와 입구 이맛돌에 의하면, 조선 영조 14년(1738) 당시 조명겸이 나무로 된 빙고를 돌로 축조하였다는 것과, 4년 뒤에 서쪽에서 지금의 위치로 옮겼다는 내용이 상세히 기록되어 있어 이때의 것으로 추정된다. 또한 규모나 기법면에서 뛰어난 걸작으로 평가되고 있다.","<a href=""https://www.gyeongju.go.kr/tour/page.do?cmd=2&mnu_uid=2516&chaNo=2120""target=""_blank"" title=""새창:  경주문화관광"">http://www.gyeongju.go.kr/tour</a>",129.2239418227,35.8332025414,126204,12,
1621734,경주 법흥왕릉,http://tong.visitkorea.or.kr/cms/resource/41/3412541_image2_1.jpg,,경상북도 경주시 효현동 산63,,,,"신라 23대 왕인 법흥왕(재위 514∼540)의 무덤이다. 법흥왕은 신라를 중앙집권적 고대국가 체제로 완성시킨 왕이다. 왕권강화를 위해 상대등과 병부를 설치하였고, 520년 율령을 반포하였다. 532년 금관가야와 합병하여 낙동강유역에 처음 진출하였다. 신라 처음으로 건원［建元］이라는 독자적인 연호를 사용하였으며, 중국 양［梁］나라에 사신을 파견하였다. 527년 이차돈이 순교하면서 불교를 국가종교로 수용하고 고대국가의 이념적 기초를 마련하였다. 높이 2m, 지름 14m로 삼국시대 신라 왕의 무덤으로는 작은 편이다. 무덤 아래에는 둘레돌을 받쳤던 자연석이 있다. 법흥왕 이전의 왕 무덤은 평지인 경주 무덤들에 밀집되어 있어 소재파악이 어려우나, 그 이후의 왕 무덤은 구릉이나 교외에 2∼3기씩 따로 자리하고 있으며 소재지에 대한 기록이 남아있다. 이러한 변화는 왕 무덤의 형태 변화와도 연관되는 듯한데 그 변화의 시작을 법흥왕릉에서 찾아볼 수 있어 중요한 곳이다.","<a href=""https://www.gyeongju.go.kr/tour/page.do?cmd=2&mnu_uid=2517&chaNo=3284"" target=""_blank"" title=""새창 : 경주시 문화관광 홈페이지로 이동"">https://www.gyeongju.go.kr/tour</a>",129.1650055794,35.8241218989,1621734,12,
2766532,기와메밀막국수,http://tong.visitkorea.or.kr/cms/resource/06/2766906_image2_1.jpg,,경상북도 경주시 분황로 91 (구황동),,,,"기와메밀막국수는 경북 경주시 구황동에 있다. 황리단길 근처의 대표 막국수 전문점이다. 대표 메뉴는 한우 사골과 10여 가지 재료로 우린 육수를 사용한 물막국수와 10여 가지 재료와 과일을 넣은 소스가 특징인 비빔막국수다. 이 밖에 곰국시, 수육을 판다. 수육은 부드럽고 물막국수는 시원한 국물이 일품으로 알려져 있다. 매장이 청결하고 단체방문에도 용이하게 좌석이 있다. 주변에 황룡사지석탑이 있어 연계관광에 용이하다.",,129.2322186648,35.8405796424,2766532,39,
3427320,숭문대,http://tong.visitkorea.or.kr/cms/resource/27/3427327_image2_1.JPG,,경상북도 경주시 놋전2길 24-43 (황남동),,,,"숭문대는 학문을 숭상한다는 의미로, 신라시대 왕실도서를 보관 및 관리하고 동궁에 대한 교육을 담당하던 관청이다. 경주시와 문화재청은 찬란했던 신라 천년의 역사를 널리 알리고 계승하고자 월성발굴조사 운영시설의 이름을 숭문대로 명명했다고 설명했다. 신라왕궁 발굴 과정에서 출토된 유물의 전시와 연구성과를 공개할 수 있는 신라왕궁 출토유물 전시관으로서 역할을 기대하고 있다.",,129.2126151246,35.8301526719,3427320,12,
128692,경주 배동 석조여래삼존입상,http://tong.visitkorea.or.kr/cms/resource/62/3405862_image2_1.jpg,,경상북도 경주시 배동 산 65-1,,,,"경주 남산 기슭에 흩어져 있던 것을 1923년 지금의 자리에 모아 세웠다. 이 석불들은 기본양식이 똑같아 처음부터 삼존불［三尊佛］로 모셔졌던 것으로 보인다. 중앙의 본존불은 머리에 상투 모양의 머리(육계)가 있는데, 특이하게도 이중으로 되어 있으며, 표면이 매끄럽게 표현되었다. 어린아이 표정의 네모난 얼굴은 풍만하며, 둥근 눈썹, 아래로 뜬 눈, 다문 입, 깊이 파인 보조개, 살찐 뺨 등을 통하여 온화하고 자비로운 불성［佛性］을 표현하고 있다. 목이 표현되지 않은 원통형의 체구에 손을 큼직하게 조각하였는데, 왼손은 내리고 오른손은 올리고 있다. 묵직해 보이는 옷은 불상을 전체적으로 강직해 보이게 하지만, 어린아이 같은 표정과 체구 등으로 오히려 따뜻한 생명을 실감 나게 표현하고 있다. 왼쪽의 보살은 머리에 보관을 쓰고 만면에 미소를 띠고 있으며, 가는 허리를 뒤틀고 있어 입체감이 나타난다. 오른손은 가슴에 대고 왼손은 내려 보병［寶甁］을 잡고 있는데, 보관에 새겨진 작은 부처와 더불어 이 보살이 관음보살임을 알 수 있게 해 준다. 오른쪽의 보살 역시 잔잔한 내면의 미소를 묘사하고 있는데, 무겁게 처리된 신체는 굵은 목걸이와 구슬장식으로 발목까지 치장하였다. 조각솜씨가 뛰어난 다정한 얼굴과 몸 등에서 인간적인 정감이 넘치면서도 함부로 범할 수 없는 종교적 신비가 풍기고 있는 작품으로 7세기 신라 불상조각의 대표작으로 평가된다.","<a href=""https://www.gyeongju.go.kr/tour/page.do?cmd=2&mnu_uid=2516&chaNo=2117""target=""_blank"" title=""새창:  경주문화관광"">http://www.gyeongju.go.kr/tour</a>",129.211257714,35.8018586165,128692,12,
250271,경주 율동 마애여래삼존입상,http://tong.visitkorea.or.kr/cms/resource/15/3405815_image2_1.jpg,,경상북도 경주시 두대안길 69 (율동),,,,"경주 벽도산의 서쪽을 향한 바위에 삼존불［三尊佛］을 조각한 마애불［磨崖佛］이다. 이 불상은 가까운 곳에 있는 경주 굴불사지 석조사면불상(보물)의 양식을 그대로 계승하고 있는 통일신라시대의 대표적인 작품으로 서방 극락세계를 다스린다는 아미타불을 가운데에 새기고, 양쪽에 관음보살과 대세지보살을 새겼다. 아미타불의 머리는 아주 큼직하며, 정수리 부근에는 상투 모양의 머리(육계)가 낮게 있어 모자를 쓴 듯한데, 이는 굴불사지의 석조사면불상과 같은 양식이다. 얼굴은 볼에 살이 올라서 매우 풍만하게 보이며 미소가 남아 있다. 어깨는 넓고 반듯하며 양 어깨를 감싸고 있는 옷은 얇게 표현되어 몸의 굴곡을 잘 드러낸다. 오른손은 내리고 있고 왼손은 가슴에 들어 엄지와 가운데 손가락을 맞대고 있어서, 이 불상이 아미타불을 형상화한 것임을 알 수 있다. 발은 앞으로 내민 것이 아니라 독특하게 옆으로 반듯하게 벌리고 있다. 왼쪽의 보살은 풍만한 본존상에 비해 날씬한 여성미를 강조하고 있다. 몸의 굴곡이 여실히 드러나 있으며, 발은 역시 옆으로 벌리고 있다. 오른손은 어깨 위에까지 들어 엄지와 가운데 손가락을 맞대고 왼손에는 보병［寶甁］을 들고 있다. 이러한 손모양을 통해 아미타불의 협시보살인 관음보살임을 알 수 있다. 오른쪽의 보살상 또한 비슷한 모습을 하고 있는데 또 다른 협시보살인 대세지보살이다. 이 불상들의 머리 뒤에는 모두 둥근 선으로 머리광배가 표현되어 있다. 이 불상은 경주 굴불사지석조사면불상과 기본적으로는 같지만, 풍만성이나 발의 모양, 옷주름의 모양 등으로 보아 제작 시기가 조금은 다르다는 것을 알 수 있다.","<a href=""https://www.gyeongju.go.kr/tour/page.do?cmd=2&mnu_uid=2516&chaNo=2134""target=""_blank"" title=""새창: 경주문화관광"">http://www.gyeongju.go.kr/tour</a>",129.1729554155,35.8053602776,250271,12,
1954014,벨루스로즈펜션,http://tong.visitkorea.or.kr/cms/resource/65/3555765_image2_1.jpg,,경상북도 경주시 북군길 107-19 (북군동),,,,"벨루스로즈펜션은 경주 보문단지 내 위치하여 경주의 주요 관광지인 경주 보문단지, 경주 동궁원, 경주월드, 보문호, 경주타워, 키덜트뮤지엄 등과 접근이 용이하다. 반려견 동반도 가능하며, 펜션 뒤쪽으로 야외수영장도 마련되어 있다. 또한 야외에서 바비큐도 즐길 수 있다. 이곳은 비대면으로 체크인을 진행하고 있다.","<a href=""https://site.onda.me/%EA%B2%BD%EC%A3%BC-%EB%B2%A8%EB%A3%A8%EC%8A%A4%EB%A1%9C%EC%A6%88%ED%8E%9C%EC%85%98-138942"" target=""_blank"" title=""새창 : 경주 벨루스로즈펜션 홈페이지로 이동"">https://site.onda.me/138942</a>",129.2602462373,35.8590558642,1954014,32,
143008,베니키아 스위스로젠 호텔,http://tong.visitkorea.or.kr/cms/resource/28/3555728_image2_1.jpg,,경상북도 경주시 보문로 465-37 (신평동),,,,"베니키아 스위스로젠 호텔은 보문호수를 중심으로 각종 테마파크와 워터파크가 모여 있는 경주 관광의 중심 보문단지 내에 위치해 있으며, 화백컨벤션센터(HICO)에서 가장 인접한 호텔 중 하나이다. 고객들의 여유로운 아침을 위하여 레스토랑에서는 세미뷔페 조식과 커피 및 스낵, 점심 및 저녁에는 간단한 식사와 주류 및 안주류를 이용할 수 있다. 시즌 업장으로는 야외수영장과 비어테라스가 마련되어 있어 한여름 무더위를 시원하게 보낼 수 있다. 단체고객들을 위해 크기 별로 세미나실이 마련되어 있고, 가족모임, 기업체 세미나, 각종 단체모임 등에 적합한 시설을 고루 갖추고 있다. 베니키아 스위스로젠 호텔 전 직원은 고객들의 편안하고 즐거운 여행을 위하여 최선의 서비스를 제공하고 있다.","<a href=""https://www.swissrosen.co.kr/"" target=""_blank"" title=""새창 : 베니키아 스위스로젠 호텔 홈페이지로 이동"">https://www.swissrosen.co.kr</a>",129.2925689326,35.8405891164,143008,32,
126218,경주 문무대왕릉,http://tong.visitkorea.or.kr/cms/resource/08/3534308_image2_1.jpg,,경상북도 경주시 문무대왕면 봉길리 30-1,,,,"신라 제30대 문무왕(재위 661~681)의 수중 왕릉으로 신라인들의 창의적인 생각을 엿볼 수 있는 곳이다. 동해 봉길리 앞바다에서 200m 떨어진 곳에 있으며, 해수면 위로 동서 35m, 남북 36m, 높이 5.3m 정도 노출되어 있다. 문무왕은 아버지인 태종 무열왕의 업적을 이어받아 고구려를 멸망시키고, 당의 침략을 막아 삼국통일을 이루었다. 또한 병부, 창부 등 중앙관청을 창설하였고, 지방통치를 위한 5 소경제도와 9 서당 10 정의 군사제도의 기틀을 마련하는 등 국가 체제 완성의 기초를 제공하였다. 삼국통일을 이룬 문무왕이 자신이 용이 되어 침입해 들어오는 왜구를 막겠다며, 자신의 시신을 불교식으로 화장하고 유골을 동해에 묻어 달라고 한 유언을 따라서 장사한 것이다.
이 바위를 대왕암 또는 대왕바위라 하며, 바닷속 왕릉은 세계적으로 유례가 없다. 대왕암은 자연 바위를 이용하여 만든 것으로 바위섬에 동서와 남북으로 십자 모양의 인공수로를 만든 다음, 가운데 작은 못처럼 파서 항을 이루고 있다. 이곳에 3.7m, 폭 2.06m, 두께 0.9m의 넓적한 거북모양의 돌을 물속 2m 깊이에 놓아 그 밑에 유골을 모신 것으로 추측되고 있다. 그의 아들 신문왕은 동해 근처에 감은사를 세워 법당아래 동해를 향한 배수로를 만들어 용이 된 문무왕이 왕래할 수 있도록 설계하였다.","<a href=""https://www.gyeongju.go.kr/tour/page.do?cmd=2&mnu_uid=2517&chaNo=3274"" target=""_blank"" title=""새창 : 경주 문화관광 홈페이지로 이동"">https://www.gyeongju.go.kr/tour/</a>",129.4868298719,35.7381432427,126218,12,
3532605,조각집,,,경상북도 경주시 북성로 80-12 (동부동),,,,"경주 시내 중심에 위치한 2인 전용 독채 한옥 숙소는 도심 속 여유를 담은 감성 공간입니다.
600년 은행나무와 옛 경주박물관 인근에 있어 고즈넉한 풍경과 산책을 즐길 수 있습니다.
별채에는 반신 욕조와 천연입욕제가 마련되어 있으며, 로컬브랜드 조식도 제공합니다.
퀸사이즈침대, 다이슨드라이기, 스마트빔 등 프리미엄 어메니티가 준비되어 있습니다.",http://link.inpock.co.kr/jogakjip,129.2106453758,35.8469035209,3532605,32,
129166,송대말 등대,http://tong.visitkorea.or.kr/cms/resource/04/3544104_image2_1.jpg,,경상북도 경주시 감포읍 척사길 18-94,,,,"경상북도 경주시 감포항 북쪽에 있는 송대말 등대는 육지 끝에서부터 암초들이 길게 뻗어 있어 작은 선박들의 사고가 빈번한 감포 앞바다의 해상 안전을 위해 처음에는 무인 등대로 건립되었으며, 이후 유인등대로 승격되어 운영하였고, 현재는 그 기능을 다 하여 사용되지 않고 있다. 대신 그 옆에 경주시 감포읍의 상징인 감은사지 석탑 모형을 본떠 새롭게 만든 5층 등대 건물을 지어 1, 2층은 빛 체험 전시관으로 관광객들에게 색다른 볼거리를 제공하고 3, 4, 5층은 기존 등대의 역할을 대신해 감포 앞바다를 비추고 있다. 전시관 1층에는 감포항과 송대말 등대의 역사에 대해 내용이 자세히 기록되어 있다. 송대말이란 소나무가 펼쳐진 끝자락이라는 뜻으로 수령 300년~400년 정도 된 아름드리 해송림이 등대 주변을 포근하게 감싸고 있으며 등대 앞에는 관람객을 위한 나무 데크길이 설치되어 있어 산책하며 주변 경관을 둘러보기 좋으며 무엇보다 문무대왕릉, 양남주상절리와 함께 경주 동해안의 일출 명소로 손꼽히는 장소이다.","<a href=""https://www.gyeongju.go.kr/tour/page.do?cmd=2&mnu_uid=2294&area_uid=165"" target=""_blank"" title=""새창 : 홈페이지로 이동"">https://www.gyeongju.go.kr/tour/index.do</a>",129.5115784813,35.8080469501,129166,12,
134159,이풍녀 구로쌈밥,http://tong.visitkorea.or.kr/cms/resource/85/3551085_image2_1.jpg,,경상북도 경주시 첨성로 155 (황남동),,,,"경주 대릉원 인근에 있는 이풍녀 구로쌈밥은 상다리가 부러질 정도로 푸짐한 반찬을 내어주는 한정식집으로 알려져 있다. 전라도 한정식을 연상케 하는 상차림이 이곳의 인기비결이다. 메뉴는 쌈밥 단일메뉴이다. 사이드로 떡갈비가 준비되어 있다. 전라도의 젓갈류, 경상도의 장아찌와 배추겉절이 등 특색 있는 지역의 메뉴들이 다양하게 반찬으로 차려진다. 여러 가지 쌈야채는 제철 채소들을 사용하기 때문에 계절마다 종류가 달라진다.",,129.2178145021,35.8359993321,134159,39,
969271,라선재,http://tong.visitkorea.or.kr/cms/resource/89/3033989_image2_1.jpg,,경상북도 경주시 현곡면 용담로 443-51,,,,"라선재는 제1대 신라 전통음식 명인 차은정 대표와 2대 김정훈 셰프가 함께 전통 음식의 대중화와 한식 세계화를 목표로 설립한 유니크 베뉴이다. 이곳에서는 화랑과 신라 음식을 주제로 한 ‘풍월주 50찬’, 신라 왕들의 역사 이야기를 들으며 음식을 맛보는 ‘신라 12왕 체험프로그램’, 외국인이 직접 한식을 만들고 맛보며 문화를 체험하는 ‘K-Food 쿠킹 클래스’, 한식 디저트를 직접 만드는 ‘풍월주 쿠킹 클래스’ 등 다채로운 프로그램을 운영한다. 방문 전 반드시 사전 예약이 필요하다.","<a href=""https://www.poongwalju50.com/home"" target=""_blank"" title=""새창: 경주 라선재 홈페이지로 이동"">https://www.poongwalju50.com/home</a>",129.1796554673,35.880535249,969271,14,
2456795,주렁주렁 경주점,http://tong.visitkorea.or.kr/cms/resource/12/3549712_image2_1.jpg,,경상북도 경주시 엑스포로 80 (천군동),,,,주렁주렁은 동물원을 뜻하는 ZOO와 삭막한 도심의 한가운데 산소를 공급하는 녹지대를 뜻하는 Green Lung의 합성어이다. 주렁주렁은 도심 속에서 살아 숨 쉬는 생명들을 만날 수 있는 대한민국 최초의 애니멀 테마파크이다. 단순히 동물을 관찰하는 동물원을 넘어 울타리 없는 가까운 교감을 통해 생명의 소중함을 느껴보는 장소로 도심의 한가운데서 현대인들에게 휴식과 힐링이 되는 애니멀 테마파크를 추구한다.,"<a href=""https://www.zoolungzoolung.com/home"" target=""_blank"" title=""새창 : 주렁주렁 홈페이지로 이동"">https://www.zoolungzoolung.com</a>",129.2898971157,35.8346008526,2456795,12,
2706608,경주오릉한옥,http://tong.visitkorea.or.kr/cms/resource/79/3549979_image2_1.jpg,,경상북도 경주시 국당2길 12-17 (사정동),,,,"푸른 남산과 유적지인 오릉을 뷰로 탁 트인 전망을 자랑하는 경주오릉한옥 숙소이다. 객실은 한지벽지와 마루를 이용하여 한옥스러움을 자랑한다.1층과 별채는 공동마루가 있고, 2층은 단독마루가 있어 한옥을 즐기기에 더할 나위 없다. 
경주IC, 경주시외버스터미널 등과 자차 5분 거리로 이동이 용이하다. 또한, 대릉원, 첨성대, 교촌마을 등 주요 관광지와 황리단길 자차 5분 이내로 이동할 수 있는 편안한 위치에 있다.","<a href=""https://www.instagram.com/orung2"" target=""_blank"" title=""새창 : 경주오릉한옥 인스타그램으로 이동"">https://www.instagram.com/orung2</a>",129.2074990288,35.8258280631,2706608,32,
2736679,진수성찬,http://tong.visitkorea.or.kr/cms/resource/12/2736812_image2_1.jpg,,경상북도 경주시 교촌길 39-9 (교동),,,,"진수성찬은 교촌한옥마을 안에 있다. 대표 메뉴는 암꽃게 간장게장 정식이다. 이 밖에 진수성찬 정식, 파 불고기 정식, 육회비빔밥 등을 맛볼 수 있다. 개별 룸과 야외 테이블에서도 식사가 가능하다. 반려동물과 함께 입장할 수 있으며 이 경우 목줄 착용은 필수다. 아울러 배설물 처리를 위한 비닐봉지 등도 함께 챙겨야 한다. 음식점 주변에는 첨성대, 경주 교촌한옥마을, 국립경주박물관 등 경주의 유명 관광지가 많다.",,129.2153426629,35.8301527234,2736679,39,
2736715,궁림바지락칼국수,http://tong.visitkorea.or.kr/cms/resource/34/2736934_image2_1.jpg,,경상북도 경주시 새골길 193 (하동),,,,"궁림바지락칼국수는 불국사역으로부터 4㎞가량 떨어져 있다. 대표 메뉴는 바지락 칼국수다. 전북 고창에서 공수해 온 싱싱한 바지락과 부추를 다져 넣어 숙성시킨 칼국수면이 어우러져 시원하고 감칠맛 가득한 요리가 된다. 이 외에도 보쌈, 모두부, 해물 파전 등을 맛볼 수 있다. 대개 바지락칼국수에 보쌈을 곁들여 먹는다. 모든 메뉴는 포장해 갈 수 있다. 음식점 내부에는 단체석이 있으며 예약도 가능하다. 주변에는 세계문화유산 석굴암을 비롯해 불국사, 첨성대 등 경주의 유명 관광지가 있다.",,129.3124711755,35.7982942645,2736715,39,
2736719,돌고래횟집,http://tong.visitkorea.or.kr/cms/resource/90/2736990_image2_1.jpg,,경상북도 경주시 감포읍 동해안로 1888-10,,,,"바다 위의 돌고래횟집은 나정항과 가까운 곳에 있다. 음식점 내부에서 감포 앞바다를 바라볼 수 있다. 대표 메뉴는 명품감포물회다. 이 밖에 매운탕, 생선회, 회덮밥 등을 맛볼 수 있다. 일부 메뉴는 포장이 가능하다. 다양한 물회들이 유명하고 회덮밥에는 활어와 날치알, 채소 등이 푸짐하게 들어가 있어 전복죽과 함께 인기인 메뉴이기도 하다. 오션뷰를 감상하며 음식을 즐길 수 있다. 음식점과 가까운 거리에 나정 고운 모래해변이 있어 연계 관광이 손쉽다.",,129.4950197321,35.7762085552,2736719,39,
2792354,산내자연캠프,http://tong.visitkorea.or.kr/cms/resource/42/2792642_image2_1.jpg,,경상북도 경주시 산내면 대현동골길 80-19,,,,"산내 자연캠프는 경북 경주시 산내면 대현리에 자리 잡고 있다. 캠핑장은 사방이 숲으로 둘러싸여 있으며 계곡을 끼고 있어 더없이 자연 친화적이다. 글램핑 10개 동이 갖추어져 있으며 객실 내부에는 침대, 화장실, 샤워실, 개수대, 취사도구 등 일상생활이 가능할 정도의 시설이 들어차 있다. 파쇄석으로 이루어진 오토캠핑 사이트도 4면이다. 부대시설로는 한여름 무더위를 날리기 그만인 수영장을 비롯해 트램펄린, 매점, 바비큐장 등이 있다. 캠핑장 주변에 경주국립공원이 있으며 자동차로 30여 분 거리에는 첨성대 등 경주의 유명 관광지가 즐비하다.","<a href=""http://xn--220b361ai2dsxbl7pq2j.kr/"" target=""_blank"" title=""새창 : 산내자연캠프 홈페이지로 이동"">http://산내자연캠프.kr/</a>",129.0581464317,35.692743049,2792354,28,
2838855,고향밀면 본점,http://tong.visitkorea.or.kr/cms/resource/52/2838852_image2_1.jpg,,경상북도 경주시 태종로791번길 7,,,,"고향밀면 본점은 경상북도 경주시 황오동에 위치해 있으며 밀면이 맛있는 경주 대표 음식점이다. 여러 생활 정보 방송에도 출연한 바 있다. 대표 메뉴는 물밀면으로 한우 뼈와 한약재 등을 넣고 3일 이상 끓여 만든 육수와 쫄깃하고 탱탱한 면발이 훌륭하다. 이 밖에 비빔밀면, 유부온밀면, 찐만두 등도 맛볼 수 있어 사계절 내내 방문하기에도 좋다. 내부는 깔금하고 단체석이 마련되어 있어 각종 모임을 하기 좋다.",,129.2144701915,35.8415903043,2838855,39,
2838967,내남식육식당,http://tong.visitkorea.or.kr/cms/resource/91/2846191_image2_1.jpg,,경상북도 경주시 내남면 용산강변길 41-5,,,,"내남식육식당은 경상북도 경주시 내남면 이조리에 있다. 현지인들이 추천하는 고깃집으로 돼지고기를 전문적으로 내놓는다. 대표 메뉴는 삼겹살과 목살이다. 주문 시 얇게, 보통, 두껍게 등 두께 조절을 할 수 있으며 기본 3인분부터 주문해야 한다. 이 밖에 된장찌개 등도 맛볼 수 있다. 내부에는 단체석이 마련되어 있어 각종 모임을 하기 좋다. 내남 IC에서 가깝고 인근에 경주국립공원남산지구가 있다.",,129.205309658,35.7517336037,2838967,39,
2839097,밀면식당 본점,http://tong.visitkorea.or.kr/cms/resource/87/2839087_image2_1.jpg,,경상북도 경주시 태종로791번길 9,,,,"밀면식당 본점은 1972년부터 시작하여 50년 이상 밀면을 전문으로 영업해 온 경주의 첫 번째 밀면 전문점이다. TV 프로그램을 통해 밀면 맛집으로 여러 번 소개되었고 특히 생활의 달인으로 출연하기도 했다. 이곳에서는 쫄깃하게 삶아낸 면 위에 새콤하게 무친 무와 매콤한 양념장, 수육, 삶은 계란을 얹어 내어 주는 비빔밀면과 깔끔한 육수에 말아주는 물밀면이 인기가 많다. 모든 재료는 국산만을 고집하고 있으며 육수 역시 한우 사골만을 이용한다.","<a href=""https://www.instagram.com/__milsik/""target=""_blank"" title=""새창 : 밀면식당 본점 인스타그램으로 이동"">https://www.instagram.com/__milsik/</a>",129.2144618544,35.841745842,2839097,39,
2840414,퇴근길숯불갈비,http://tong.visitkorea.or.kr/cms/resource/09/2840409_image2_1.jpg,,경상북도 경주시 금성로 190,,,,"퇴근길숯불갈비는 경상북도 경주시 사정동에 있는 소고기 맛집이다. 한우를 전문적으로 취급하는 곳으로 30년 넘게 한 곳에서 영업 중이며 TV 프로그램 <식객 허영만의 백반기행>에 소개되었다. 대표 메뉴는 갈비이고 소금구이, 불고기, 안창살 등이 있다. 밑반찬으로 무생채, 파무침, 쌈 채소, 나물이 나오고 된장찌개도 맛있다. 고기가 신선하지만 준비한 재료가 일찍 소진될 수 있다. 단체석이 있어 가족 모임이나 회식 장소로도 추천할 만하다.",,129.2074654557,35.8343659875,2840414,39,
2876431,동궁 반점,http://tong.visitkorea.or.kr/cms/resource/21/2876421_image2_1.jpg,,경상북도 경주시 북군길 27,,,,"동궁은 경상북도 경주시 북군동에 있다. KBS 2TV 시사 교양 프로그램 <생생정보>, MBC 시사 교양 프로그램 <생방송 오늘 저녁>에 소개된 바 있다. 고풍스러운 한옥의 멋을 풍기는 외관과 깔끔한 분위기를 연출하는 인테리어가 눈에 띈다. 내부에는 단체석이 마련되어 있어 각종 모임을 하기 좋다. 대표 메뉴는 순두부짬뽕이다. 이 밖에 매운고추짜장면, 복분자찹쌀탕수육, 유니짜장면, 삼선볶음밥 등 여러 가지 중화요리가 준비되어 있다. 경주 IC에서 가깝고 주변에 보문관광단지, 경주동궁원, 경주월드가 있어 연계 여행에 나서기 수월하다.",,129.2636266756,35.8528066337,2876431,39,
2876611,수라밀면,http://tong.visitkorea.or.kr/cms/resource/84/2876584_image2_1.jpg,,경상북도 경주시 양정로 286,,,,"수라밀면은 경상북도 경주시 동천동에 있는 짬뽕 전문 음식점이다. 깔끔한 외관과 고풍스러운 분위기를 연출하는 인테리어가 눈에 띈다. 전복, 홍합, 동죽, 키조개, 새우 등 다양한 해물을 푸짐하게 넣고 채소도 많이 들어가 시원하면서도 깊은 맛을 내며 고슬고슬한 밥과 먹으면 풍미가 더 살아나는 짬뽕을 제공한다. 1인 1메뉴 주문이 원칙이다. 경주 IC에서 가깝고 주변에 보문관광단지, 경주동궁원, 경주월드가 있어 연계 여행에 나서기 좋다.",,129.2244549518,35.8582719427,2876611,39,
2900556,마시조은집,http://tong.visitkorea.or.kr/cms/resource/43/2900543_image2_1.jpg,,경상북도 경주시 태종로727번길 3 (노서동),,,,"마시조은집은 경상북도 경주시 노동동에 있다. 한옥으로 지어진 덕분에 고풍스러운 느낌의 외관과 예스러운 분위기를 연출하는 인테리어가 눈에 띈다. 내부에는 단체석이 있어 각종 모임에 적당하다. 대표 메뉴는 돌솥 밥이다. 이 밖에 메밀전병, 돼지갈비, 삼겹살, 고기+돌솥 밥도 많이 찾는다. 특제 빡빡장은 밥을 비벼 먹거나 쌈장으로 사용한다. 경주 IC에서 가깝고 주변에 첨성대, 국립경주박물관, 경주교촌한옥마을 등 경주의 유명 관광지가 많아 함께 둘러보기 좋다.",,129.2077541764,35.8393959809,2900556,39,
2902868,진미식당,http://tong.visitkorea.or.kr/cms/resource/59/2902859_image2_1.jpg,,경상북도 경주시 포석로 985,,,,"진미식당은 경상북도 경주시 사정동에 있다. MBC every1 예능 프로그램 <맛있을 지도>에 소개된 바 있다. 한옥으로 지어진 덕분에 외관에서 고풍스러운 멋이 풍긴다. 깔끔한 분위기를 연출하는 인테리어도 눈에 띈다. 내부에는 단체석이 마련되어 있어 각종 모임을 하기 좋다. 대표 메뉴는 불고기쌈밥정식이다. 이 밖에 떡갈비쌈밥, 해물파전, 전병 등을 판다. 경주 IC에서 가깝고 주변에 첨성대를 비롯해 국립경주박물관, 경주 교촌한옥마을 등 경주의 유명 관광지가 많다.",,129.2095876446,35.8289971897,2902868,39,
3532948,하녹명당,,,경상북도 경주시 포석로1092번길 28 (황남동),,,,"황리단길 한옥독채펜션 <하녹명당>은 경주 황리단길 내에 위치하고 있으며 연인과 가족을 위한 특별하고 프라이빗 한 휴식공간이 될 것입니다.
하녹명당은 독채로 운영되고 있으며 한옥의 고즈넉한 분위기를 느낄 수 있는 야외 휴식공간을 갖추고 있습니다. 실내에는 간단한 취사가 가능한 가스렌지, 전자렌지, 전기포트, 냉장고을 비치하고 있습니다. 한옥에서 누리는 힐링의 시간. 설레고 행복한 경주 여행, 황리단길 여행을 하녹명당에서 완성해보시기 바랍니다.",https://www.instagram.com/hanokmyeongdang,129.2118316746,35.8366297034,3532948,32,
3532956,경주황리단길숙소 한옥스테이 목화,,,경상북도 경주시 포석로1068번길 15-11 (황남동),,,,"전통의 고도 경주, 그 중심 황리단길에서 만나는 조용하고 운치 있는 한옥스테이 목화는
고즈넉한 한옥의 아름다움과 현대적인 편안함을 함께 담은 프라이빗 스테이입니다. 한옥스테이 목화는 전통 한옥 고유의 미를 살리면서도, 에어컨, Wi-Fi, 평면 TV, 전용 욕실 등 현대적인 시설을 완비해 불편함 없이 편안한 숙박이 가능합니다. 소박하면서도 정갈한 한옥 특유의 분위기 속에서
혼자만의 여행, 연인과의 로맨틱한 시간, 친구 또는 가족과의 특별한 추억을 차분하게 그려볼 수 있는 곳입니다.",https://map.naver.com/p/entry/place/1170037223,129.2111956188,35.8366713533,3532956,32,
3532970,한옥스테이 유유자적,,,경상북도 경주시 국당안길 3 (사정동),,,,"경주의 고즈넉한 정취를 담은 ‘한옥스테이 유유자적’은 깔끔하고 아늑한 공간으로, 머무는 이의 마음까지 정돈되는 시간을 선물합니다.
황리단길, 첨성대, 월정교 등 주요 명소와 가까워 경주 여행의 거점으로 제격이며, 보문관광단지와 경주월드까지도 차량으로 금방 닿을 수 있습니다.
한옥의 멋스러움을 현대적인 감각으로 풀어낸 이곳에서, 이름 그대로 느긋하고 평온한 하루를 보낼 수 있는 숙소입니다.",https://www.instagram.com/uu_zazeok,129.2069490509,35.8267501707,3532970,32,
3533116,덕만재,,,경상북도 경주시 하강선길 43-16 (보문동),,,,"덕만재는 신축 한옥 독채 펜션으로 하루 한 팀만 이용하는 프라이빗한 숙소입니다.
선덕여왕릉 아래 고즈넉한 곳에 위치해 조용하고 평온한 분위기를 자랑합니다.
넓은 잔디마당과 길고양이들이 함께 어우러져 아늑함을 더합니다.
동굴과 월지, 황리단길, 불국사 등 경주 주요 관광지와 차량 15분 거리입니다.",,129.2439653891,35.8219403015,3533116,32,
3533117,고대안풀빌라펜션,,,경상북도 경주시 감포읍 가래실길 135,,,,"고대안 풀빌라펜션은 감포에서 가장 높은 마을 고대안에 위치한 세 곳의 항구가 한눈에 보이는 오션뷰 풀빌라 펜션입니다. 푸른 산과 드넓은 바다가 어우러진 자연 속에서 상쾌한 힐링을 즐길 수 있습니다. 김포항, 전촌항, 나정항이 보이는 등산로와 감포 골프존CC의 야경이 매력적입니다.
인근 시장 및 활어회센터에서 신선한 해산물과 감포 특산물을 즐길 수 있습니다.",http://godaeanpoolvilla.co.kr,129.4904247093,35.8103240674,3533117,32,
3533167,황남채,,,경상북도 경주시 손효자길 7-8 (황남동),,,,"천년의 고도 경주에 위치하고 있는 황리단길 프리미엄 한옥스테이 황남채 입니다.
30년의 세월이 지난 한옥을 전통구조의 현대식 재단장을 통해 과거와 현재를 이어주는 훌륭한 가교역할을 하고 있습니다.
현대인이 사용하기에는 편한 현대적인 요소를 접목한 새로운 개념의 스테이 입니다. 전통의 가치와 현대의 편리함이 공존하는 공간 속에서 여유를 느껴 보세요.",,129.2103206843,35.8370518494,3533167,32,
3533168,모모제인,,,경상북도 경주시 동성로 129-7 (황오동),,,,"모모제인 게스트하우스는 경주에 위치한 호텔로, 각각은 편안한 숙박을 위해 잘 꾸며져 있습니다. 체크아웃 시간은 오전 11시까지이며, 체크인은 오전 7시 30분부터 가능합니다. 이 호텔은 어린이들이 무료로 숙박할 수 없으며, 추가 비용이 발생할 수 있습니다. 
모모제인 게스트하우스는 경주에서 편안하고 아늑한 숙박을 원하는 여행객들에게 최적의 선택지입니다. 이 곳에서는 아름다운 경치와 함께 편안한 휴식을 즐길 수 있으며, 도심에서의 여행에도 편리한 위치에 있습니다.",,129.214492356,35.8435484168,3533168,32,
971032,경주역사유적지구 [유네스코 세계유산],http://tong.visitkorea.or.kr/cms/resource/72/3554372_image2_1.jpg,,경상북도 경주시 태종로 757 (노동동) 일대,,,,"2000년 12월에 세계유산으로 등재된 경주역사유적지구(慶州歷史遺蹟地區)는 신라시대(新羅, 57-935)의 고도인 경주의 역사와 문화를 고스란히 담고있는 유적 지구(地區)이다. 유적의 성격에 따라 모두 5개 지구로 나누어져 있는데 불교미술의 보고인 남산지구, 천년왕조의 궁궐터인 월성지구, 신라 왕을 비롯한 고분군 분포지역인 대능원지구, 신라불교의 정수인 황룡사지구, 왕경 방어시설의 핵심인 산성지구로 구분되어 있으며 52개의 지정문화재가 세계유산지역에 포함되어 있다.
남산지구에는 경주 남산 미를곡 석조 여래좌상, 경주 남산 용장사곡 삼층석탑, 남간사지석정, 경주 남산 불곡 마애여래좌상 등이 있고 월성 지구에는 경주 계림, 경주 월성, 경주 동궁과 월지, 경주 첨성대가 있다. 또한 대능원지구에는 경주 미추왕릉, 경주 오릉, 경주 노동리고분군 등이 있으며 황룡사 지구에는 경주 황룡사지, 경주 분황사 보전석탑이 산성지구에는 경주 명활성이 있다.","국가유산포털 <a href=""https://www.heritage.go.kr/heri/html/HtmlPage.do?pg=/unesco/Heritage/Heritage_06.jsp&pageNo=5_1_1_0""target=""_blank"" title=""새창:  국가유산포털로 이동 "">https://www.heritage.go.kr/</a>",129.2122926901,35.8385656047,971032,12,
3553947,"2025 한국공예전 <미래유산_우리가 남기고자 하는 것들에 관하여>",http://tong.visitkorea.or.kr/cms/resource/40/3553940_image2_1.jpg,,경상북도 경주시 경감로 627 (천군동),,,,"2025년 APEC 정상회의를 기념하여 열리는 이번 전시는 “미래유산_우리가 남기고자 하는 것들에 관하여”를 주제로 한국공예의 폭넓은 스펙트럼을 선보인다. 총 36명(31팀)의 작가가 참여해 66점의 작품을 전시하며, 한국 공예의 과거-현재-미래를 한자리에서 조망할 수 있다. 파트1에서는 분야별 최고의 전문가가 참여해 한국공예의 정수를 선보이며, 파트2에서는 전통 기술과 현대 디자인/미술의 협업 또는 전승을, 파트3에서는 업사이클 공예작품을 소개한다. 전시는 경주 보문단지 내 천군복합문화공간에서 10월 27일부터 11월 30일까지 진행되며, 누구나 무료로 관람할 수 있다.","<a href=""https://apec2025.kr/kor/?menuno=174"" target=""_blank"" title=""새창 : 한국공예전 홈페이지로 이동"">https://apec2025.kr/kor/?menuno=174</a>",129.2911192494,35.8339676142,3553947,15,"02-398-7936"
3064928,화랑마을 오토캠핑장,http://tong.visitkorea.or.kr/cms/resource/53/3064853_image2_1.jpg,,경상북도 경주시 석현로 123 (석장동),,,,"화랑마을 오토캠핑장은 2008년 건립된 경주 화랑마을 안에 자리한 캠핑시설이다. 경주 화랑마을은 화랑의 정신과 문화를 재조명하고 발전시켜 휴양 문화의 새로운 패러다임을 열어가는 곳으로 캠핑을 즐기면서 화랑마을 내 놀이터, 운동장, 전시관을 함께 즐길 수 있다. 오토캠핑장은 데크캠핑과 함께 호국야영장에 속하며, 25개 면으로 이루어져 있다. 최대 6명까지 수용 가능하며 화재 위험이 있는 숯 또는 목재의 사용과 이를 이용하는 조리는 불가하다. 편의 시설로는 공동취사장과 무인매점이 있다. 공동취사장은 한옥으로 지어진 건물로 이곳에 샤워장, 개수대, 분리수거장 등이 있다. 무인매점에는 과자, 음료 등을 판매하는 자판기가 있다.","<a href=""https://www.gyeongju.go.kr/hwarang/page.do?mnu_uid=2012&"" target=""_blank"" title=""새창 : 화랑마을 홈페이지로 이동"">https://www.gyeongju.go.kr/hwarang/index.do</a>",129.1831973507,35.8620401825,3064928,28,
250270,경주 굴불사지 석조사면불상,http://tong.visitkorea.or.kr/cms/resource/40/3542540_image2_1.jpg,,경상북도 경주시 산업로 4214-76 (동천동) 부근,,,,"경주 굴불사지 석조사면불상은 경주 굴불사터에 있는 통일신라시대 바위 불상으로 약 높이 3미터의 바위 네 면에 불상이 조각되어 있어서 사면석불이라 부른다. 이 사면불의 서쪽은 서방 극락세계의 아미타삼존불, 동쪽은 유리광세계의 약사여래불, 북쪽은 미륵불, 남쪽은 석가모니불을 각각 새긴 사방불의 형태이다.
〈삼국유사〉에 의하면 신라 경덕왕이 백률사를 찾았을 때 땅속에서 염불 소리가 들려왔다고 한다. 땅을 파보니 이 바위가 나와서 바위의 사방에 불상을 새기고 절을 지어 굴불사라 하였다고 전한다. 이 기록만으로는 분명하지 않지만, 여러 가지 여건으로 보아 이때쯤 불상이 만들어졌을 것으로 추정된다.
굴불사지 석조사면불상은 불상조각에 있어 입체의 표현, 음각과 양각의 표현, 좌상과 입상의 표현 등을 변화 있게 배치해 매우 특색이 있으며 풍만하고 부드러우면서 생기를 잃지 않은 솜씨를 볼 때 통일신라 초기의 특징을 잘 보여주고 있는 작품이다.","<a href=""https://www.gyeongju.go.kr/tour/page.do?cmd=2&mnu_uid=2516&chaNo=2133""target=""_blank"" title=""새창:  경주문화관광"">http://www.gyeongju.go.kr/tour</a>",129.2303433362,35.8578720995,250270,12,
129523,경주 탈해왕릉,http://tong.visitkorea.or.kr/cms/resource/30/3542530_image2_1.jpg,,경상북도 경주시 동천동 산17,,,,"경주 동천동에 있는 신라 제4대 탈해왕(재위 57~80)의 무덤으로 소나무 숲으로 둘러싸여 있다. 무덤의 형식 자체는 일반적이나, 신라 초기의 왕릉이고 특히 최초의 석 씨 왕릉이라는 점에서 중요하다. 
이 무덤은 높이 4.5m, 지름 14.3m 크기로 둥글게 흙을 쌓아 올린 봉토무덤이다. 주변에 아무런 시설을 하지 않았으며, 겉으로 보아 굴식돌방무덤(횡혈식석실묘)으로 추측된다. 왕릉 초입에는 탈해왕의 제사를 모시기 위한 전각 숭신전이 있다. 
탈해왕은 신라 최초의 석 씨 왕으로 62세에 즉위하여, 24년 만에 세상을 떠났으며, 왕에 대해서는 다음과 같은 전설이 있다. 왜국에서 동북쪽으로 1천 리 떨어져 있는 다 파나 국(또는 완하국, 용성국)의 왕비가 잉태한 지 7년 만에 큰 알을 낳았다. 이는 상서롭지 못한 일이라 하여 그 알을 궤에 넣어 바다에 버리니 동해 아진포에 닿았다. 그때 한 할머니가 이것을 열어 보고 어린아이가 있어 데려다 길렀다. 배에 까치들이 울며 따라왔으므로 까치 작(鵲)에서 새 조(鳥) 자를 떼서 석(昔)으로 성을 삼고, 아이가 궤를 풀고 나왔다 해서 이름을 탈해(脫解)라 지었다. 탈해왕은 석 씨의 시조로서 신라 최초 석 씨 왕이 되었다.","<a href=""https://www.gyeongju.go.kr/tour/page.do?cmd=2&mnu_uid=2517&chaNo=3282""target=""_blank"" title=""새창:  경주문화관광"">http://www.gyeongju.go.kr/tour</a>",129.2321155702,35.8520116829,129523,12,
128651,경주 이견대,http://tong.visitkorea.or.kr/cms/resource/11/3542511_image2_1.jpg,,경상북도 경주시 감포읍 대밑길 12-14 (감포읍),,,,"대왕암을 의미 있게 눈여겨볼 수 있는 곳이 두 군데 있다.  대본 초등학교 앞쪽에 있는 이견대와 동해구(東海口)라는 표지석 아래 ‘나의 잊히지 못하는 바다’라는 기념비가 서 있는 자리이다.  이견대는 화려한 능묘를 마다하고 동해 바다의 용이 되어 나라를 지키겠다고 한 문무왕이 용으로 변한 모습을 보였다는 곳이며 그의 아들 신문왕이 천금과도 바꿀 수 없는 값진 보배 만파식적을 얻었다는 유서 깊은 곳이다. 이견대라는 이름은 ‘주역’의 ‘비룡재천 이견대인(飛龍在天 利見大人)’이라는 이름에서 따온 것이며 현재의 건물은 1970년 발굴조사 때 드러난 초석에 근거하여 최근에 지은 것이다. 동해구 표지석 아래로 내려가면 우현 고유섭 선생의 반일 의지를 기리기 위해 1985년 제자들이 세운 기념비 ‘나의 잊히지 못하는 바다’가 보인다. 일제강점기 때 명백한 침략을 내선 합일이라는 명목으로 정당화하려는 일본의 우격다짐에 쐐기를 박듯, 이미 통일신라시대에 왜구의 침략을 경계한 문무왕의 호국의지를 돌이켜 생각하며 고유섭이 지은 ‘대왕암’이라는 시와 ‘나의 잊히지 못하는 바다’라는 기념비가 대왕암이 바라다 보이는 자리에 나란히 세워져 있어 뜻이 더 깊다.","경주문화관광 <a href=""https://www.gyeongju.go.kr/tour/page.do?cmd=2&mnu_uid=2517&chaNo=3275""target=""_blank"" title=""새창 : 경주시 문화관광 홈페이지 이동"">https://www.gyeongju.go.kr/tour/</a><br>국가유산청 <a href=""https://www.heritage.go.kr/heri/cul/culSelectDetail.do?ccbaCpno=1333701590000&pageNo=1_1_1_1"" target=""_blank"" title=""새창: 국가유산청 홈페이지로 이동"">https://www.heritage.go.kr</a>",129.4837271913,35.7442147219,128651,12,
2840919,황남비빔밥,http://tong.visitkorea.or.kr/cms/resource/05/2840905_image2_1.jpg,,경상북도 경주시 첨성로73번길 11,,,,"황남비빔밥은 경주 황리단길 맛집이다. 고풍스러운 분위기의 한옥 건물로 내부는 바깥 풍경을 볼 수 있게 통유리창으로 되어 있다. 이곳의 대표메뉴는 국내산 육회와 벌교꼬막이 특제 소스와 어우러진 육회 꼬막 비빔밥이다. 옛날 추억의 맛인 두툼한 돼지갈비와 육회를 같이 즐길 수 있는 육회 갈비 비빔밥과 꼬막과 함께 먹을 수 있는 꼬막 갈비 비빔밥도 인기가 많다. 또 꼬막과 육회, 갈비, 비빔밥을 모두 맛볼 수 있는 황남스페셜도 있어 취향게 맞게 골라 먹으면 된다.","<a href=""https://www.instagram.com/hwangnam_bibimbab/"" target=""_blank"" title=""새창 : 황남비빔밥 인스타그램으로 이동"">https://www.instagram.com/hwangnam_bibimbab/</a>",129.2102846606,35.8340799622,2840919,39,
2840841,페이지나인,http://tong.visitkorea.or.kr/cms/resource/36/2840836_image2_1.jpg,,경상북도 경주시 보문로 132-24,,,,"페이지나인은 경상북도 경주시 북군동에 있다. 이국적인 외관과 모던한 분위기의 인테리어가 눈에 띈다. 경주 보문단지 근처의 뷰를 조망하며 음료나 음식을 즐길 수 있다. 내부에는 단체석이 마련되어 있어 각종 모임을 하기 좋다. 대표 메뉴는 햄버거스테이크다. 이 밖에 아메리카노, 에스프레소, 카푸치노, 카페모카 등을 맛볼 수 있다. 커피는 산미 없이 대중적인 맛으로 호평이다. 경주 IC에서 가깝고 인근에 보문관광단지, 경주 CC가 있다.",,129.2690373338,35.8520429334,2840841,39,
128638,경주 원성왕릉,http://tong.visitkorea.or.kr/cms/resource/03/3542503_image2_1.jpg,,경상북도 경주시 외동읍 신계입실길 139,,,,"원성왕릉은 낮은 구릉의 남쪽 소나무 숲에 있는 것으로 신라 제38대 원성왕(재위 785∼798)의 무덤으로 추정된다. 원성왕의 이름은 경신이며 내물왕의 12대 후손으로 독서삼품과를 새로 설치하고 벽골제를 늘려쌓는 등 많은 업적을 남겼다. 왕릉이 만들어지기 전에 원래는 작은 연못이 있었는데, 연못의 모습을 변경하지 않고 왕의 시체를 수면 위에 걸어 장례 하였다는 속설에 따라 괘릉이라는 이름이 붙여졌다. 이 능은 원형 봉토분으로 지름 약 23m, 높이 약 6m이다. 흙으로 덮은 둥근 모양의 무덤 아래에는 무덤의 보호를 위한 둘레석이 있는데, 이 돌에 12 지신상이 조각되어 있다. 봉분 바로 앞에는 4각 석상이 놓였고 그 앞으로 약 80m 떨어진 지점부터 양 옆으로 돌사자 두 쌍·문인석 한쌍·무인석 한쌍과 무덤을 표시해 주는 화표석(華表石) 한쌍이 마주 보고 서 있다. 이 석조물들의 조각수법은 매우 당당하고 치밀하여 신라 조각품 중 가장 우수한 것으로 꼽히고 있는데, 특히 힘이 넘치는 모습의 무인석은 서역인의 얼굴을 하고 있어 페르시아인이라는 주장도 있다. 원성왕릉의 무덤제도는 당나라의 영향을 받은 것이지만 둘레돌에 배치된 12 지신상과 같은 세부적인 수법은 신라의 독창적인 것이다. 또한 각종 석물에서 보이는 뛰어난 조각수법은 신라인의 예술적 경지를 잘 나타내고 있다.

(출처 : 경주시청 문화관광 홈페이지)","<a href=""https://www.gyeongju.go.kr/tour/page.do?cmd=2&mnu_uid=2517&chaNo=3244""target=""_blank"" title=""새창:  경주문화관광"">http://www.gyeongju.go.kr/tour</a>",129.3196077722,35.7593515686,128638,12,
127985,경주 황룡사지,http://tong.visitkorea.or.kr/cms/resource/86/3542386_image2_1.jpg,,경상북도 경주시 구황동 772,,,,"황룡사는 6세기 신라시대 때 만들어져 고려 13세기 몽고의 침입으로 불타 없어진 사찰로 지금은 그 규모를 짐작할 수 있는 터만 남아있다. 면적 8,800평 규모에 불국사의 8배나 되는 대형 사찰로 추정된다.
왕명으로 553년(신라 진흥왕 14)에 창건하기 시작하여 566년에 주요 전당들이 완성되었고, 금당은 584년(진평왕 6)에 완성되었다. 선덕여왕 14년(645년) 탑의 건조까지 모두 완성된 황룡사는 신라의 호국 신앙의 중심지였다. 황룡사 경내에는 신라 보물 중 하나인 황룡사 구층 목탑이 있었으며 이는 당나라 유학 후 돌아온 승려 자장대사의 건의로 백제의 아비지에 의해 3년 만에 완성된 신라의 상징물이었다. 현재 구층 목탑이 서 있던 자리에는 탑을 지탱해 주었던 중앙 기둥 주춧돌인 심초석이 남아 있다. 이 절은 신라 왕궁 월성의 동쪽에 있었는데, 그 창건 기록에 따르면 진흥왕이 새로운 궁을 월성 동쪽 낮은 지대에 건립하려 했으나 그곳에서 황룡이 승천하는 모습을 보고, 왕이 새로운 궁 건립을 중지하고 절로 만들게 하여 황룡사라는 사명을 내렸다고 한다. 국가적인 사찰이었기 때문에 역대 국왕의 거동도 잦았고 신라 국찰 중 제일의 자리를 지켰다. 신라 멸망 후에도 고려 왕조에 이어져 깊은 숭상과 보호를 받았으며 탑의 보수를 위해 목재까지 제공받았다. 그러나 1238년(고종 25) 몽골군의 침입으로 탑은 물론 모든 건물이 불타 없어졌다.
1969년 강당지를 발굴조사하여 금당, 강당, 탑지의 초석을 발굴했고, 1976년 3월부터 8년간의 발굴 작업에서 독특한 가람배치인 일탑 삼금당식으로 밝혀졌으며, 4만여 점의 유물이 출토되었다. 기단을 비롯한 건물 하부구조는 확인되었으나, 상부가 정확히 고증되지 않아 전체적인 복원은 이루어지지 못하고 64개 주춧돌로 된 기단부만 복원하였다. 
황룡사지 터 옆에는 황룡사 건립부터 소실까지의 과정을 담은 3D 영상 시청각실, 발굴조사 과정에서 출토된 유물을 전시한 신라 역사전시실 등으로 구성된 황룡사지 황룡사 역사문화관이 있으며 1층에는 황룡사 구층 목탑을 10분의 1 크기로 재현한 모형탑이 전시되어 있다.","<a href=""https://www.gyeongju.go.kr/tour/page.do?code_uid=1050&sortKwd=&srchKwd=&listType=&mnu_uid=2513&area_uid=180&cmd=2&pageNo=1""target=""_blank"" title=""새창:  경주문화관광"">http://www.gyeongju.go.kr/tour</a>",129.2328298118,35.8374438969,127985,12,
3533166,아담게스트하우스,,,경상북도 경주시 첨성로49번길 24-4 (사정동),,,,"황리단길 메인 도로 2분 거리라서 가깝고 골목에 위치하여 조용합니다. 고즈넉하고 깔끔한 한옥숙소입니다. 개별난방과 개별화장실이며 정원이 예쁜 숙소입니다.
동궁과월지, 박물관, 교촌마을, 첨성대, 대릉원등 관광지와 인접해있습니다.",https://map.naver.com/p/entry/place/1707296876,129.2081514824,35.8351964627,3533166,32,
128639,경주 구정동 방형분,http://tong.visitkorea.or.kr/cms/resource/26/3542426_image2_1.jpg,,경상북도 경주시 불국로 15-5 (구정동),,,,"경주 구정동 방형분은 경주에서 불국사로 가는 길의 북쪽 구릉자락에 위치한 통일신라시대의 무덤이다. 이 방형분은 한 변의 길이가 9.5m 높이가 2m이다. 무덤의 형태는 정사각형이고 흙을 덮어 만든 봉분 아래에는 무덤을 보호하는 의미를 갖는 12지신상이 조각된 둘레돌이 배치되어 있다. 둘레돌을 배치하는 것은 삼국시대 이후부터 내려오는 전통인데, 통일신라시대 경주지방의 왕릉에서는 12지신상을 조각한 둘레돌을 흔히 볼 수 있다. 무덤 내부에는 봉분의 남쪽으로 치우쳐 직사각형의 상자형으로 축조된 굴식돌방무덤(횡혈식석실분)이 있다. 시체를 모신 널방(현실)의 동쪽 벽에는 널길(연도)이 나 있다. 유물로는 금동관장신구·은제띠고리·은제행엽 등이 출토되었다. 둘레돌의 배치, 돌널(석관)의 사용, 12지신상의 조각 수법 양식으로 미루어 통일신라 말기의 최고 귀족층 무덤으로 생각된다. 신라 무덤 중 유일한 네모무덤으로, 그 계통을 알 수 없으나 고려 전기에 나타나는 둘레돌을 갖춘 네모무덤의 선구적 모습으로 평가된다.","<a href=""https://www.gyeongju.go.kr/tour/page.do?cmd=2&mnu_uid=2517&chaNo=3245"" target=""_blank"" title=""새창 : 경주시 문화관광 홈페이지로 이동"">https://www.gyeongju.go.kr/tour/</a>",129.2969786483,35.7786128584,128639,12,
2756726,경주 진평왕릉,http://tong.visitkorea.or.kr/cms/resource/05/3542405_image2_1.jpg,,경상북도 경주시 보문동 608,,,,"경주 진평왕릉은 신라 26대 진평왕(재위 579∼632)의 무덤이다. 진평왕은 독자적 왕권을 확립하기 위해 새로운 중앙 행정부서를 설치하였다. 또한 중국의 수·당나라와의 외교관계를 통해 백제와 고구려의 침공을 효율적으로 막았고, 경주 명활성을 보수하여 수도 방위에 힘썼다. 높이 7.9m, 지름 36.4m의 둥글게 흙을 쌓은 원형 봉토무덤이다. 무덤 밑둘레에는 자연석을 이용해 둘레돌을 둘렀으나 현재 몇 개만 남아있다. 규모로 보아 왕릉급 무덤임이 분명하며 평야 가운데 있는 것이 특징이다.","<a href=""https://www.gyeongju.go.kr/tour/page.do?cmd=2&mnu_uid=2517&chaNo=3288"" target=""_blank"" title=""새창 : 경주시 문화관광 홈페이지로 이동"">https://www.gyeongju.go.kr/tour</a>",129.2506228479,35.8321587183,2756726,12,
912647,경주애견펜션 노비오스,http://tong.visitkorea.or.kr/cms/resource/00/2499400_image2_1.jpg,,경상북도 경주시 진티길 37-4,,,,"경주 애견펜션 노비오스는 토함산 자락의 자연 속에 위치한 유럽풍 목조 펜션으로, 애견과 견주가 함께 머무를 수 있는 공간이다. 포인트 컬러로 꾸며진 객실은 각각 개성 있는 테마를 반영해 이용자의 취향을 고려하였으며, 넓은 정원과 애견 전용 수영장이 마련되어 있어 반려견과의 힐링 시간을 제공한다. 실내 바비큐장, 애견 드라이룸, 셀프 카페 등 다양한 편의시설도 갖추어져 있어 날씨와 관계없이 쾌적한 이용이 가능하다. 불국사와 석굴암은 도보로 이동 가능한 거리에 있으며, 경주월드, 보문호수, 세계문화엑스포 등 주요 관광지와도 인접해 있다. 국도 4호선을 통해 감포항과 바다 여행도 함께 즐길 수 있어 도심과 자연, 바다를 모두 누릴 수 있는 위치적 장점이 있다.",,129.3302728568,35.7821186485,912647,32,
2840968,히든씨,http://tong.visitkorea.or.kr/cms/resource/57/2840957_image2_1.jpg,,경상북도 경주시 감포읍 동해안로 2560,,,,"히든씨는 경상북도 경주시 감포읍 오류리에 있다. 현대적인 분위기를 풍기는 외관과 세련된 인테리어가 눈에 띈다. 감포 앞바다를 감상하며 음료나 디저트를 즐길 수 있어 연중 많은 사람의 방문이 이어진다. 대표 메뉴는 아이스 아메리카노이며 콜드브루, 크림 콜드브루, 카페라테, 바닐라라테 등을 맛볼 수 있다. 동경주 IC와 가깝고 인근에 오류 고아라 해변, 감포항, 나정 고운 모래 해변 등이 있어 연계관광이 수월하다. 반려동물 동반이 가능하며 목줄과 배변봉투를 지참해야 한다.",,129.5124833325,35.8297972927,2840968,39,
126095,봉길대왕암해변,http://tong.visitkorea.or.kr/cms/resource/12/3538412_image2_1.jpg,,경상북도 경주시 양북면 봉길해안길,,,,"경주 시내에서 동쪽으로 떨어진 대종 하구에 자리한 봉길해수욕장은 백사장 길이 500m, 폭 40m이다. 동해안의 다른 해수욕장에 비해 피서객이 적어 여유로운 휴가를 보내고 싶은 사람에게 추천한다. 여름이면 비치 방갈로와 튜브 대여소, 간이음식점들이 자리해 피서객에게 편의를 제공한다. 모래사장에서 조금 떨어진 바다에는 문무대왕의 바다 위 무덤인 대왕암이 있다. 문무왕은 죽은 뒤에도 바다의 용이 되어 나라를 지키고자 하니 화장하여 동해에 장사를 지내라고 유언했다. 인근에는 용을 보았다는 이견대와 용이 된 왕이 밤에 쉬어갈 수 있도록 수로를 연결했다는 감은사지와 감은사 탑, 기림사, 선무도의 본산 골굴사, 고유섭 시비, 용연 등 유적지가 있다.","<a href=""https://www.gyeongju.go.kr/tour/page.do?cmd=2&mnu_uid=2294&area_uid=157"" target=""_blank"" title=""새창 : 홈페이지로 이동"">https://www.gyeongju.go.kr</a>",129.4834884531,35.7396846721,126095,12,
2756667,전촌항,http://tong.visitkorea.or.kr/cms/resource/70/3538170_image2_1.jpg,,경상북도 경주시 감포읍 전촌리 1245-11,,,,"전촌항은 지난 2004년 정부의 어촌관광단지 조성 사업지구로 선정되어 관광어항으로 거듭나기 시작했다. 2009년에는 리모델링 사업을 진행하여 주차장, 광장, 바닥분수, 파고라, 정자, 나무데크산책로, 전망대 등을 갖췄다. 특히, 전촌항 전망대에서 내려다보는 평화로운 항구의 풍경이 인상적이다. 방파제에 야간경관조명도 설치해 밤에도 아름답게 빛난다. 전촌항 입구의 말 조형물, 일명 거마상도 볼거리이다. 전촌항 일대는 말과 관련된 이야기가 많다. 전촌항 인근에 거마장이라는 마을이 있는데, 전촌항 북쪽 산세가 마치 말이 누워 있는 형국이라 하여 거마산이라 칭했다 전한다. 또, 신라 시대에는 왜군의 침임을 막기 위해 병마가 주둔해 있던 곳이라 하여 이 일대를 거마장이라 불렀다는 데에서 전촌항 인근의 거마장 마을 지명이 유래했다.","<a href=""https://www.gyeongju.go.kr/tour/page.do?cmd=2&mnu_uid=2294&area_uid=162"" target=""_blank"" title=""새창 : 경주시 문화관광 홈페이지로 이동"">https://www.gyeongju.go.kr/tour/</a>",129.495191498,35.7915707162,2756667,12,
2997657,경주축구공원,http://tong.visitkorea.or.kr/cms/resource/51/3538051_image2_1.jpg,,경상북도 경주시 황성공원로 30 시민운동장,,,,"황성공원에 위치한 ‘경주축구공원’은 유소년 축구 경기부터 프로 축구 경기까지 크고 작은 축구 경기가 열릴 수 있도록 6면의 축구 경기장과 1면의 풋살경기장을 지닌 축구 공원이다. 축구 경기장 6면(천연잔디 3면, 인조잔디 3면), 풋살장 1면(인조잔디)으로 구성되어 있다. 경주공공서비스예약 사이트를 통해 예약 완료 후 사용 가능하다. 넉넉하고 넓은 시설로 이루어져 있어 운동하기에 안성맞춤인 곳이다.","<a href=""https://www.gjfmc.or.kr/gjsiseol/facility/facilityTab1.do?menuNo=151&classId=HEALTH&itemId=T0000001"" target=""_blank"" title=""새창 : 홈페이지로 이동"">https://www.gjfmc.or.kr/</a>",129.2113282691,35.8602409169,2997657,12,
2049478,한국대중음악박물관,http://tong.visitkorea.or.kr/cms/resource/76/3537876_image2_1.jpg,,경상북도 경주시 엑스포로 9,,,,"한국대중음악박물관은 역사와 문화의 도시 경주에 위치하고 있으며 지하 1층부터 지상 3층까지 총 네 개층으로 구성되어 있다. 1층은 음악감상실에서 전설의 스피커 미로포닉에서 흘러나오는 노래를 감상할 수 있는 곳이다. 2층 전시실은 한국대중음악 100년사관으로 1896년 대한민국의 최초 노래가 녹음된 에디슨 실린더 음반부터 2000년대 k-pop음반까지 시대순으로 전시되어 있고 노래 듣기 체험을 할 수 있으며, 3층 전시실은 오디오 100년사관으로 1926년 제작된 인류 최초 스피커, 1936년 제작된 스피커의 전설이라고 하는 미국의 웨스턴 일렉트릭의 미로포닉, 제2차 세계대전 당시 히틀러가 연설할 때 사용하던 스피커 등 각종 희귀 스피커를 전시 및 청음할 수 있다. 지하는 악기 체험관, 어린이 체험관, 동전노래방, 포토존으로 구성되어 있어 체험과 재미를 느낄 수 있다.","<a href=""http://www.kpopmuseum.com"" target=""_blank"" title=""새창: 한국대중음악박물관 홈페이지로 이동"">http://www.kpopmuseum.com</a>",129.2888914842,35.8403557397,2049478,14,
2997651,천마의 궁전,http://tong.visitkorea.or.kr/cms/resource/98/3537798_image2_1.jpg,,경상북도 경주시 경감로 614,,,,"'찬란한 빛의 신라'는 경주엑스포대공원에 위치한 천마의 궁전에서 만날 수 있는 타임리스 미디어 아트다. 미디어 아트 영상을 통해 작품과 직접 교감하는 첨단 전시연출을 통한 흥미 유발하고 유네스코 세계문화 유산인 경주의 위상을 알리고 보존의 가치를 함께 공감하는 공간이다. 경주의 대표적인 유산인 첨성대, 석굴암, 불국사, 동궁과 월지 등을 다채로운 색감과 몽환적인 미디어아트로 표현한 전시로 단순히 감상만 하는 전시가 아니라, 움직임에 따라 작품이 반응하는 양방향 체험형 전시라 온 가족이 함께 즐길 수 있다.","<a href=""https://www.cultureexpo.or.kr/open.content/ko/"" target=""_blank"" title=""새창 : 홈페이지로 이동"">https://www.cultureexpo.or.kr</a>",129.2895443842,35.8340564631,2997651,14,
2997641,살롱헤리티지,http://tong.visitkorea.or.kr/cms/resource/29/3537729_image2_1.jpg,,경상북도 경주시 경감로 614,,,,"살롱헤리티지는 세계적인 건축 거장 '쿠마 켄고'가 경주 대릉원과 주상절리에서 영감을 얻어 디자인한 건축물인 경주엑스포기념관에 있는 세계문화유산 미디어 홍보관이다. 18세기 유럽, 대화와 교류의 장이었던 살롱을 모티브로 구성되어 있다. 내부는 미디어스크린, 미디어터널, 세계유산 서재(살롱) 등 첨단 디지털장비와 매체를 이용해 세계문화유산의 기원과 세계문화유산 도시를 보여준다. 서재에서는 세계유산 자료를 만나볼 수 있으며, 미디어 월을 통해 세계유산 관련 궁금증을 퀴즈로 만나볼 수 있다.","<a href=""https://www.cultureexpo.or.kr/open.content/ko/program/exhibition/salon.heritage/"" target=""_blank"" title=""새창 : 홈페이지로 이동"">https://www.cultureexpo.or.kr</a>",129.2895443842,35.8340564631,2997641,14,
2840439,스틸룸,http://tong.visitkorea.or.kr/cms/resource/27/2840427_image2_1.jpg,,경상북도 경주시 원효로 87,,,,"스틸룸은 경상북도 경주시 노동동에 있다. 세련된 외관과 차분하면서 묵직한 느낌의 내부가 눈에 띄는 양식집이다. 대표 메뉴는 소고기를 파이에 말아 구워낸 비프 웰링턴이다. 부드러운 당근 퓌레, 토마토소스, 볶은 양파가 함께 나오는 소고기스테이크, 달달한 단새우와 향긋한 감태, 특제 소스와 생면이 어우러진 단새우 감태 파스타도 맛볼 수 있다. 경주 IC에서 가깝고 인근에 대릉원돌담길, 첨성대, 경주 쪽샘유적발굴관이 있어 연계 여행에 나서기 좋다.",,129.2104316386,35.8422318221,2840439,39,
2840767,카페 로드100,http://tong.visitkorea.or.kr/cms/resource/62/2840762_image2_1.jpg,,경상북도 경주시 보불로 100,,,,"카페 로드100은 경상북도 경주시 하동에 있다. 한옥과 양옥의 2개 건물로 이루어진 대규모 카페다. 내부에는 단체석이 마련되어 있어 각종 모임을 가지기 좋다. 대표 메뉴는 과일의 상큼한 단맛을 느낄 수 있는 오션라테다. 먹물 치아바타 속에 불고기, 토마토, 모차렐라치즈 등을 넣은 불고기파니니도 인기다. 이 밖에 아메리카노, 엘더플라워에이드, 파스타샐러드 등도 맛볼 수 있다. 남경주 IC에서 가깝고 인근에 추억의달동네, 불국사, 석굴암이 있어 연계 여행에 나서기 수월하다.","<a href=""https://www.instagram.com/road__100/"" target=""_blank"" title=""새창 : 로드100 인스타그램으로 이동"">https://www.instagram.com/road__100/</a>",129.3138795301,35.7932226414,2840767,39,
2840749,카페괘릉,http://tong.visitkorea.or.kr/cms/resource/33/2840733_image2_1.jpg,,경상북도 경주시 괘릉길 12,,,,"카페괘릉은 경상북도 경주시 외동읍 괘릉리에 있는 한옥 카페다. 고풍스러운 분위기의 본건물과 반려동물 동반이 가능한 별관, 널찍한 정원이 있다. 그리고 차분한 느낌의 내부 공간이 눈에 띈다. 대표 메뉴는 아메리카노다. 이 밖에 카페라떼, 핸드드립 카푸치노, 바닐라라떼, 달고나라떼, 아인슈페너 등을 맛볼 수 있다. 남경주 IC에서 가깝고 인근에 토함산자연휴양림, 세계문화유산 석굴암, 불국사 등 관광자원이 풍부하다. 반려동물 동반이 가능하며 목줄과 배변봉투를 지참해야 한다.","<a href=""http://instagram.com/cafe_kwaerung""target=""_blank"" title=""새창 : 카페괘릉 인스타그램으로 이동"">http://instagram.com/cafe_kwaerung</a>",129.3140803972,35.7621928103,2840749,39,
2840523,보문한우,http://tong.visitkorea.or.kr/cms/resource/15/2840515_image2_1.jpg,,경상북도 경주시 엑스포로 9 대중음악박물관,,,,"보문한우는 경상북도 경주시 신평동에 있다. 특상급 한우만을 취급하며 국내산 참숯을 사용해 한우를 굽는다. 내부에는 단체석이 마련되어 있어 각종 모임을 하기 좋다. 대표 메뉴는 구이용 한우다. 이 밖에 한우육회, 한우불고기전골, 한우육회비빔밥, 한우곰탕, 냉면정식 등도 맛볼 수 있다. 넓은 주차장을 보유하고 있어 방문이 용이하며 내부는 통창으로 되어있어 채광이 좋아 더욱 맛있게 식사할 수 있다.
경주 IC에서 가깝고 인근에 보문관광단지, 경주CC, 경주월드가 있다.","<a href=""https://www.instagram.com/bomun_hanwoo/#"" target=""_blank"" title=""새창 : 경주 보문한우 인스타그램으로 이동"">https://www.instagram.com/bomun_hanwoo/#</a>",129.2889248314,35.8397585854,2840523,39,
2840506,산드레,http://tong.visitkorea.or.kr/cms/resource/96/2840496_image2_1.jpg,,경상북도 경주시 보불로 299-5,,,,"산드레는 경상북도 경주시 하동에 있다. 고풍스러운 외관과 깔끔함이 돋보이는 인테리어가 눈에 띈다. 대표 메뉴는 수제 떡갈비, 튀김, 삼백초 보쌈, 두부강정, 잡채, 전, 샐러드 등이 나오는 우슬초 정식이다. 이 밖에 금은화 정식, 백복령 정식, 하수오 정식 등을 맛볼 수 있다. 단품 요리로는 버섯탕수 등이 있다. 개인 솥 밥에 밥을 퍼내고 물을 부어두면 누룽지를 후식으로 즐길 수 있다. 내부에는 단체석이 마련되어 있어 각종 모임을 가지기 좋다. 프라이빗한 룸도 준비되어 있다. 농림축산식품부가 인정한 안심식당이다. 예약은 안되고 선착순 입장이다. 남경주IC에서 가깝고, 인근에 불국사와 석굴암이 있다.","<a href=""https://www.instagram.com/sandre_official""target=""_blank"" title=""새창 : 경주 산드레 인스타그램으로 이동"">https://www.instagram.com/sandre_official</a>",129.3064408257,35.8095734338,2840506,39,
2840488,소디스커피,http://tong.visitkorea.or.kr/cms/resource/78/2840478_image2_1.jpg,,경상북도 경주시 형산로 161,,,,"소디스커피는 경상북도 경주시 현곡면 오류리에 있는 대형카페다. 이국적인 외관과 세련된 인테리어가 인상적이다. 말차스크림, 아메리카노, 카페라떼, 플랫화이트, 스카치크림라테, 소디스블랜드 홍차 등을 맛볼 수 있다. 내부에는 단체석이 마련되어 있어 각종 모임을 가지기 좋다. 50여 대가 한 번에 주차할 수 있는 주차장이 있다. 10㎏ 미만 소형견만 함께 입장할 수 있고 목줄과 배변봉투를 지참해야 하며 야외 공간만 이용할 수 있다. 경주IC와 가깝고 인근에 보문관광단지, 경주CC가 있다.",,129.203925452,35.8843686074,2840488,39,
2840471,소사이어티나귀,http://tong.visitkorea.or.kr/cms/resource/65/2840465_image2_1.jpg,,경상북도 경주시 임해로 127,,,,"소사이어티나귀는 경상북도 경주시 황오동에 있다. 빨간 벽돌로 이루어진 외관과 모던한 분위기의 내부가 눈에 띈다. 피자와 파스타 맛집으로 유명해 늘 사람이 많다. 대표 메뉴는 얇은 도우에 치즈와 방울토마토, 그리고 요거트소스가 올라간 두더지피자라는 재미있는 이름의 피자다. 이 밖에 공작파스타, 나귀크림파스타, 몰치킨커리, 감바스 알 아히요 등을 맛볼 수 있다. 농림축산식품부가 인정한 안심식당이다. 경주 IC에서 가깝고 인근에 황성공원, 첨성대, 동궁과 월지, 국립경주박물관이 있어 연계 관광하기 좋다.","<a href=""https://www.instagram.com/societynaki/profilecard/?igsh=MXR1bXZuaXp6M2ZkMg%3D%3D""target=""_blank"" title=""새창 : 소사이어티나귀 인스타그램으로 이동"">https://www.instagram.com/societynaki</a>",129.2290522019,35.8431515148,2840471,39,
2840458,소풍가다,http://tong.visitkorea.or.kr/cms/resource/48/2840448_image2_1.jpg,,경상북도 경주시 다래길 15,,,,"동화 속으로 들어온 것만 같은 소풍가다는 ‘소풍’이라는 컨셉으로 초록색의 실내정원 인테리어와 편안하고 안락한 가구 등을 배치하여 여유로운 힐링을 가질 수 있도록 한 공간이다. ‘특별한 경험은 특별한 추억을 만든다’라는 슬로건을 가지고 운영을 하고 있으며 방문하는 손님들에게 특별한 경험을 선물해드리고자 다양한 프로그램을 기획하여 손님과 함께 추억을 만들어 가고자 한다. 카페의 본질인 커피, 그리고 함께 제공하는 베이커리 및 디저트는 꾸준한 맛과 높은 품질을 유지하기 노력하고 있다. 소풍가다에서만 맛볼 수 있는 경주 명물인 박일섭버거와 박일섭카이막세트가 있다.","<a href=""https://www.instagram.com/sopoong_gada/""target=""_blank"" title=""새창 : 소풍가다 인스타그램으로 이동"">https://www.instagram.com/sopoong_gada//</a>",129.4598589791,35.6768329661,2840458,39,
2804867,"해파랑길(경주, 포항, 영덕 구간)",http://tong.visitkorea.or.kr/cms/resource/56/1613356_image2_1.jpg,,,,,,"해파랑길은 부산 오륙도에서 시작되는 총 750km 대한민국에서 가장 긴 걷기 여행길이다. 그 중 경주, 포항, 영덕 구간을 걸어보는 코스이다. 경주에 위치한 문무대왕릉, 감은사지, 이견대를 방문해볼 수 있다. 또한 포항의 양포항, 장기읍성, 말목장성과 영덕의 괴시리 전통마을이 포함되있는 코스이다. <br><br>",,0.0,0.0,2804867,25,
2840432,향미사,http://tong.visitkorea.or.kr/cms/resource/23/2840423_image2_1.jpg,,경상북도 경주시 태종로 734,,,,"향미사는 경주 향리단길에 위치한 카페이다. 레트로 감성을 불러일으키는 화이트 톤의 아담한 건물 내부를 통유리 형태로 꾸며 놓았다. 이곳에서 직접 로스팅하기 때문에 고소한 원두의 향을 맡으며 커피를 즐길 수 있다. 대표 메뉴는 필터 커피이며 에스프레소, 아메리카노, 카페라떼 등 깊은 맛을 느낄 수 있는 커피메뉴가 준비되어 있다. 다양한 원두와 커피 관련 엠디를 판매한다.","<a href=""https://www.instagram.com/hyangmisa/""target=""_blank"" title=""새창 : 향미사 인스타그램으로 이동"">https://www.instagram.com/hyangmisa/</a>",129.208415235,35.8391765737,2840432,39,
2840421,시즈닝,http://tong.visitkorea.or.kr/cms/resource/17/2840417_image2_1.jpg,,경상북도 경주시 첨성로99번길 25-2,,,,"시즈닝은 경상북도 경주시 황남동에 있다. 한옥이어서 외관이 고풍스럽고 내부는 차분하고 깔끔한 느낌이다. 파스타 맛집으로 알려져서 많은 사람들이 방문한다. 대표 메뉴는 새우와 칠리소스가 어우러진 프라운 라이스다. 고추기름과 새우로 맛을 낸 크림 파스타도 별미다. 이 밖에 세 가지 버섯과 오일로 만든 트러플 파스타, 베이컨과 라구 소스 등으로 요리한 라구 파스타 등도 맛볼 수 있다. 따로 구비된 주차장은 없지만 주변 공영주차장을 이용하면 된다. 경주 IC에서 가깝고 인근에 대릉원돌담길, 첨성대가 있다.","<a href=""https://www.instagram.com/__seasoning/""target=""_blank"" title=""새창 : 시즈닝 인스타그램으로 이동"">https://www.instagram.com/__seasoning/</a>",129.2124649851,35.8355076198,2840421,39,
2840413,야드,http://tong.visitkorea.or.kr/cms/resource/04/2840404_image2_1.jpg,,경상북도 경주시 천군2길 2,,,,"카페 야드는 경상북도 경주시 보문단지 내에 위치한 브런치 카페이다. 이곳은 SBS 시사 교양 프로그램 <생방송 투데이>에 소개되었다. 세련된 분위기의 외관과 깔끔한 느낌의 인테리어가 눈에 띈다. 게다가 봄에는 벚꽃, 여름에는 푸른 수목 등 계절 따라 변하는 풍경을 감상하는 것도 특별한 점이다. 대표메뉴로는 수제로 만드는 딸기케이크이다. 이 외에도 부드러운 잉글리쉬머핀과 소시지 베이컨 등을 이용하여 만든 야드 잉글리쉬 플레이트와 야드에서 선보이는 고급스러움과 가성비 모두 잡을 수 있는 브런치메뉴인 야드 아메리칸 플레이트가 있다.","<a href=""https://www.instagram.com/cafe_yard_/""target=""_blank"" title=""새창 : 카페 야드 인스타그램으로 이동"">https://www.instagram.com/cafe_yard_/</a>",129.2782564986,35.8335507511,2840413,39,
2840403,카페 야생화일기,http://tong.visitkorea.or.kr/cms/resource/00/2840400_image2_1.jpg,,경상북도 경주시 오금큰길 332-6,,,,"카페 야생화일기는 경상북도 경주시 강동면 왕신리에 있는 디저트 카페다. 모던한 느낌의 외관과 자연 친화적인 내부 공간이 눈에 띄는 곳으로 카페 부지가 넓어 마치 식물원을 걷는 기분이 든다. 내부에는 단체석이 마련되어 있어 각종 모임을 하기 좋지만 14세 이상만 입장할 수 있는 노키즈존으로 어른들만의 정원 카페이다. 포토존이 많고 야외 좌석이 많은 것도 야생화 일기의 장점이다. 대표 메뉴는 자몽 리멤버런스이고 이 밖에 몽블랑, 천도복숭아주스, 아메리카노, 카페라떼, 쑥밀크티 등과 함께 크로플이나 스콘도 맛볼 수 있다. 북경주 IC와 강동 IC에서 가깝고 인근에 세계문화유산 경주 양동마을이 있다.","<a href=""http://www.instagram.com/wildflowerdiary_official""target=""_blank"" title=""새창 : 야생화일기 인스타그램으로 이동"">http://www.instagram.com/wildflowerdiary_official</a>",129.2832495927,35.9624501768,2840403,39,
2840349,우렁각시,http://tong.visitkorea.or.kr/cms/resource/39/2840339_image2_1.jpg,,경상북도 경주시 보불로 198,,,,"우렁각시는 경상북도 경주시 하동에 있다. 청기와를 얹은 건물 안으로 들어가면 깔끔한 인테리어가 돋보이는 내부가 방문객을 반긴다. 내부에는 단체석이 마련되어 있어 각종 모임을 하기 좋다. 대표 메뉴는 우렁강된장와 석쇠불고기다. 이 밖에 우렁회무침, 한우떡갈비 등을 맛볼 수 있다. 특히 우렁강된장의 맛은 구수해 일품이며 신선한 쌈채소가 제공돼 건강하고 든든한 한 끼를 챙길 수 있다. 넓은 주차장이 구비되어 있어 방문하기 용이하다.
동경주 IC에서 가깝고 인근에 블루원디아너스CC가 있다.",,129.3132321122,35.8020910734,2840349,39,
2840325,우마왕 본점,http://tong.visitkorea.or.kr/cms/resource/15/2840315_image2_1.jpg,,경상북도 경주시 숲머리길 168,,,,"우마왕은 경상북도 경주시 보문동에 있다. 고풍스러운 외관, 차분한 느낌의 내부가 눈에 띈다. 내부에는 단체석이 마련되어 있어 각종 모임을 하기 좋다. 다수의 방송 프로그램에 소개되었다. 대표 메뉴는 고기 듬뿍 한우탕(나주식)이다. 이 밖에 한우물회, 낙삼갈비탕, 얇은 피 고기만두, 육회비빔밥, 골프채 갈비탕, 골프채 갈낙탕 등을 맛볼 수 있다.
경주 IC에서 가깝고 인근에 보문관광단지, 경주 CC, 경주월드가 있다.","<a href=""https://woomawang.imweb.me/""target=""_blank"" title=""새창 : 주식회사 우마왕 홈페이지로 이동"">https://woomawang.imweb.me/</a>",129.2542777776,35.8428770221,2840325,39,
2840301,이스트앵글 베이커리카페,http://tong.visitkorea.or.kr/cms/resource/98/2840298_image2_1.jpg,,경상북도 경주시 해변공원길 4,,,,"이스트앵글 베이커리카페는 경상북도 경주시 양남면 수렴리에 있다. 경주 앞바다를 배경으로 세워진 덕분에 카페 안팎에서 멋진 풍경을 감상하며 음료를 즐길 수 있다. 대표 메뉴는 해수염커피다. 이 밖에 에스프레소, 흑임자크림라떼, 아메리카노, 카페라떼, 레모네이드 등을 맛볼 수 있다. 또한 다양한 베이커리류도 맛볼 수 있다. 매장은 2층으로 구조로 되어있고 2층에서 보는 아름다운 풍경이 특히나 유명하다. 주차는 매장 앞과 갓길 주차가 가능하다. 동경주 IC에서 가깝고 인근에 관성솔밭해변, 진리해변이 있다.",,129.4648476537,35.6690617128,2840301,39,
2840291,이재원과자공방,http://tong.visitkorea.or.kr/cms/resource/86/2840286_image2_1.jpg,,경상북도 경주시 봉황로 89,,,,"이재원과자공방은 경상북도 경주시 서부동에 있다. 세련된 외관과 차분한 느낌의 인테리어가 눈에 띄는 케이크 전문점이다. 케이크를 만들 때 보존료 등 첨가물을 전혀 사용하지 않는다. 100% 우유 버터 등 고급 재료만으로 먹거리를 만든다. 대표 메뉴는 홀케이크 2호다. 이 밖에 조각케이크, 쿠키, 아메리카노, 카페라테, 비엔나커피, 핫초코 등을 맛볼 수 있다. 경주 IC에서 가깝고 인근에 황리단길, 대릉원돌담길, 첨성대가 있다.",,129.2100648536,35.8475173293,2840291,39,
2840258,진주냉면 남가옥,http://tong.visitkorea.or.kr/cms/resource/51/2840251_image2_1.jpg,,경상북도 경주시 동해안로 497,,,,"진주냉면 남가옥은 경상북도 경주시 양남면 읍천리에 있다. 경주양남주상절리전망대 인근에 있는 냉면 전문점이다. 깔끔한 외관과 모던한 인테리어가 눈에 띈다. 바로 앞은 아니지만 바다를 바라보며 식사할 수 있다. MBC 시사 교양 프로그램 <생방송 오늘 저녁>에 소개되었다. 대표 메뉴는 물냉면이다. 이 밖에 비빔냉면, 육전비빔밥, 육전, 메밀만두 등을 맛볼 수 있다. 동경주 IC에서 가깝고 주변에 나아해변, 나산들공원이 있다.","<a href=""https://blog.naver.com/duk8446""target=""_blank"" title=""새창 : 진주냉면남가옥 블로그로 이동"">https://blog.naver.com/duk8446</a>",129.4734908282,35.6871265107,2840258,39,
3536325,EX-펌킨나잇 : 매직킹덤,http://tong.visitkorea.or.kr/cms/resource/24/3536324_image2_1.png,,경상북도 경주시 경감로 614 (천군동),,,,"경주엑스포대공원에서 할로윈 시즌마다 열리는 체험형 콘텐츠로 올해 5년째 이어지고 있다. 어린이를 동반한 가족 단위 관람객이 많이 찾는 대표 프로그램이며, 2024년부터는 ‘EX-펌킨나잇’이라는 브랜드로 운영되어 전 연령층이 함께 즐길 수 있는 축제로 자리매김하였다. 2025년에는 온 세상이 호박으로 이루어진 신비한 나라 매직킹덤을 탐험하는 콘셉트로, 행사장 전체를 하나의 국가처럼 구성하였다. 소방서, 경찰서, 방송국 등 국가의 필수 기관을 할로윈 분위기와 결합하여 재해석함으로써 단순한 볼거리를 넘어 참여와 체험의 기회를 제공한다. 특히 아이들은 놀이 속에서 직업을 간접적으로 경험할 수 있어 교육적 가치까지 더한 색다른 할로윈 프로그램으로 운영된다.","<a href=""https://www.cultureexpo.or.kr/open.content/ko/"" target=""_blank"" title=""새창 : EX-펌킨나잇 홈페이지로 이동"">https://www.cultureexpo.or.kr/</a>",129.2895443842,35.8340564631,3536325,15,"054-740-3950"
2839075,물천한우,http://tong.visitkorea.or.kr/cms/resource/69/2839069_image2_1.jpg,,경상북도 경주시 천북남로 451,,,,"물천한우는 경상북도 경주시 천북면 물천리에 있다. 깔끔한 외관과 인테리어가 눈에 띈다. 내부에는 단체석이 마련되어 있어 각종 모임을 하기 좋다. 대표 메뉴는 한우갈빗살이다. 이 밖에 한우불고기, 한우꽃등심, 한우눈꽃갈빗살, 집된장 한우찌개, 집된장 돼지찌개 등도 맛볼 수 있다. 손님상에 내는 한우는 모두 최고 등급이다. 경주 IC에서 가깝다. 인근에 경주 CC, 보문관광단지, 소노벨 경주가 있다.","<a href=""https://www.instagram.com/mulcheonhanwoo/#"" target=""_blank"" title=""새창 : 물천한우 인스타그램으로 이동"">https://www.instagram.com/mulcheonhanwoo/#</a>",129.2753807091,35.870029912,2839075,39,
2839062,료코,http://tong.visitkorea.or.kr/cms/resource/52/2839052_image2_1.jpg,,경상북도 경주시 첨성로99번길 24,,,,"료코는 ‘여행’이라는 뜻의 일본어로 이곳에 방문한 손님들에게 식탁 위의 작은 여행을 선사한다. 대릉원 인근에서 돈가스가 맛있기로 소문난 곳이다. 한옥으로 지어져 외관이 고풍스러운 느낌이며 내부에서는 깔끔함이 엿보인다. 이곳의 주메뉴는 카레와 카츠, 누들, 오므라이스 4가지가 있으며 모두 각자 매력이 있어 남녀노소 불구하고 다양한 연령대의 손님들이 찾는다.","<a href=""http://www.instagram.com/ryoko.gyeongju""target=""_blank"" title=""새창 : 료코 인스타그램으로 이동"">http://www.instagram.com/ryoko.gyeongju</a>",129.2127677414,35.835329868,2839062,39,
2838980,도미,http://tong.visitkorea.or.kr/cms/resource/69/2838969_image2_1.jpg,,경상북도 경주시 중앙로 10,,,,"도미는 경상북도 경주시 노동동에 있는 이탈리아 요리 전문점이다. 요리할 때 제절 재료를 사용하며, 지중해풍으로 만들어 속이 편안한 식사를 즐길 수 있다. 대표 메뉴는 샥슈카이다. 굴라쉬, 피자, 감바스 알 하이요 등도 맛볼 수 있다. 주차장이 마련되지 않았지만 인근에 있는 해동주차장을 1시간 무료로 이용할 수 있다. 경주 IC에서 가깝고 인근에 첨성대를 비롯해 경주교촌한옥마을, 동궁과 월지 등 경주의 유명 관광지가 있다.","<a href=""https://www.instagram.com/domi.community/""target=""_blank"" title=""새창 : 도미 인스타그램으로 이동"">https://www.instagram.com/domi.community/</a>",129.2118093357,35.8408153418,2838980,39,
2838924,기와골맷돌순두부,http://tong.visitkorea.or.kr/cms/resource/19/2838919_image2_1.jpg,,경상북도 경주시 숲머리길 142,,,,"기와골맷돌순두부는 순수 국산콩으로 직접 매일 만드는 순두부로 요리하는 한식당이다. 외관과 인테리어에서 전통적인 분위기가 풍기는 곳이다. 오전 8시 30분부터 영업을 하기 때문에 아침식사도 가능하다. 대표 메뉴는 순두부찌개다. 이 밖에 들깨순두부찌개, 손두부전골, 손두부, 파전, 만두, 콩국수 등을 맛볼 수 있다.",,129.2515752634,35.8419409658,2838924,39,
2838895,구릉,http://tong.visitkorea.or.kr/cms/resource/88/2838888_image2_1.jpg,,경상북도 경주시 북군3길 12-8,,,,"구릉은 경상북도 경주시 북군동에 있다. 보문호 인근 한옥 카페로 많은 사람이 찾는다. 대표 메뉴는 이 카페에서만 맛볼 수 있는 크림브륄레 수플레다. 이 밖에 꾸덕꾸덕한 크림이 잔뜩 들어간 구릉커피, 8가지 홍차를 끓인 후 우려내서 만든 구릉 밀크티 ICE 등도 맛볼 수 있다. 경주 IC와 가까운 거리에 있고 주변에 경주세계자동차박물관, 선덕여왕공원, 경주동궁원 등 관광지가 많다. 반려동물은 야외에서 동반 가능하다.","<a href=""https://www.instagram.com/cafe_gureung""target=""_blank"" title=""새창 : 카페 구릉 인스타그램으로 이동"">https://www.instagram.com/cafe_gureung</a>",129.2650543297,35.8527400021,2838895,39,
2838866,교동집밥,http://tong.visitkorea.or.kr/cms/resource/56/2838856_image2_1.jpg,,경상북도 경주시 첨성로 127,,,,"교동집밥은 경상북도 경주시 황남동에 있다. 가정식 요리로 든든한 한끼를 즐길 수 있는 곳으로 많은 사람이 방문한다. 대표 메뉴는 된장 양념에 재운 돼지고기가 구워져 나오는 맥적구이 가정식이다. 이 밖에 매콤한 양념과 부드러운 육질이 일품인 매콤닭불고기 가정식을 비롯해 얼큰고추장찌개와 고등어구이 가정식, 석쇠장어구이덮밥 가정식 등을 맛볼 수 있다. 포장도 가능하다. 경주 IC에서 가깝고 인근에 첨성대, 경주교촌한옥마을, 동궁과 월지가 있다.","<a href=""https://www.instagram.com/gyo_dong/?igsh=MXI0eDk1N2lpbmhveA%3D%3D#"" target=""_blank"" title=""새창 : 경주 교동집밥 인스타그램으로 이동"">https://www.instagram.com/gyo_dong/</a>",129.2153258787,35.8343300285,2838866,39,
1854200,천년 전 신라인들을 만나다,http://tong.visitkorea.or.kr/cms/resource/49/202649_image2_1.jpg,,,,,,경주는 신라시대와 현대가 공존하는 공간이다. 경주 시내 곳곳에 봉긋 솟아 있는 수많은 고분은 신라인들의 삶을 추정할 수 있는 유물이 다수 발굴된 신라시대 문화유산의 보고이다. 대릉원과 봉황대 등 고즈넉한 고분들 사이를 산책하듯 거닐다 보면 천년 전 신라인들이 말을 걸어오는 듯하다.,,129.2202505546,35.8305555475,1854200,25,
2838756,경주다방,http://tong.visitkorea.or.kr/cms/resource/46/2838746_image2_1.jpg,,경상북도 경주시 원효로 121-1 (황오동),,,,"경주다방은 경상북도 경주시 황오동에 있다. TV프로그램에 소개된 디저트 카페로 빈티지한 소품들로 80~90년대 분위기를 연출했다. 대표 메뉴는 첨성대 모양의 아이스 큐브와 달콤한 연유가 어우러진 첨성대 라테와 인절미 와플이고 진한 유자청의 맛이 느껴지는 유자에이드, 부드러운 크림을 얹은 크림말차라테 등도 있다. 경주 IC에서 가깝고 인근에 첨성대를 비롯해 경주 교촌 한옥마을, 동궁과월지, 팔우정 해장국거리가 있다.","<a href=""https://www.instagram.com/salondegyeongju/""target=""_blank"" title=""새창 : 경주다방 인스타그램으로 이동"">https://www.instagram.com/salondegyeongju/</a>",129.2140424333,35.8422291128,2838756,39,
2838742,경주 블리스커피,http://tong.visitkorea.or.kr/cms/resource/29/2838729_image2_1.jpg,,경상북도 경주시 보불로 158,,,,"경주 블리스커피는 경상북도 경주시 하동에 있는 한옥카페다. 커다란 건물에 고풍스러운 외관과 수목원을 연상케 하는 플랜테리어 카페로 찾는 사람이 많다. 단체석이 마련되어 있어 각종 모임을 가지기 좋고 반려견 동반 입장도 가능하다. 대표 메뉴는 플랫화이트에 시그니처 크림을 올린 블리스페너지만 아메리카노와 함께 다양한 베이커리와 샌드위치, 키쉬 등도 준비돼 있다. 남경주 IC에서 가깝고 인근에 불국사와 석굴암이 있어 연계 여행에 나서기 좋다.",,129.3138877166,35.7983331767,2838742,39,
231891,경주 정혜사지 십삼층석탑,http://tong.visitkorea.or.kr/cms/resource/01/3531001_image2_1.jpg,,경상북도 경주시 안강읍 옥산리 1655,,,,"경주 정혜사터에 세워져 있는 통일신라시대 특수한 형태의 석조 불탑이다. 흙으로 쌓은 1단의 기단 위에 13층의 탑신을 올린 모습으로 통일신라시대에서는 그 비슷한 예를 찾아볼 수 없는 독특한 모습이다.
1층 탑몸돌이 거대한데 비해 2층부터는 몸돌과 지붕돌 모두가 급격히 작아져서 2층 이상은 마치 1층탑 위에 덧붙여진 머리 장식처럼 보인다. 큰 규모로 만들어진 1층 몸돌은 네 모서리에 사각형의 돌기둥을 세웠으며, 그 안에 다시 보조 기둥을 붙여 세워 문을 만들어 놓았다. 이렇듯 문을 마련해 놓은 것은 열린 공간을 추구하고자 한 의지의 표현으로 보고 있다. 지붕돌은 밑면의 받침을 조각이 아닌 별개의 다른 돌로 만들어 놓았고, 직선을 그리던 처마는 네 귀퉁이가 들려 있다. 꼭대기에는 머리장식의 받침돌인 노반만이 남아있다. 9세기 통일신라시대에 세워졌을 것으로 추측되는 이 탑은 13층이라는 보기 드문 층수에, 기단부 역시 일반적인 양식에서 벗어나 당시의 석탑 연구에 귀중한 자료로 평가되고 있다.","<a href=""https://www.gyeongju.go.kr/tour/page.do?cmd=2&mnu_uid=2515&chaNo=335""target=""_blank"" title=""새창:  경주문화관광"">http://www.gyeongju.go.kr/tour</a>",129.1570284932,36.0191441496,231891,12,
315959,보리사(경주),http://tong.visitkorea.or.kr/cms/resource/54/3531054_image2_1.jpg,,경상북도 경주시 갯마을길 41-30 (배반동),,,,"경주 남산 자락에 자리한 보리사는 남북국시대 통일신라 시기에 창건됐으며 남산에서 가장 규모가 큰 사찰이다. 신라 헌강왕과 정강왕의 능이 보리사 동남쪽에 위치한다는 내용이 등장할 정도로 유서 깊다.
현존하는 건물로는 대웅전과 산신각, 선원, 종각, 요사채 등이 있고 유물로는 통일신라 때 제작된 경주 남산 미륵곡 석조여래좌상과 보리사마애석불이 있다. 경주 남산 미륵곡 석조여래좌상은 남산에서 가장 잘생긴 부처님이라는 별명이 붙을 정도로 얼굴의 윤곽이 뚜렷하고 정교하게 조각되어 있고 전체적인 보존 상태가 좋다. 또, 보리사에서 산길을 따라 35m쯤 오르면 바위에 새긴 마애석불이 있다. 조각이 거칠고 아랫부분이 생략되어 공중에 떠 있는 듯하다.
보리사는 경북천년숲정원과 통일전, 서출지 등의 명소와 가까워 함께 둘러보기 좋다.","<a href=""https://www.gyeongju.go.kr/tour/page.do?cmd=2&mnu_uid=2295&area_uid=280"" target=""_blank"" title=""새창 : 홈페이지로 이동"">https://www.gyeongju.go.kr</a>",129.2359385999,35.8119023939,315959,12,
2729981,캠프ING,http://tong.visitkorea.or.kr/cms/resource/33/2729933_image2_1.jpg,,경상북도 경주시 강동면 호명큰골길 47,,,,"경북 경주시 강동면에 위치한 캠프 ing는 경주시청을 기점으로 13㎞가량 떨어진 곳에 있다. 숲 속 폐교를 캠핑장으로 개장해 옛 추억을 자극하는 볼거리가 많은 것이 특징이다. 캠핑장은 자동차 야영장 30면으로 이뤄져 있고 바닥은 파쇄석 28면과 데크 2면이다. 사이트 크기는 파쇄석이 가로 8m 세로 10m, 데크는 가로 5m 세로 5m다. 개인 트레일러와 카라반의 동반 입장이 가능하며 관리소에서 릴선, 화로대, 난방기구 등 캠핑 장비를 대여하고 있다. 주말 운영을 원칙으로 사계절 내내 운영한다 .
캠핑장과 가까운 거리에 경주 양동마을, 안계저수지 등이 있고 중식당, 한식당, 분식집, 기사식당 등도 인접해 있다.","<a href=""http://cafe.naver.com/kjcamping"" target=""_blank"" title=""새창 : 경주 캠프ING 오토캠핑장 네이버 카페로 이동"">http://cafe.naver.com/kjcamping</a>",129.2525520937,35.9691432817,2729981,28,
2774281,보문숲머리먹거리촌,http://tong.visitkorea.or.kr/cms/resource/50/3531050_image2_1.jpg,,경상북도 경주시 보문동 (보문동),,,,"경주시 보문동에 자리한 숲 머리 마을은 명활산이 병풍처럼 감싸고 옆으로는 드넓은 보문들이 펼쳐진 아름다운 자연마을이다. 진평왕릉과 보문 사지, 명활산성, 신라왕경 숲과 인접해 여행자들도 가볍게 들르기 좋다. 특히 명활산성에서 진평왕릉을 잇는 숲 머리 마을 뒤편 둑에는 ‘선덕여왕길’이란 이름이 붙었는데, 해마다 봄이면 겹벚꽃이 만발해 현지인들에게 숨은 봄꽃 명소로 사랑받는 곳이다. 핑크색 겹벚꽃이 만발한 길을 천천히 걷다 보면 중간중간 쉬어가기 좋은 의자와 포토존도 만날 수 있다. 둘레길에서 내려다보이는 한옥마을이 보문 숲 머리 먹거리촌이다. 푸짐한 상차림의 한정식을 비롯해 숯불갈비와 매운탕, 오리구이, 순두부, 막국수 등 다양한 먹거리가 모여 있어 든든한 한 끼를 즐기기 좋다.",,129.255280703,35.8346251949,2774281,12,
2753446,수협 활어직판장,http://tong.visitkorea.or.kr/cms/resource/64/3530964_image2_1.jpg,,경상북도 경주시 감포읍 감포항구길 91,,,,"수협 활어직판장은 경북 경주시 감포읍에 자리 잡고 있다. 감포항과 연이어 있어 싱싱한 해산물을 구입할 수 있다. 직판장 1층에서는 활어와 대게 등 각종 해산물을 판매한다. 2층은 상차림 비용을 지급하면 1층에서 구입한 회를 먹을 수 있는 음식점이다. 직판장 인근에는 오류 고아라 해변, 전촌 솔밭 해변, 나정 고운 모래 해변 등이 있다.",,129.5076538171,35.8083246217,2753446,38,
2531362,와담정,http://tong.visitkorea.or.kr/cms/resource/36/3532436_image2_1.jpg,,경상북도 경주시 천원1길 18 (탑동),,,,"와담정은 한국 전통 한옥의 아름다움을 간직한 숙소로, 고즈넉한 분위기 속에서 특별한 휴식을 제공하는 경주 한옥 펜션이다. 정원에는 자연을 가까이에서 느낄 수 있는 넓은 평상이 마련되어 있어 담소를 나누며 여유를 즐기기 좋다. 수라간에서는 투숙객을 위한 무료 조식이 제공되어 간편하게 아침 식사를 할 수 있다. 교촌마을, 월정교, 첨성대, 안압지, 황리단길 등 경주의 대표 관광지가 인근에 있어 이동이 편리하다. 낮과 밤이 다른 경주의 풍경을 감상하며, 잊지 못할 추억을 만들 수 있는 장소이다.","<a href=""http://wadamjung.com"" target=""_blank"" title=""새창: 와담정 홈페이지로 이동"">http://wadamjung.com</a>",129.2129763268,35.8258309439,2531362,32,
2727456,산내별빛오토캠핑장,http://tong.visitkorea.or.kr/cms/resource/47/2727447_image2_1.JPG,,경상북도 경주시 산내면 문복로 333-13,,,,"산내별빛 오토캠핑장은 경북 경주시 산내면에 자리 잡고 있다. 경주시청을 기점으로 약 46㎞ 거리에 있으며 차량을 이용해 경부고속도로, 단석로, 문복로를 차례로 달리면 도착한다. 이동시간은 50분정도 걸린다. 이곳은 도로와 인접해 접근이 쉽다. 야영장을 숲에 조성해서 자연과 함께 캠핑과 휴식을 할 수 있다. 캠핑장에는 파쇄석으로 이뤄진 일반 야영장 12면을 마련했다. 사이트 크기는 대략 가로 6~8m 세로 7~10m이다. 화로대, 전기, 무선인터넷을 이용할 수 있다. 개인 트레일러와 카라반 입장이 가능하며, 카라반의 경우 이용료는 일반 야영장과 동일하다. 관리소에서는 텐트, 릴선, 난방기구 등을 빌려준다.","<a href=""http://www.starlightcamp.kr/"" target=""_blank"" title=""새창 : 산내 별빛 오토캠핑장 홈페이지로 이동"">http://www.starlightcamp.kr/</a>",129.0581444578,35.6640962785,2727456,28,
2838717,갈치조림 토박이식당,http://tong.visitkorea.or.kr/cms/resource/08/2838708_image2_1.jpg,,경상북도 경주시 북군길 21,,,,"갈치조림 토박이식당은 한국 전통음식 전문점으로 경상북도 경주시 북군동에 있다. 웅장한 한옥으로 되어 있지만 내부는 세련된 인테리어로 카페처럼 꾸며 놓았다. 주차장이 식당 바로 앞에 있어 이용이 편리하고 테이블 간격이 넓어 여유 있는 식사를 할 수 있다. 낚시로 잡는 제주 갈치만을 사용하는 한정식 형태의 갈치 전문점으로 반찬이 다양하고 깔끔하다. 단체석이 있어 가족 모임이나 단체 회식도 할 수 있다. 대표 메뉴는 다양한 반찬과 함께 나오는 갈치찌개+돌솥밥으로 2인 이상 주문이 가능하다. 이 밖에 전복장 정식, 전복 순두부, 갈치구이+돌솥밥, 전복죽, 해물파전 등이 있으며 초등학생 이상은 1인 1식 주문이 원칙이다. 경주 IC에서 가깝고 인근에 보문관광단지, 경주 CC가 있다.","<a href=""https://blog.naver.com/tobagii_gyeongju/223958092498"" target=""_blank"" title=""새창 : 경주 토박이식당 블로그로 이동"">https://blog.naver.com/tobagii_gyeongju</a>",129.2636461324,35.8523094677,2838717,39,
2838694,No Words,http://tong.visitkorea.or.kr/cms/resource/85/2838685_image2_1.jpg,,경상북도 경주시 태종로 744,,,,"No Words는 경상북도 경주시 황남동에 있다. 황리단길로 불리는 곳에서 가장 유명한 카페로 2층으로 되어 있다. 빈티지한 느낌으로 꾸며 놓았는데 빈자리를 확인 후 2층에서 주문을 하면 직원이 직접 자리까지 커피를 가져다준다. 대표 메뉴는 에스프레소지만 롱블랙, 카푸치노, 라떼가 유명하고 특히 라테에 아이스크림을 얹어 주는 엑설런트 라뗴가 인기다. 주말엔 웨이팅이 심한 편이고 1인 1 음료 주문이 필수다. 경주 IC에서 가깝고 인근에 첨성대를 비롯해 경주 교촌한옥마을, 동궁과 월지가 있다.","<a href=""https://www.instagram.com/nowordscoffeebrewers/#""target=""_blank"" title=""새창 : No Words 인스타그램으로 이동"">https://www.instagram.com/nowordscoffeebrewers/#</a>",129.209517913,35.8392988028,2838694,39,
2730796,용천토리오토캠핑장,http://tong.visitkorea.or.kr/cms/resource/20/2731520_image2_1.jpg,,경상북도 경주시 산내면 대현길 390,,,,"용천토리 오토캠핑장은 경북 경주시 산내면에 자리 잡고 있다. 경주 시청을 기점으로 42㎞가량 떨어져 있는데 자동차를 타고 용담로, 건포산업로, 단석로, 문복로를 차례로 달리면 1시간 안팎에 도착할 수 있다. 이곳은 사방이 숲으로 둘러싸여 청정한 기분을 느끼게 하고 몇 발자국만 걸어가면 계곡이 있어 한여름 무더위를 날리기에 좋다. 그뿐만 아니라 사과 수확철에는 사과 따기 체험을 진행하는데 일정 비용의 체험료만 내면 1㎏의 사과를 수확해 가져갈 수 있다. 캠핑장에는 파쇄석으로 이뤄진 자동차 야영장 18면이 마련되어 있다. 캠핑장 주변에 경주국립공원, 국립 운문산자연휴양림, 운문호 등 관광자원이 풍부하여 여행하기도 좋다.",,129.0775306098,35.7011202448,2730796,28,
2730792,오토캠핑장봄날처럼,http://tong.visitkorea.or.kr/cms/resource/28/2731528_image2_1.jpg,,경상북도 경주시 안강읍 호국로 2522-12,,,,"봄날처럼은 경북 경주시 안강읍에 자리하고 있는데, 경주 시청을 기점으로 24㎞ 가량 떨어져 있어 자동차를 타고 용담로, 형산로, 호국로를 차례로 거치면 30분 안팎에 도착할 수 있다. 캠핑장은 첨성대 일원, 불국사 등 경주의 유명 관광지와 영일대해수욕장, 죽도 시장 등 포항의 대표 여행지를 손쉽게 오갈 수 있는 위치에 터를 잡았는데 이 때문에 연계 관광이 수월할 뿐만 아니라 미각에 즐거움을 선사할 음식점도 어렵지 않게 찾아 나설 수 있다. 캠핑장은 오토캠핑장 45면을 마련했는데 바닥 형태는 파쇄석이며 사이트 크기는 가로 8.5m 세로 8.5m로 개인 카라반과 트레일러 동반 입장이 가능하다. 화장실과 샤워실은 남녀를 구분해 각각 4개소와 2개소가 있으며 개수대는 2개소인데 수시로 잘 관리해서 항상 깔끔함을 유지하고 있고 어린이 놀이방과 캠핑장 내 아담한 산책로도 눈에 띈다. 캠핑장은 금요일부터 일요일까지 문을 연다.","<a href=""http://www.봄날처럼.com/"" target=""_blank"" title=""새창 : 봄날처럼 홈페이지로 이동"">http://www.봄날처럼.com/</a>",129.1858293694,35.9971971787,2730792,28,
2609826,경주 쌈밥거리,http://tong.visitkorea.or.kr/cms/resource/18/3034118_image2_1.jpg,,경상북도 경주시 계림로 9 (황남동),,,,"신라의 찬란한 문화유산이 산적해 있어 도시 전체가 유적지라 할 수 있는 경주는 맛의 고장이기도 하다. 황남빵을 비롯해 해장국거리, 불고기단지, 매운탕단지 등 유명한 맛집 골목이 많다. 특히 대릉원 일대는 쌈밥 골목으로 명성이 자자하다. 주 메뉴인 쌈밥 정식은 맛깔스러운 생선과 고기, 집된장으로 끓여낸 된장찌개 등 푸짐한 반찬과 신선하고 다양한 쌈 채소가 제공되어 언제 즐겨도 맛있다. 가게별로 석쇠구이, 석쇠불고기쌈밥과 소불고기쌈밥 등 메뉴가 다양하다.",,129.2107400311,35.8392099471,2609826,12,
2730791,휴앤락오토캠핑장,http://tong.visitkorea.or.kr/cms/resource/78/2730778_image2_1.jpg,,경상북도 경주시 석현로 110-49 (석장동),,,,"휴앤락캠핑장은 경북 경주시 석장동에 위치하고 있다. 경주시청을 기점으로 5㎞가량 떨어져 있고 도착까지 걸리는 시간은 15분 안팎이다. 나지막한 산에 캠핑장이 있지만 발아래로 내려다보는 풍경이 일품이다. 샤워장과 화장실 등 부대시설은 깔끔하게 관리가 잘 되어있다. 캠핑장에는 자동차 야영장 64면이 마련되어 있으며 바닥은 모두 자갈로 이루어져 있다. 캐인 트레일러와 카라반 출입이 자유롭고 반려동물 동반 입장도 가능하다. 관리소에서는 릴선과 난방 기구 등 캠핑 장비를 빌릴 수 있다. 캠핑장 인근에 대릉원 일원, 첨성대, 국립경주박물관 등 경주의 대표 관광지가 많고 성업 중인 음식점도 많아 식도락의 즐거움도 만끽할 수 있다.","<a href=""http://cafe.naver.com/huenrockcamp"" target=""_blank"" title=""새창 : 경주휴앤락오토캠핑장 네이버카페로 이동"">http://cafe.naver.com/huenrockcamp</a>",129.1844860827,35.8635844773,2730791,28,
2726711,그린하우스캠핑장,http://tong.visitkorea.or.kr/cms/resource/55/2727155_image2_1.jpg,,경상북도 경주시 산내면 대현길 91-6,,,,"그린하우스펜션 오토캠핑장은 경북 경주시 산내면에 자리 잡고 있다. 경주 시청을 기점으로 39㎞가량 떨어졌다. 이곳은 물 맑은 청정 계곡과 싱그러운 숲이 조화를 이룬 캠핑장이다. 이 덕택에 휴가철이면 청량감 가득한 숲 속에서 계곡 물놀이를 만끽하며 캠핑을 즐기려는 이들이 끊이지 않는다. 캠핑장에는 일반 야영장 25면을 마련했다. 바닥은 모두 파쇄석으로 이뤄졌으며 사이트 크기는 가로 7m 세로 7m이다. 개인 트레일러와 카라반 동반 입장이 가능하며  소형견에 한해 출입을 허락한다. 관리소에서는 캠퍼에 한해 릴선을 빌려준다.
캠핑장 인근에 경주국립공원 단석산지구, 국립 운문산 자연휴양림 등이 있어 연계여행이 용이하다. 자동차로 10여 분 거리에  다양한 음식점이 있다.","<a href=""https://xn--289ajxf1x9uhotbu1ksne311adsd.kr/"" target=""_blank"" title=""새창 : 경주 그린하우스펜션 홈페이지로 이동"">https://경주그린하우스펜션.kr/</a>",129.066255956,35.7239007979,2726711,28,
2726694,경주힐링캠프,http://tong.visitkorea.or.kr/cms/resource/07/2727007_image2_1.jpg,,경상북도 경주시 산내면 장사길 418-55,,,,"경주힐링캠프는 경북 경주시 산내면에 자리 잡고 있다. 경주시청을 기점으로 31㎞가량 떨어졌다. 자동차에 몸을 싣고 용담로, 건포산업로, 단석로, 장사길을 차례로 달리면 닿는다. 도착까지 소요되는 시간은 40분 안팎이다. 이곳은 체험휴양마을이자 23개의 봉우리에 둘러싸인 다봉마을에 위치했다. 다봉마을은 울창한 자연림과 깨끗한 계곡으로 유명하다. 덕분에 캠핑장 역시 자연친화적인 공간으로 이름이 자자하다. 캠핑장에는 글램핑 18개 동과 자동차 야영장 15면이 마련되어 있다. 글램핑 객실 내부에는 침대, 에어컨 등을 비치했다. 외부 전용 공간에는 테이블, 의자, 아이스박스, 식기류, 취사도구, 바비큐 시설을 배치했다. 야영장은 데크 8면, 파쇄석 7면으로 이루어져 있다. 이곳은 연중 운영하며 예약은 온라인 실시간으로 가능하다. 캠핑장과 가까운 거리에 경주국립공원 단석산지구 등의 관광지가 있어 연계 관광이 순조롭다. 신경주역이나 경주역 방면으로 나가면 다양한 음식점이 성업 중이다.","<a href=""http://xn--289aw0wg0lcpfzziy1d.com/"" target=""_blank"" title=""새창 : 경주힐링캠프 홈페이지로 이동"">http://xn--289aw0wg0lcpfzziy1d.com/</a>",129.0410500007,35.8164315488,2726694,28,
2726688,경주텐타우스글램핑,http://tong.visitkorea.or.kr/cms/resource/90/2726990_image2_1.jpg,,경상북도 경주시 강동면 왕신숲골안길 5,,,,"경주텐타우스 글램핑은 경북 경주시 강동면에 자리 잡고 있다. 경주시청을 기점으로 17㎞가량 떨어졌다. 자동차에 몸을 싣고 산업로, 건포산업로, 천강로를 차례로 달리면 닿는다. 도착까지 걸리는 시간은 20분 안팎이다. 폐교였던 공간을 캠핑장으로 탈바꿈한 이곳은 깔끔하고 고급스러운 느낌이 강하다. 캠핑장의 모든 시설이 깔끔하게 관리되고 있으며 고급스러움은 글램핑에서 느낄 수 있다. 캠핑장에는 글램핑 15개 동과 일반 야영장 45면을 마련했다. 글램핑 객실 내부에는 침대, 에어컨, 선풍기, 냉장고 등이 있고 외부 전용 데크에는 캠핑 테이블, 캠핑 의자, 취사도구, 취사도구 등을 비치했다. 일반 야영장의 바닥은 모두 파쇄석으로 이뤄졌으며 사이트 크기는 가로 8.5 세로 10m다. 캠핑장과 멀지 않은 곳에 경주양동마을, 증명자연생태공원 등의 관광지가 있다. 폐역인 부조역 인근에 여러 음식점도 성업 중이다.","<a href=""https://cafe.naver.com/tentaus"" target=""_blank"" title=""새창 : 경주텐타우스글램핑 네이버카페로 이동"">https://cafe.naver.com/tentaus</a>",129.2916320584,35.9670692575,2726688,28,
2726683,경주오류캠핑장,http://tong.visitkorea.or.kr/cms/resource/73/2726973_image2_1.jpg,,경상북도 경주시 감포읍 동해안로 2468-14,,,,"오류캠핑장은 경북 경주시 감포읍에 자리 잡고 있다. 경주시청을 기점으로 35㎞가량 떨어졌다. 자동차에 몸을 싣고 경감로, 토함산로, 31번 국도를 번갈아 달리면 닿는다. 도착까지 소요 시간은 50분 안팎이다. 경주를 대표하는 해변 가운데 하나인 오류고아라해변 앞에 터를 잡은 이곳은 여름철이면 해수욕과 더불어 캠핑을 즐기려는 이들의 발길이 끊이지 않는다. 캠핑장에는 일반 야영장 8면과 카라반 28대를 마련했다. 일반 야영장 바닥은 모두 자갈로 이뤄졌고 카라반 내부는 침대, 에어컨, 냉장고, 개수대, 취사도구, 식기류, 화장실, 샤워실 등 일상생활에 필요한 물품과 제반시설을 갖추고 있다. 캠핑장은 연중 쉬지 않고 운영하며 개인 트레일러와 개인 카라반 동반 입장은 불가능하다. 캠핑장이 자리한 오류고아라해변을 비롯해 근처에 나정 고운 모래 해변, 양포항 등 주변 관광자원이 풍부하다. 가까운 거리에 여러 음식점도 성업 중이다.","<a href=""https://orcp.or.kr/intro/intro.php"" target=""_blank"" title=""새창 : 경주오류캠핑장 홈페이지로 이동"">https://orcp.or.kr/intro/intro.php</a>",129.508492229,35.8223647215,2726683,28,
2840447,현대쌈밥,,,경상북도 경주시 보불로 88 (하동),,,,"현대쌈밥은 경상북도 경주시 감포읍 대본리에 있는 쌈밥 맛집이다. 처음엔 자연산 참가자미 요리 전문이었지만 회와 쌈밥을 결합하고 구이와 쌈밥을 함께 내면서 지금은 쌈밥이 대표메뉴가 됐다. 회 쌈밥과 생선구이 쌈밥이 있고 두 가지를 함께 맛볼 수 있는 세트 메뉴가 있다. 그 밖에 물회, 회덮밥, 대구탕도 있다. 미역국과 함께 나오는 밑반찬이 다양하고 미역, 톳, 다시마 같은 해초류는 쌈에 얹어 먹으면 별미다. 동경주 IC에서 가깝고, 인근에 경주문무대왕릉, 나정고운모래해변이 있어 연계 관광도 가능하다.",,129.3142989675,35.7921672125,2840447,39,
2726678,경주별빛마루글램핑장과펜션,http://tong.visitkorea.or.kr/cms/resource/98/2726798_image2_1.jpg,,경상북도 경주시 천북면 새터흥림길 1-75,,,,"경주 별빛마루는 경북 경주시 천북면에 자리 잡고 있다. 경주시청을 기점으로 11㎞가량 떨어졌다. 자동차에 몸을 싣고 산업로, 천북로, 천갈로를 차례로 달리면 닿는다. 소요시간은 20분 안팎이다. 숲 속에 위치한 이곳에는 글램핑 18개 동이 있다. 글램핑 객실 내부에는 침대, 캠핑 의자, 에어컨이 구비되어 있지만 화장실, 샤워실, 개수대는 내부에 없다. 외부 전용 데크에는 아이스박스, 취사도구, 식기류, 의자 일체형 테이블을 비치했고 캠핑장 내에서 무선 인터넷을 사용할 수 있다. 바비큐 이용 시 기름이 많은 삼겹살은 화재 위험이 있어 금지한다. 미성년자는 보호자 동반 없이 이용할 수 없으며 반려견 출입도 금지하고 있다. 캠핑장 근처에 관광지는 없으며, 연계관광을 원한다면 경주시청 방면으로 나가야 한다. 경주시청 인근엔 음식점도 많다.","<a href=""http://www.starrymaru.com/"" target=""_blank"" title=""새창 : 경주별빛마루 홈페이지로 이동"">http://www.starrymaru.com/</a>",129.2939359164,35.9223799071,2726678,28,
2726663,가온누리캠핑체험장,http://tong.visitkorea.or.kr/cms/resource/74/2726974_image2_1.jpg,,경상북도 경주시 안강읍 호국로 2037,,,,"가온누리 캠핑 체험장은 경북 경주시 안강읍에 자리 잡고 있다. 경주 시청을 기점으로 19㎞가량 떨어졌다. 자동차를 이용해 백률로, 용담로, 새안현로를 차례로 달리면 닿는다. 도착까지 걸리는 시간은 30분 안팎이다. 폐교를 리모델링해 캠핑장으로 새롭게 단장한 이곳은 이색적인 부대시설이 차고 넘친다. 어린이를 위한 작은 도서관을 비롯해 놀이방, 미로 찾기, 영화관 등이 있으며 그 외에도 대숲 산책로, 마중물 체험장, 탁구장 등 어린이와 함께 즐길 거리가 많다.  캠핑장엔 일반 야영장 46면이 마련돼 있고 바닥은 파쇄석 36면과 데크 10면으로 이뤄졌으며 개인 트레일러와 카라반 동반 입장이 가능하다. 관리소에서 릴선, 화로대, 난방 기구, 식기, 침낭 등 캠핑 장비를 대여해 주고 있다. 캠핑장에서 경주 시청 방면으로 나가면 대릉원 일원, 첨성대, 국립경주박물관 등 경주의 유명 관광지와 연계 여행도 가능하다. 인근에 음식점도 많아 입맛에 따라 다양한 요리를 즐길 수도 있다.","<a href=""https://cafe.naver.com/lhs4244"" target=""_blank"" title=""새창 : 가온누리캠핑체험장 홈페이지로 이동"">https://cafe.naver.com/lhs4244</a>",129.1373340915,35.9810480877,2726663,28,
2726662,곤달비캠핑장,http://tong.visitkorea.or.kr/cms/resource/64/2726964_image2_1.jpg,,경상북도 경주시 산내면 하신길 58-31,,,,"곤달비캠프장은 경북 경주시 산내면에 자리 잡고 있다. 경주시청을 기점으로 37㎞가량 떨어졌다. 자동차에 몸을 싣고 용담로, 건포산업로, 단석로를 차례로 달리면 닿는다. 도착까지 걸리는 시간은 50분 안팎이다. 이곳은 숲으로 둘러싸여 있어 자연친화적인 캠핑을 만끽할 수 있다. 또한 바로 근처에 계곡이 있어 물놀이와 캠핑을 한꺼번에 즐길 수 있다. 캠핑장에는 일반 야영장 17면을 마련했다. 바닥은 모두 파쇄석으로 이뤄졌다. 사이트 크기는 가로 6m 세로 7m으로 개인 트레일러와 카라반 입장이 가능하다. 관리소에서 릴선, 화로대, 난방기구, 식기 등 캠핑 장비를 대여해 주고 있다. 캠핑장은 주말 운영을 원칙으로 하며 매년 1월부터 2월까지 휴장에 돌입한다. 캠핑장 인근에 경주국립공원 단석산지구, 운문호 등의 관광지가 있어 연계 관광에 용이하고 관광지 주변에 여러 음식점도 성업 중이다.","<a href=""https://cafe.naver.com/gondalbicamp"" target=""_blank"" title=""새창 : 곤달비캠핑장 네이버카페로 이동"">https://cafe.naver.com/gondalbicamp</a>",129.0007003481,35.7325097123,2726662,28,
3102081,동파랑,,,경상북도 경주시 양정로98번길 16-8 (황오동),,,,"동파랑은 경주의 동쪽 언덕에 피어난 아지랑이라는 뜻으로, 옛 한옥의 서까래를 나무와 흙으로 고스란히 복원한 전통 한옥 독채 숙소다. 한옥 독채 숙소와 별채 다이닝룸으로 구성되어 있는데, 독채에는 포그한 침실, 안락한 거실과 작은 주방, 화장실, 사계절 온수풀이 가능한 실내 자쿠지가 있고, 별채에는 넓은 주방과 다이닝룸이 있다. 따뜻한 햇살이 반겨주는 마당에서는 차나 커피를 마시며 맑은 하늘과 초록빛 자연을 즐길 수 있다.","<a href=""https://dongparang.modoo.at/"" target=""_blank"" title=""동파랑(으)로 이동"">https://dongparang.modoo.at//</a>",129.2244775811,35.8439402283,3102081,32,
2734213,더숲캠핑장,http://tong.visitkorea.or.kr/cms/resource/57/2735657_image2_1.JPG,,경상북도 경주시 내남면 내외로 731-107,,,,"경주 더숲캠핑장은  물놀이가 가능한 계곡이 가까이에 있고 넓은 잔디광장과 트램펄린, 야외 수영장, 모래 놀이터를 갖춰 어린이들이 즐길 수 있는 캠핑장이다. 사이트 사이 간격이 넓어 쾌적하다. 실시간 인터넷 예약이나 전화로 예약해야 한다. 사이트 예약 후에는 선착순으로 자리 지정이 가능하다.","<a href=""https://cafe.naver.com/mkholiday""target=""_blank"" title=""새창: 더숲캠핑장 네이버 카페로 이동"">https://cafe.naver.com/mkholiday</a>",129.2566285991,35.709028273,2734213,28,
2614760,경주국가유산야행,http://tong.visitkorea.or.kr/cms/resource/05/3529605_image2_1.JPG,,경상북도 경주시 교동 71 경주교촌한옥마을,,,,"2025 경주국가유산야행은 ‘선물–present(지켜온, 그리고 지켜낼)’을  주제로  9월 26일부터  28일까지 첨성대,  교촌,  월정교에서 열리는 야간 문화축제이다.  8야(夜) 프로그램을 통해  유산의 가치를 전하며, 시민과 관람객에게 과거로부터 온 선물을 건네는 특별한 밤을 선사한다.","<a href=""http://www.경주문화유산야행.kr/"" target=""_blank"" title=""새창 : 경주문화유산야행 홈페이지 이동"">www.경주문화유산야행.kr</a>",129.2157425929,35.8313803696,2614760,15,"054-743-7182"
987844,경주 낭산 일원,http://tong.visitkorea.or.kr/cms/resource/59/3509359_image2_1.jpg,,경상북도 경주시 보문동,,,,"누에고치모양처럼 남북으로 길게 누워 낮은 구릉을 이루는 이 산은 신라 실성왕 12년(413)부터 신성하게 여겨져 성역으로 보존되어 온 곳이다. 기록에는 “왕이 낭산에 상서로운 구름이 서린 것을 보고 신하들에게 신령이 하늘에서 내려와 노는 곳이니 당연 복을 주는 지역이다. 이제부터는 낭산의 나무 한 그루도 베지 말라”는 명령을 내렸다고 한다. 7세기부터는 불교의 성스러운 산으로 왕실에 복을 주는 장소로 변하기 시작하였다. 선덕여왕의 유언에 따라 만든 여왕의 능을 비롯하여 신라 향가의 현장인 사천왕사지, 문무왕의 화장터로 여겨지는 능지탑, 바위에 부처를 새긴 마애불, 구황리 삼층석탑 등 신라 유적이 많이 있다.","<a href=""https://www.gyeongju.go.kr/tour/page.do?cmd=2&mnu_uid=2517&chaNo=3277"" target=""_blank"" title=""새창 : 경주문화관광으로 이동"">http://gyeongju.go.kr/tour</a>",129.2423293844,35.8232429015,987844,12,
2614474,골굴암 타포니 (경북 동해안 국가지질공원),http://tong.visitkorea.or.kr/cms/resource/68/2614468_image2_1.bmp,,경상북도 경주시 문무대왕면 기림로 101-5,,,,골굴암은 경주시 양북면에 위치한 국내 최초의 석굴사원으로 6세기 무렵 인도에서 온 광유선인 일행이 이곳에 있던 자연굴(타포니)을 이용하여 만든 것으로 알려져 있다. 골굴암 일대에 분포하는 안산암질 응회암은 한반도와 붙어있던 일본이 잡아당기는 힘으로 떨어져 나가면서 동해가 형성되었을 때 만들어졌다. 잡아당기는 힘은 골굴암 일대에 영향을 주어 땅이 벌어지게 되었고 벌어진 틈에 주변에 있던 화산퇴적물이 쌓이면서 안산암질 응회암이 만들어진 것이다. 비바람에 비교적 약해서 보다 쉽게 깎여 나가는 성질을 가지고 있다. 비바람에 깎여나갈 때 암석에 포함된 크고 작은 암석덩어리들이 빠져나간 자리가 수많은 구멍들을 만들었고 이 구멍들은 신생대 제 4기의 간빙기와 빙하기가 교차하던 시기에 점점 더 커지게 되었다. 이러한 구멍들이 다수 발달한 것을 타포니라고 부른다. 골굴암은 이러한 타포니 동굴을 다듬어서 석실을 만들고 불상을 배치한 석굴이다. 이는 단단한 화강암이 많은 우리나라에서는 매우 특이하며 여기서 신라인들이 암석의 특성을 잘 이해하고 있었다는 점을 알 수 있다. 이렇듯 골굴암은 자연적으로 발달된 타포니와 신라인들의 불교문화가 조화를 이룬 가치 있는 명소이다.,"<a href=""https://geotourism.or.kr/"" target=""_blank"" title=""새창 : 경북동해안지질공원 홈페이지로 이동"">https://geotourism.or.kr/</a>",129.413331572,35.8061091858,2614474,12,
2736670,소옥,http://tong.visitkorea.or.kr/cms/resource/60/2736760_image2_1.jpg,,경상북도 경주시 포석로1050번길 29 (황남동),,,,"소옥은 황리단길에 있는 맛집이다.  대표 메뉴는 소갈비찜이다. 이 밖에 옥 갈비찜, 감태 주먹밥 등을 맛볼 수 있다. 인기 메뉴인 소갈비찜은 입안에서 사르르 녹는 부드러운 식감과 매콤한 양념으로 정평이 나있다. 전용 주차장은 없지만 가까운 거리에 있는 공영주차장을 이용할 수 있다.
음식점 주변에는 첨성대, 경주 교촌한옥마을, 국립경주박물관 등 경주의 유명 관광지가 많다.","<a href=""http://instagram.com/so.ok_official/"" target=""_blank"" title=""새창 : 소옥 인스타그램으로 이동"">http://instagram.com/so.ok_official/</a>",129.2124705688,35.8345049552,2736670,39,
2736667,정수가성,http://tong.visitkorea.or.kr/cms/resource/90/2736790_image2_1.jpg,,경상북도 경주시 보불로 318 (하동),,,,"정수가성은 멋진 한옥에서 창밖으로 펼쳐진 산과 골짜기를 바라보며 한정식 코스를 맛볼 수 있는 곳이다. 대표 메뉴는 연잎밥 정수가성 한정식이다. 이 밖에 서해안 암꽃게 간장게장 정식, 한우 불고기 정식, 매실 한우 물회 정식 등을 맛볼 수 있다. 음식점 내부에는 단체석이 마련돼 있으며 예약이 가능하다. 주차장이 넓어 방문이 편리하고 음식이 정갈해 가족 모임이나 여행 중 방문하기 안성맞춤인 맛집이다. 이곳 주변에는 세계문화유산 석굴암을 비롯해 불국사, 첨성대 등 경주의 유명 관광지가 많다.",,129.3074045794,35.8113482522,2736667,39,
2831874,아덴,http://tong.visitkorea.or.kr/cms/resource/72/2831872_image2_1.jpg,,경상북도 경주시 한국관광1번로 34 (신평동),,,,"카페 아덴은 경상북도 경주시 신평동에 위치한 베이커리 한옥 카페로 보문호를 조망하며 음료를 즐길 수 있어 많은 사람들이 찾는다. 대표메뉴는 수제 독감 예방차로, 시나몬 스틱과 꿀, 신선한 사과, 레몬을 착즙하여 만든 수제차와 아덴 프리미엄 콜드블루에 우도 땅콩의 고소함이 더해진 수제 크림이 올라간 경주커피 등이 있다. 이 외에도 시나몬애플에이드와 코코플랫화이트, 유기농차 등도 맛볼 수 있다.","<a href=""https://www.instagram.com/aden_gyeongju/"" target=""_blank"" title=""새창 : 카페 아덴 인스타그램으로 이동"">https://www.instagram.com/aden_gyeongju/</a>",129.2839612817,35.8431053362,2831874,39,
2736657,불국사밀면,http://tong.visitkorea.or.kr/cms/resource/86/2736886_image2_1.jpg,,경상북도 경주시 불국장터길 29 (구정동),,,,"불국사밀면은 시원한 밀면으로 유명한 경주 맛집이다. 대표 메뉴는 물밀면과 석쇠불고기를 함께 맛볼 수 있는 세트 메뉴다. 이곳의 면은 옥수수전분과 말린 꾸지뽕잎 가루를 넣어 식감이 매우 쫄깃하다. 이 밖에 비빔밀면과 석쇠불고기, 땡고추밀면과 석쇠불고기 구성으로 판매한다. 모든 메뉴는 포장이 가능하며 음식점 내부에는 단체석이 있어 단체 모임이 가능하다. 주차는 인근 불국사 공설시장을 이용할 수 있다. 음식점 주변에는 석굴암, 불국사 등이 있어 연계 관광이 용이하다.",,129.300403412,35.7763770639,2736657,39,
3340207,"2025 교촌버스킹",http://tong.visitkorea.or.kr/cms/resource/48/3524048_image2_1.jpg,,경상북도 경주시 교촌안길 31 (교동),,,,"교촌버스킹은 경주시와 (재)경주문화재단이 여름 휴가철을 맞아 경주를 찾는 관광객들에게 아름다운 월정교의 야경과 함께 감미로운 음악을 감상할 수 있도록 마련한 공연으로, 고즈넉한 한옥이 모여있는 경주교촌마을의 교촌홍보관 앞마당에서 8월 22일부터 31일까지 2주간, 매주 금요일, 토요일, 일요일에 진행된다. 이번 공연에는 7월부터 3주간 전국공모를 통해 선정된 12팀이 출연한다. 선정된 팀들은 뛰어난 실력과 특색을 갖춘 팀들로, 만 39세 이하의 청년 예술가들로 구성되어 있으며 젊고 트렌드한 감성으로 클래식, 재즈, 어쿠스틱, 국악 등 다양한 장르의 공연을 선보인다.",,129.2176480199,35.8300277808,3340207,15,"054-777-6781"
3082026,스테이소소리,http://tong.visitkorea.or.kr/cms/resource/01/3081901_image2_1.jpg,,경상북도 경주시 외동읍 신계길 69-8,,,,"소소리는 ‘높게 우뚝 솟은’을 뜻하는 순우리말의 뜻으로 삼각형 구조로서 독특한 경험을 할 수 있는 독채 숙소다. 삼각형의 전체 창으로 불국사 토함산의 전경이 펼쳐져 기억에 남는 경주 여행을 할 수 있다. 야외에는 노천 자쿠지가 마련되어 있어 특히 겨울에 따뜻한 온수로 하루의 쌓여있던 피로를 풀기에 좋다. 테라스에는 객실 별로 개별 캠핑식 화덕 바비큐장이 있어 불멍을 하기에 제격이다. 우천시나 바람이 많이 부는 날에는 삼각형의 실내 바비큐장을 이용할 수도 있어 바비큐를 따뜻하게도 즐길 수 있다. 실내에는 무색, 무취의 에탄올 사용한 감성 난로가 있어서 실내에서도 불명을 할 수 있다. 또한, 블루투스 스피커가 있어서 이동하며 어디서든 음악을 즐길 수 있다. 그리고 최상급 원두를 갈아 제공하고 있어 객실 내에 고급스러운 핸드드립 세트를 이용하여 커피를 마시며 여유를 즐기기도 좋다. 
주변에 가볼 만한 여행지로는 추억의 달동네, 보문관광단지, 경주국립박물관, 경주동궁원, 황리단길 등이 있으며, 경주 전 지역 무료 픽업 서비스를 제공하고 있다.","<a href=""http://sosori.net/"" target=""_blank"" title=""새창: 스테이소소리 홈페이지로 이동"">http://sosori.net</a>",129.3186992384,35.7691754436,3082026,32,
1621597,경주 경덕왕릉,,,경상북도 경주시 내남면 부지리 산8,,,,"신라 제35대 경덕왕(재위 742∼765)의 무덤이라 전해지는 곳으로 경주 시가지에서 서남쪽으로 멀리 떨어진 구릉에 자리하고 있다. 신라 왕실의 전제왕권이 쇠퇴하기 시작하는 시기에 왕위에 올라 행정구역과 관직제도를 개편했다. 봉분은 둥근 모양이며 무덤 주위에 봉분을 보호하기 위한 둘레돌을 둘렀다. 둘레돌은 목조건축물의 돌기단 같은 형태로 되어 있는데 바닥돌을 깔고 그 위에 면석을 둘렀다. 면석 사이에는 기둥 역할을 하는 탱석을 배치하였다. 탱석에는 두 칸 건너 하나씩 무인 복장을 하고 무기를 든 12지신상이 조각되어 있다. 면석과 탱석 위에는 덮개돌이 놓여 있다. 이 둘레돌에서 약간 떨어진 곳에 돌기둥 40개를 세워 난간을 둘렀다. 무덤 앞에는 안상문을 새긴 높은 석상이 놓여 있다. 그러나 통일신라시대 왕릉에서 볼 수 있는 돌사자·문인석·무인석 같은 석조물은 보이지 않는다. <삼국사기>와 <삼국유사>에 기록되어 있는 무덤의 자리가 이곳인지 확실치 않고, 둘레돌을 다듬는 수법이나 12지신상의 조각수법이 신라 후기에 속하는 것으로 보여 이 무덤이 경덕왕의 것이 아니라고 보는 견해도 있다.","경주문화관광 <a href=""https://www.gyeongju.go.kr/tour/page.do?cmd=2&mnu_uid=2517&chaNo=3241""target=""_blank"" title=""새창 : 경주문화관광 홈페이지로 이동"">http://www.gyeongju.go.kr/tour</a>",129.1877969906,35.7627292562,1621597,12,
319725,경주 일성왕릉,,,경상북도 경주시 탑동 산23,,,,"경주 남산 서쪽 약간 경사진 지점에 있는 일성왕릉은 신라 제7대 일성왕(재위 134∼154)을 모신 곳이다. 봉분의 높이 7m, 직경 10m이며 하단에는 석축을 쌓았다. 봉분 전면에는 자연석으로 쌓은 호석으로 보이는 석열이 있고 봉분 주위에도 그러한 돌을 돌렸던 듯하다. 중단의 석상은 후세에 설치한 것이며 그 뒤에는 장대석으로 얕은 1단의 석축이 있으나 이것은 석상을 놓으면서 쌓은 듯하다. 하단의 석축은 잡석으로 쌓았는데 이것도 후세에 손댄 것으로 보인다. 상당한 규모의 대형 분묘여서 일반 서민의 무덤이 아님을 알 수 있으나 일성왕의 장지에 관한 기록이 없어 전해지는 말로 추정할 뿐이다. 일성왕은 <삼국사기>에는 제3대 유리왕의 맏아들로 <삼국유사>에는 제3대 유리왕의 조카 혹은 제7대 지마왕의 아들로 기록되어 있다. 일성왕은 농토를 늘리고 제방을 수리하여 농업을 권장하였으며 민간에서 금·은·주옥의 사용금지를 하는 등 백성을 위한 정치에 주력하였다.","경주문화관광 <a href=""https://www.gyeongju.go.kr/tour/page.do?cmd=2&mnu_uid=2517&chaNo=3281""target=""_blank"" title=""새창:  경주문화관광 홈페이지로 이동"">http://www.gyeongju.go.kr</a>",129.2216703628,35.8134075102,319725,12,
126203,경주 김유신묘,http://tong.visitkorea.or.kr/cms/resource/41/3028641_image2_1.jpg,,경상북도 경주시 충효2길 44-7,,,,"경주시 충효동 옥녀봉 능선에 위치한 김유신 장군의 묘로 674년(문무왕 14) 축조되었다. 김유신은 신라의 장군이자 재상으로 삼국을 통일한 공로가 컸으므로 문무왕은 비단 1,000필, 벼 2,000석을 내리고 군악고취 100명을 보내어 장사를 지내게 하며 비를 세워 공적을 새겨두고 수묘하는 백성을 배정해 주는 등 최고의 예를 베풀었다. 후에 흥덕왕대에 그를 흥무대왕으로 추봉하였다. 봉분은 30m에 달하는 큰 원형분으로 둘레에는 24장의 호석과 돌난간을 둘렀고 호석과 돌난간 사이의 바닥에는 돌을 깔았다. 그 무덤의 양식 또한 왕릉이나 다름없는 규모와 형태이다. 호석에는 12지신상이 새겨져 있는데, 대개의 경우 능을 지키는 수호신으로는 갑옷을 입은 조각들이 새겨져 있으나 김유신 묘의 12지신상은 평복을 입고 무기를 들었다. 몸체는 정면을 보고 서 있으나 오른쪽으로 고개를 돌려 주시하는 모습이 이색적이며 무장을 하지 않아 매우 온화해 보인다. 경주왕릉에는 몇 군데 지신상조각이 있으나  조각의 우수함이나 상의 거대함으로는 김유신묘를 따를 수 없다. 면적 1만 4143㎡로 경주시에서 관리하며 1963년 1월 21일 사적으로 지정되었다. 묘역에는 김유신장군의 위패를 모신 금산재의 비각이 있다.","<a href=""https://gjfmc.or.kr/gjsiseol/facility/facilityTab1.do?menuNo=281&classId=TOUR&itemId=T0000022""target=""_blank"" title=""새창:  경주시시설관리공단 홈페이지로 이동"">https://gjfmc.or.kr/gjsiseol</a>",129.1923886866,35.8453311317,126203,12,
231933,경주 양동 무첨당,,,경상북도 경주시 강동면 양동마을안길 32-19,,,,"경주 양동마을 내에 위치한 무첨당은 조선시대 성리학자이며 문신이었던 회재 이언적(1491∼1553)의 종가의 일부로 조선 중기에 세운 건물이다. 앞면 5칸·옆면 2칸 규모로 건물 내부를 세 부분으로 구분하여, 가운데 3칸은 대청이고 좌우 1칸씩은 온돌방이다. 대청은 앞면 기둥 사이를 개방하고 누마루에서도 대청을 향한 쪽은 개방되어 있으며 뒤쪽과 옆면은 벽을 쳐서 문짝을 달았다. 평면은 ㄱ자형을 띠고 있고 둥근 기둥과 네모기둥을 세워 방과 마루를 배치하고 있다. 이 건물의 기능은 상류주택에 속해있는 사랑채의 연장 건물로 손님접대, 쉼터, 책읽기를 즐기는 등 여러 용도로 사용되던 곳이다. 소박하면서도 세련된 솜씨를 보여주고 있으며 별당 건축의 기능에 충실하게 지은 건축물로 회재 이언적 선생의 유물을 보관하고 있다. 무첨당이란 이언적의 손자 이의윤(1564~1597)의 호로 조상이 남긴 유산을 더럽히지 않겠다는 뜻으로 조상을 욕보이지 않겠다는 후손의 결의를 담은 것이다. 양동마을은 500여년의 전통을 가진 역사마을로 2010년 유네스코 세계유산에 등재되었다. 국가지정문화재 등 귀중한 문화유산이 가득한 마을로 마을 전체가 중요민속자료이며 1일 6회 문화해설사의 해설을 들으며 마을을 탐방할 수 있다.","경주문화관광 <a href=""https://www.gyeongju.go.kr/tour/page.do?cmd=2&mnu_uid=2516&chaNo=2203"" target=""_blank"" title=""새창 : 경주문화관광 홈페이지로 이동"">https://www.gyeongju.go.kr/tour</a>",129.252656696,36.0020201213,231933,12,
2992067,경주 금리단길,http://tong.visitkorea.or.kr/cms/resource/64/2992064_image2_1.jpg,,경상북도 경주시 원효로 127,,,,"경주 내 대표적인 번화가로 롯데시네마, 메가박스 등 영화관과 다수의 프랜차이즈 상점, 음식점, 의류 판매점이 위치해있으며 버스킹, 퍼포먼스 공연 등 다양한 즐길거리와 볼거리 및 넓은 공영주차장, 쾌적한 숙박시설 등이 위치한 관광에 특화된 상권이다. 또한 경주 대표 관광지인 봉황대, 천마총 등 다양한 유적지와 인접해있으며 경주 관광 단지 중앙에 위치하여 경주 시외버스 터미널과 신경주역, 기타 다양한 관광 유적지들 방문에 용이한 상권이다.","블로그<br ><a href=""https://blog.naver.com/gjr2022/"" target=""_blank"" title=""새창: 금리단길 블로그로 이동""> https://blog.naver.com/gjr2022/</a><br >인스타그램<br ><a href=""https://www.instagram.com/gj_geumridan/"" target=""_blank"" title=""새창: 금리단길 인스타그램으로 이동""> https://www.instagram.com/gj_geumridan/</a>",129.2148312586,35.8420235954,2992067,12,
1621759,경주 흥덕왕릉,,,경상북도 경주시 안강읍 육통길 190-26,,,,"신라 42대 흥덕왕(재위 826∼836)의 무덤으로 지름 20.8m, 높이 6m로 신라 역대 왕릉 중에서 규모가 크고 형식이 완전히 갖추어진 대표적 왕릉이다. 삼국사기와 삼국유사에 따르면 왕비와 합장한 것으로 되어 있어 봉분의 규모가 비교적 크다. 봉분 밑에는 판석을 세워 둘레돌을 삼고, 판석과 판석 사이에 탱주를 세워 판석을 고정하였으며 위에 갑석을 얹었고 탱석에 각각 방향을 따라 십이지신상을 조각하였다. 둘레돌의 주변에 방사형으로 박석을 깔고 그 주위에 난간을 돌렸다. 난간 기둥에는 상하 2개의 둥근 구멍을 뚫어 관석을 끼우게 되어 있었는데 지금은 하나도 없다. 봉분 네 귀퉁이에는 각각 돌사자 1구씩을 배치하였고, 그 전방의 좌우에는 문인석과 무인석 각 1쌍이 배치되었다. 또 능 전방의 왼쪽에는 능비를 세웠던 귀부가 있었으나 손상되었고 비신과 이수는 망실되었다. 이 표식물의 양식을 보면 봉분 밑의 둘레돌이나 십이지신상의 조각은 원성왕릉의 형식을 따랐고 돌사자의 배치는 성덕왕릉의 형식을 취하였으며, 문인석 ·무인석의 배치는 성덕왕릉 또는 원성왕릉의 형식과 같다.
흥덕왕은 임금이 된 첫 해에 왕비인 장화부인이 죽었는데, 11년 동안 죽은 장화부인만 생각하다가 세상을 떠났다고 한다. 왕이 장화부인의 무덤에 합장하기를 유언하여 흥덕왕릉에 합장하였다고 한다.","경주문화관광 <a href=""https://www.gyeongju.go.kr/tour/page.do?cmd=2&mnu_uid=2517&chaNo=3248""target=""_blank"" title=""새창:  경주문화관광 홈페이지로 이동"">http://www.gyeongju.go.kr/tour</a>",129.2075574376,36.0173647523,1621759,12,
128635,경주 나정,http://tong.visitkorea.or.kr/cms/resource/12/3028712_image2_1.jpg,,경상북도 경주시 탑동 (탑동)700-1,,,,"신라의 시조 박혁거세가 태어난 전설을 간직한 우물이다. 박혁거세를 기리는 유허비를 비롯해 신궁터로 추정되는 팔각건물지, 우물지, 담장지, 부속건물지, 배수로 등이 남아 있다. 특히 팔각건물지는 한 변의 길이가 8m나 되고 네모난 담장을 두른 것으로 보아 신라의 신궁터로 추정되며 이곳 나정을 박혁거세를 제사 지내는 신전으로 짐작할 수 있다. <삼국사기>와 <삼국유사>에 나정에 대해 다음과 같은 기록이 있다. 신라 건국의 주역인 6촌의 촌장들이 모여 군주를 선출하고 도읍을 정하자고 결정한 뒤 일행이 높은 곳에 올랐다. 그런데 양산 아래 나정이라는 우물 근처에 이상한 기운이 돌며 백마 1마리가 무릎을 꿇고 있어 가보니 백마는 하늘로 올라갔고 붉은색의 커다란 알만 남았는데 이 알을 쪼개자 어린 사내아이가 나왔다고 한다. 이상히 여겨 동천에서 목욕시키자 몸에서 광채가 났고 새와 짐승들이 춤추듯 노니니 천지가 진동하며 해와 달이 청명해졌다고 한다. 박처럼 생긴 알에서 태어났다고 해서 성을 박(朴)이라 하고, 세상을 밝게 한다는 뜻에서 이름을 혁거세(赫居世)라고 하였다. 아이가 13살이 되던 해인 BC 57년 왕의 자리에 올라 나를 세우고 서라벌이라고 이름지었다.","경주문화관광 <a href=""https://www.gyeongju.go.kr/tour/page.do?cmd=2&mnu_uid=2517&chaNo=3306""target=""_blank"" title=""새창 : 경주문화관광 홈페이지로 이동"">http://www.gyeongju.go.kr/tour</a>",129.2126238598,35.8159876042,128635,12,
126209,금관총,http://tong.visitkorea.or.kr/cms/resource/93/3442393_image2_1.JPG,,경상북도 경주시 봉황로 15 (노서동),,,,"신라의 금관이 출토되어 붙은 이름이다. 1921년 9월 가옥공사 중 우연히 발견된 것인데, 이미 파괴된 고분인 데다 정식으로 발굴조사된 것이 아니어서 묘의 구조나 유물의 정확한 상황은 밝혀지지 않았다. 출토물은 금관을 비롯하여 장신구·무구(武具)·용기 등이며, 특히 구슬 종류만 총 3만 개가 넘게 나왔다. 금관총의 원형은 지름이 50m, 높이 13m 정도이고, 신라 때만 있었던 돌무지무덤[積石塚]으로 알려져 있으며, 그 속에 덧널[木槨]을 마련하여 옻칠한 널 [木棺]이 있었던 것으로 추측한다. 이러한 구조와 불교의 영향이 있는 점으로 미루어 보아 통일 신라 이전인 지증왕(智證王) 전후의 6세기에 만들어진 왕릉으로 추정된다.","<a href=""http://www.gyeongju.go.kr/tour""target=""_blank"" title=""새창:  경주문화관광"">http://www.gyeongju.go.kr/tour</a>",129.2097872808,35.8411763738,126209,12,
2614490,남산 화강암 (경북 동해안 국가지질공원),http://tong.visitkorea.or.kr/cms/resource/85/2614485_image2_1.bmp,,경상북도 경주시 남산순환로 341-126 (배동),,,,"경주시의 남쪽에 위치한 남산은 금오봉과 고위봉을 중심으로 한 긴 타원형의 화강암 바위산이다. 화강암은 석재로 흔히 쓰이는 대리암이나 석회암에 비해 단단하고 비와 바람에 잘 깎여나가지 않는 특성을 가진다. 따라서 남산의 수많은 문화재들이 오랜 시간 동안 잘 보존된 것은 화강암의 이러한 특성 덕분이라 할 수 있다. 그 뿐만 아니라 남산 화강암은 신라 문화를 대표하는 문화재로 손꼽히는 석가탑과 다보탑을 만들 때도 쓰였기 때문에 신라인들이 남산 화강암을 문화재의 재료로 많이 사용하였다는 것을 알 수 있다. 신라인들은 남산의 바위절벽을 이용하여 남산 문화재 중 으뜸으로 꼽히는 마애삼존불좌상, 선각여래좌상, 마애석가여래좌상과 같은 불상들을 만들었는데 이러한 바위 절벽은 남산 화강암에 흔히 잘 발달하는 수직 틈에 의해서 자연적으로 형성된 것이다. 다른 화강암들보다 남산에 분포하는 화강암이 특히 수직 틈을 많이 가지는 이유는 아주 오래 전 이 지역에 단층활동이 일어났기 때문으로 추정된다.","<a href=""https://geotourism.or.kr/gyeongju/namsan"" target=""_blank"" title=""새창:경북동해안지질공원 홈페이지로 이동"">https://geotourism.or.kr</a>",129.2219208639,35.7950068134,2614490,12,
2831747,엘로우,http://tong.visitkorea.or.kr/cms/resource/32/2831732_image2_1.jpg,,경상북도 경주시 경감로 375-16,,,,"엘로우는 경상북도 경주시 천군동에 자리 잡고 있는 카페이다. 한옥과 현대식 건축물이 조화를 이루고 있으며, 보문호를 바라보며 음료를 즐길 수 있다. 카페에 계단과 유리 난간이 많은 탓에 안전사고를 방지하고자 내외부 모두 14세 미만은 입장할 수 없다. 대표 메뉴는 슬로우 커피이며, 바나나 푸딩, 쑥쑥페너, 아메리카노, 수제 바닐라빈 라테, 아인슈페너 등도 맛볼 수 있다. 인근에 보문관광단지가 있어 연계 여행이 수월하다.","<a href=""http://www.instagram.com/llow_official""target=""_blank"" title=""새창 : 엘로우 인스타그램으로 이동"">http://www.instagram.com/llow_official</a>",129.2718622832,35.8451465431,2831747,39,
127989,꽃마을 경주한방병원,http://tong.visitkorea.or.kr/cms/resource/56/179456_image2_1.jpg,,경상북도 경주시 포석로 924 (탑동),,,,"꽃마을경주한방병원은 현대인의 화두라 할 수 있는 건강과 관광을 접목시킨 헬스투어 목적지로서, 3,404.97m²(1,030평)의 넓은 부지에 건강관리와 관련된 다양한 의료기기 시설이 구비되어 있으며 전통한옥으로 구성된 병원 환경 및 시설이 경주라는 관광도시와 잘 어우러져 있다. 꽃마을경주한방병원은 널리 알려진 것처럼, 정부가 추진하고 있는 'Health Tour to Korea' 정책의 견인차 역할을 해오고 있는데,『대한민국 제1호 지정 병원』으로 선정된 점만 보더라도 모든 직원들이 열과 성의를 다해 프로그램을 수행해 나가는데 노력하고 있다.<br /><br />* 한방내과 : 한의학의 진단과 치료를 하기 위한 가장 기본적인 과목<br /><br /> * 한방부인과 : 여성의 생리적 특징과 관련하여 불임클리닉, 여성병 클리닉, 사춘기, 미혼여성 클리닉, 산전 클리닉, 산후보양 클리닉, 갱년기 클리닉으로 세분화하여 전통적 진단방법과 함께 현대 의학적인 진단방법을 접목시켜 보다 더 객관적으로 정확하게 파악하여 치료에 임하고 있다.<br /><br />* 침구과 :  한의학의 진수라고 볼 수 있는 침구(鍼灸)·부항을 이용한 모든 치료가 가능한 곳<br>","<a href=""http://www.conmaulkj.co.kr/"" target=""_blank"" title=""새창에서 열기"">http://www.conmaulkj.co.kr</a>",129.2109099137,35.8232589729,127989,12,
3458332,인터폴,http://tong.visitkorea.or.kr/cms/resource/29/3455629_image2_1.JPG,,경상북도 경주시 태종로 446-2 (충효동),,,,"경주 인터폴 카페는 단순한 커피숍을 넘어, 예술과 자연이 조화롭게 어우러진 특별한 공간이다. 계단식으로 조성된 공간과 인공 폭포 등 자연과 건축이 조화롭게 어우러진 독특한 디자인이 특징이다. 또한 각 층마다 다른 콘셉트의 공간이 조성되어 있어 취향에 따라 다양한 분위기를 즐길 수 있다.",,129.1784399624,35.8434949651,3458332,39,
2717548,카페 플라비우스,http://tong.visitkorea.or.kr/cms/resource/41/2717541_image2_1.jpg,,경상북도 경주시 보문로 132-16 (북군동),,,,카페 플라비우스는 경주 보문관광단지에 위치한 카페이다. 이탈리아 로마 콜로세움에 온 것 같은 느낌을 받을 수 있는 외관으로 인기이다. 내부도 예쁘게 인테리어 되어 있어 사진을 찍을 수 있는 곳이 많다. 보문호수가 보이는 뷰 덕분에 분위기도 좋아서  데이트 장소로 딱 좋은 곳이다. 실외 공간만 애견동반이 가능하다. 여름 시즌 메뉴로 산삼이 들어간 음료를 판매하며 직접 기른 로즈마리와 애플민트를 사용해 신선함을 더한다.,"<a href=""https://www.instagram.com/flavius1224/"" target=""_blank"" title=""새창 : 플라비우스 인스타그램으로 이동"">https://www.instagram.com/flavius1224</a>",129.268176281,35.8526484044,2717548,39,
990539,경주 중앙시장,http://tong.visitkorea.or.kr/cms/resource/74/3034074_image2_1.jpg,,경상북도 경주시 금성로 295,,,,"경주중앙시장은 1900년대 초부터 농민 및 보부상들이 주축이 되어 장터를 형성하고 70여 년간 일반시장으로 운영된 오랜 역사가 있는 시장이다. 1983년 상가건물형의 중대형 시장으로 성장하였으며 경주 사람들은 아래 시장으로 부르기도 한다. 시장은 11개동에 약 600여 개의 점포와 100여 명의 노점상들이 영업하고 있는 비교적 규모가 큰 재래시장으로 지역 주민들이 직접 재배한 싱싱한 현지 특산물과 토산품도 구매할 수 있다. 상설시장과 매월 2일과 7일 장이 열리는 오일장으로 구성되어 있고 특히 매주 목요일~일요일에 오픈되는 야시장인 달빛 미행은 많은 시민과 관광객들에게 인기가 있다. 최근 대형 소매업체와의 경쟁력 향상을 위해 조형물 설치, 시장 통로 비가림시설 설치, 상하수도 및 바닥정비, 소방시설 구비 등의 시장 현대화 사업을 적극적으로 추진해 쾌적한 전통시장 환경 조성을 통해 방문객의 편의를 돕고 있다.","<a href=""http://www.gjcentermarket.com/""target=""_blank"" title=""새창: 경주 중앙시장 홈페이지로 이동 "">http://www.gjcentermarket.com/</a>",129.2067541331,35.8439732229,990539,38,
2736687,도솔마을,http://tong.visitkorea.or.kr/cms/resource/64/2736964_image2_1.jpg,,경상북도 경주시 손효자길 8-13 (황남동),,,,"도솔마을은 경주 대릉원 인근에 자리한 한식전문점으로 140년 된 한옥이 인상적이다. 대표 메뉴는 닭볶음탕, 청국장, 묵사발 등이 상에 오르는 수리산 정식이다. 이 밖에 모둠전, 옛날불고기, 파전 등을 취급한다. 음식점 내부에는 단체석과 개별 룸이 있어 각종 모임을 하기 좋은 장소이다. 주변 관광지로 첨성대, 경주교촌한옥마을, 국립경주박물관 등 경주의 유명 관광지가 많다.",,129.211276157,35.8370046505,2736687,39,
2773625,금산재 칼국수,http://tong.visitkorea.or.kr/cms/resource/03/2773603_image2_1.JPG,,경상북도 경주시 흥무로 71 (충효동),,,,칼국수와 부추전이 메인메뉴인 금산재 칼국수는 경주의 한국판 센과 치히로 동굴로 유명한 조그마한 터널을 건너 위치해 있다. 깔끔한 육수와 쫄깃한 면발의 칼국수는 단백한 맛과 적당히 달짝지근한 맛으로 유명하다. 칼국수만큼 유명한 것은 외관 풍경이다. 수려한 산과 고즈넉한 한옥이 펼쳐져 있다. 식사 후 근처 산책로를 걷는 것도 추천한다.,,129.1928553267,35.8448311971,2773625,39,
3453420,황촌마을활력소,http://tong.visitkorea.or.kr/cms/resource/86/3453186_image2_1.JPG,,경상북도 경주시 양정로 122-1 (성동동),,,,"황촌마을활력소는 경상북도 경주시 성동동에 위치한 복합문화공간으로, 2023년 11월에 준공되었다. 이 시설은 3층 규모로, 1층에는 작은 도서관과 전시관이 있으며, 2층에는 코워킹룸, 동아리방, 건강상담소 등이 있다. 3층은 도시재생 현장지원센터로 활용된다.",,129.2209084191,35.8450011521,3453420,12,
3444113,너드,http://tong.visitkorea.or.kr/cms/resource/94/3444094_image2_1.jpg,,경상북도 경주시 원효로 101-1 (노동동),,,,"호주식 커피와 브런치를 전문적으로 제공하는 브런치카페이다. 아늑한 분위기와 건강한 메뉴로 유명하며, 맛있는 음식과 친절한 서비스 덕분에 지역 주민들과 여행객들에게 꾸준한 사랑을 받고있다",,129.2119870571,35.8422429616,3444113,39,
126037,토함산,http://tong.visitkorea.or.kr/cms/resource/77/3034277_image2_1.jpg,,경상북도 경주시 석굴로 238 (진현동),,,,"토함산은 경주 단석산에 이어 두 번째로 높은 산으로 신라인들이 신성시 여겼던 다섯 곳의 오악 중 한 곳이다. 바다 가까이에 있어 산에 안개가 자주 끼는데, 안개를 산이 마시고 토해 내는 듯한 모습에서 [토함산]이라 불리게 되었다. 불국사, 석굴암 등의 신라 불교 미술의 찬란한 유산을 볼 수 있는 산이다. 그리고 토함산은 험하지 않은 산으로 가볍게 등산하기 좋은 산으로, 정상에서 볼 수 있는 일출 또한 장관이다.","<a href=""https://www.gyeongju.go.kr/tour/page.do?cmd=2&mnu_uid=2293&area_uid=375"" target=""_blank"" title=""새창 : 홈페이지로 이동"">https://www.gyeongju.go.kr</a>",129.3507819663,35.7893821069,126037,12,
131413,화랑교육원,http://tong.visitkorea.or.kr/cms/resource/64/3034364_image2_1.jpg,,경상북도 경주시 새남산길 62,,,,"화랑교육원은 신라 화랑의 얼을 계승하여 투철한 국가관을 확립하고 바른 품성과 인격을 도야하기 위한 목적으로 1973년 전국 최초 학생 교육원으로 개원하였다. 시설은 화랑관, 운동장, 강당, 식당. 정자, 생활실 등이 있으며 프로그램으로는 화랑 안전체험, 호연지기 체험, 화랑 심성교육 등 신라 중요한 유적 답사 체험과 주말 국궁체험 등을 진행하고 있다. 화랑교육원에서는 자아존중, 이웃사랑, 충효실천의 원훈 아래 참다운 미래 지도자 양성을 위하여 충, 효, 신, 용, 인의 화랑정신을 창조적으로 계승할 수 있는 양질의 수련 활동을 제공한다.","<a href=""http://www.gbe.kr/hwarang/main.do"" title=""새창 : 화랑교육원 홈페이지로 이동"" target=""_blank"">www.gbe.kr/hwarang/main</a>",129.2402134126,35.8053198838,131413,28,
2000964,향단,http://tong.visitkorea.or.kr/cms/resource/26/2998926_image2_1.jpg,,경상북도 경주시 강동면 양동마을길 121-83 (강동면),,,,"향단은 유네스코 세계문화유산으로 등재된 양동마을의 대표적인 건물로, 500백 년 역사를 담은 독특한 건축 형식을 갖춘 숙소이다.
사랑채, 안채, 중첩, 행랑채, 새 사랑채, 별당, 사당, 누마루 등 조선 사대부집의 형식이 고스란히 남아있는 99칸의 대저택이며 한국 전통건축의 성지로도 알려져 있다. 보물로도 지정되어 있다.",,129.2529400659,35.9998898126,2000964,32,
130858,신라역사과학관,,,경상북도 경주시 하동공예촌길 33,,,,"신라역사과학관은 민족 과학의 뿌리를 알리고 탐구하기 위해 1988년에 개관한 사설 박물관으로 신라부터 조선 세종 때까지의 과학 유물을 전시하고 있다. 
건물은 지하 1층, 지상 2층 규모로 3개의 전시장으로 구성되어 있다. 천년의 고도 신라 경주에 남아 있는 수많은 과학 유적들을 외적으로 관람하는 것에서 더 나아가 옛 선조들의 지혜와 과학적 원리를 알 수 있도록 분석하고 고증한 유물모형들이 전시되어 있다. 유물의 일부만 남아있는 과학 문화재를 복원해 제작 원리를 탐구하고, 유물의 구조와 미를 분석하는 점에서 교육현장의 기능도 하고 있다.
지하1층 전시실은 석굴암 모형을 통해 과학적 원리로 석굴암의 석실을 분석하고, 현재 보존방법의 문제점을 재조명한다. 1층 전시실에서는 [하늘에는 천문도. 땅에는 왕경도]를 주제로 전시가 있으며, 2층 전시실에는 오대산 상원사 동종의 실물 모형과 종의 주조과정, 백제 장인들의 조각 예술과 한국의 고대 인쇄 기술사, 하이테크 문화의 산실인 세종 때의 과학문화재, 한국의 기하학적이고 추상적인 무늬 등을 전시했다.",,129.3112238105,35.8071099137,130858,14,
2839118,바실라,http://tong.visitkorea.or.kr/cms/resource/05/2839105_image2_1.jpg,,경상북도 경주시 하동못안길 88,,,,"바실라는 경상북도 경주시 하동에 있는 한옥 카페다. 고풍스러운 외관과 자연친화적인 인테리어가 눈에 띈다. 바실라는 하동저수지를 바로 곁에 두고 있어 전망이 훌륭하다. 카페 앞 넓은 들판은 계절에 따라 아름다운 꽃밭으로 변신한다. 봄에는 유채꽃과 샤스타데이지, 여름에는 해바라기와 맨드라미가 가득하다. 바실라는 해바라기 명소로도 유명한 만큼 해바라기를 닮은 '선플라워 에이드'가 판매 중이다. 패션후르츠와 파인애플의 상큼함이 더해진 메뉴이다. 그 외에도 수제 팥크림이 올라간 '바실랑떼', 국산 수제 미숫가루와 직접 삶은 국산 팥으로 만든 '바실라 팥빙수'가 있다. 두 메뉴 모두 달달하면서도 고급스러운 맛이 느껴지는 게 특징이다. 카페는 남경주 IC에서 가깝고, 인근에 세계문화유산 석굴암, 블루원 리조트가 있다.","<a href=""http://www.instagram.com/basilla.gyeongju""target=""_blank"" title=""새창 : 바실라 사이트로 이동"">hhttp://www.instagram.com/basilla.gyeongju</a>",129.3116655912,35.8017577478,2839118,39,
2736664,토함혜,http://tong.visitkorea.or.kr/cms/resource/23/2736823_image2_1.jpg,,경상북도 경주시 상강선길 3-3 (배반동),,,,"토함혜는 갈비찜으로 유명한 한정식집이다. 대표 메뉴는 갈비찜, 청국장, 보리밥을 한꺼번에 맛볼 수 있는 토함혜 특선이다. 이 밖에도 청국장 대신 된장찌개가 나오는 된장 정식도 있다. 음식점 내부에는 단체석이 마련돼 있으며, 예약이 가능하다. 음식점 주변에는 경주 동궁원, 경주보문관광단지 등이 있어 연계 관광이 손쉽다.","<a href=""http://blog.naver.com/tohamhye1/"" target=""_blank"" title=""새창 : 토함혜  사이트로 이동"">http://blog.naver.com/tohamhye1/</a>",129.2382768871,35.8258397542,2736664,39,
2951287,월성이랑,http://tong.visitkorea.or.kr/cms/resource/83/3412483_image2_1.jpg,,경상북도 경주시 인왕동,,,,"경주 월성은 신라 파사이사금 22년(101년)에 지어졌다고 전해지는 신라시대 왕궁터이다. 국립경주문화유산연구소에서는 2014년부터 경주 월성에 대한 발굴조사를 진행하고 있다. 이러한 발굴성과를 국민과 함께 공유하기 위해 월성발굴조사 교육해설팀 월성이랑을 운영 중이다. 국립경주문화유산연구소에 재직 중인 전공자가 상시적으로 발굴조사의 성과에 대해 현장해설을 제공하는 것은 다른 기관에서 찾아볼 수 없는 특별한 프로그램이다. 월성이랑은 일요일 및 공휴일을 제외한 월요일~토요일에 오전 10시부터 오후 5시까지 운영한다. 해설은 매 시 정각마다 시작하며, 모든 프로그램은 네이버예약을 통한 사전예약 이후 참가할 수 있다. 다양한 교육프로그램을 운영하여 월성을 찾는 관람객에게 다양한 정보를 제공하고 있다.
현재 외국어 해설 안내는 제공하고 있지 않으며, 영어, 중국어, 일본어 리플렛 3종이 비치되어 있다.","<a href=""https://nrich.go.kr/gyeongju/index.do"" target=""_blank"" title=""새창 : 홈페이지로 이동"">https://nrich.go.kr/gyeongju/index.do</a>",129.2229280382,35.8326414743,2951287,12,
855074,문복산가든,,,경상북도 경주시 산내면 문복로 333-101,,,,"경상북도 경주시에 있는 문복산가든은 최고의 재료 만을 사용한다는 고집으로 직접 재배한 신선한 야채와 양질의 고기로 맛깔스러운 음식을 준비하고 있다. 문복산가든만의 특별한 전통 한우 고기 맛을 느낄 수 있으며, 각종 모임 등 단체로 맛을 즐기러 오기에 좋은 음식점이다. 근처에는 문복산 캠핑장이 있어 여행객들이 식사하러 오기에도 좋은 곳이다.","<a href=""http://www.munbok.co.kr/"" target=""_blank"" title=""새창 : 문복산가든 홈페이지로 이동"">http://www.munbok.co.kr/</a>",129.0536504434,35.6628102281,855074,39,
1854158,신라의 불국토 남산에서 부처를 만나다,http://tong.visitkorea.or.kr/cms/resource/14/1164114_image2_1.jpg,,,,,,"경주 동남산 자락에는 탑곡, 미륵곡, 불곡 등 골짜기마다 신라의 부처님들이 새겨져 있다. 남산의 또 다른 코스인 칠불암에서는 국보로 지정된 칠불암 마애불상군과 속세를 굽어보는 듯한 신선암 마애보살반가상 등 신라 최고의 불상을 만날 수 있다. 소나무 숲길이 아름다운 정강왕릉과 헌강왕릉 진입로는 동남산 여행의 덤이다.",,129.2307999598,35.8189737214,1854158,25,
135911,유수정,,,경상북도 경주시 보불로 24-7 (마동),,,,"경주를 대표하는 음식 중 하나로 쌈밥이 있다. 이 같은 쌈밥 맛을 제대로 느낄 수 있는 불국사 주변의 맛집이 바로 유수정이다. 코오롱호텔 구 삼거리에 보불로 주유소가 있고, 주유소 뒤쪽에 유수정이 아담하게 자리 잡고 있다. 일반 가정집을 개조해 입구부터가 소박하고 편해 보인다. 입구를 들어서면 마당을 중심으로 ㅁ 자형으로 방들이 빙 둘러 배치돼 있다. 마당은 간이 식탁을 놓아 식사 후 차 한잔을 할 수 있는 여유공간으로 활용된다. 쌈밥에 따라 나오는 밑반찬만도 생선과 고기, 된장찌개, 마늘무침 등 20여 가지. 쌈도 신선야채와 삶은 야채가 따로 나온다. 주로 타지방의 관광객들이 찾는 탓에 경상도 지방 특유의 맵고 짠맛을 줄이고 담백하면서도 개운한 뒷맛을 살렸다는 게 음식을 즐기고 난 사람들의 평이다.",,129.3181654173,35.7879260975,135911,39,
3044607,밸리1961,,,경상북도 경주시 산내면 문복로 836-1,,,,"경상북도 경주 산내면에 있는 벨리1961은 푸른 산과 맑은 계곡을 품은 펜션이다. 객실은 총 10개로 쾌적하게 관리되고 있고 호실에 따라 테라스가 있으며, 모든 객실에 에스프레소 머신과 스타벅스 캡슐 2개를 구비해놓았다. 사계절 이용 가능한 실내온수수영장과 펜션 바로 앞 계곡에서 물놀이를 즐길 수 있고, 특히 계곡에서 다슬기, 물고기 잡기 체험을 할 수 있다. 개별 및 단체 바비큐장을 갖추고 있고, 매점도 있어 편리하게 묵을 수 있다.",<a href=“http://valley1961.com/“ target=“_blank” title=“새창 : 공식호뮤페이지로 이동”>http://valley1961.com/</a>,129.0593793333,35.7042473303,3044607,32,
1957997,구강서원,http://tong.visitkorea.or.kr/cms/resource/40/3405940_image2_1.jpg,,경상북도 경주시 안강읍 구강길 68-6 (안강읍),,,,"익재 이제현의 학문과 덕행을 추모하기 위하여 영정과 위패를 모신 서원이다. 이제현은 고려 후기의 학자이며 정치가이다. 학자로서 이제현은 뛰어난 유학자로 성리학을 수용·발전시키는데 매우 중요한 구실을 하였다. 문학 부문에서도 그는 대가를 이루었다. 많은 시문을 남겼고, 고려의 한문학을 발전시켜 한 단계 높게 끌어올렸다. 한편 사학(史學)에도 많은 업적을 남겼다. 그의 저술로 현존하는 것은 『익재난고』10권과 『역옹패설』2권이다. 구강서원은 원래 고려 공민왕(재위 1351∼1374) 때 이제현의 영당(影堂)으로 세운 것을, 숙종 12년(1686)에 서원으로 다시 세웠다. 하지만 고종 8년(1871) 서원철폐령으로 폐쇄되었고, 1904년 지방 유림이 복원하였다. 서원 배치는 공간을 田자형으로 나누어 토담을 둘렀다. 그 왼쪽에는 외삼문, 강당, 내삼문, 사당을 같은 선상에 배치하였고, 오른쪽에는 고사와 경각을 두었다. 경각 안에는 익재영정과 익재집 책판을 보존하고 있다. 성현에 대한 제사와 지방 교육의 일익을 담당하여 왔으며, 해마다 음력 2월과 8월에 제사를 지낸다.

(출처: 국가유산청)","<a href=""https://www.heritage.go.kr/heri/cul/culSelectDetail.do?pageNo=1_1_1_1&sngl=Y&ccbaCpno=3413701880000"" target=""_blank"" title=""새창 : 홈페이지로 이동"">https://www.khs.go.kr/main.html</a>",129.2083047954,36.0103822233,1957997,12,
131558,코오롱가든골프장,,,경상북도 경주시 불국로 289-17 (마동),,,,"토함산이 바라보이는 자연경관에 천연잔디 위에 설계된 골프장으로써, 연중무휴로 누구나 쉽게 이용이 가능한 골프장이다. 전장 150미터, 15타석의 골프연습장이 준비되어 있다. 심신의 건강을 위한 노캐디와 수동카트, 깊고 아름다운 숲 속 라운딩의 감동을 느낄 수 있다.","<a title=""새창 : 코오롱가든골프장 홈페이지로 이동"" href=""https://kolongolf.com/"" target=""_blank"">https://kolongolf.com/</a>",129.3217262187,35.7878567283,131558,28,
403845,[백년가게]진가네대구갈비,,,경상북도 경주시 북정로 5,,,,"36년간의 역사를 자부심으로 운영 중인 곳이다. 모든 음식을 매장에서 직접 가공하고 제조하여 손님 상에 올린다. 오랜 세월 변함없이 사랑받는 매운 양푼이 갈비찜과 수없는 실패를 거듭하면서 완성된 깔끔한 국물 맛으로 칭찬받는 갈비탕이 이곳의 자랑이다. 오랜 세월만큼 단골 고객들의 발길이 끊이지 않으며 추억의 맛으로 젊은이들에게는 빨간맛, 빨간집으로 불린다. 최근에는 외국인 손님들도 늘어나 한국의 맛으로 인식되고 있는 곳이다.",,129.2151562459,35.8414708862,403845,39,
479934,주사암(경주),,,경상북도 경주시 서면 도계서오길 251-355,,,,"경주는 이름만으로도 마음이 설레이는 곳이다. 신라인의 불국토이자 이상향이었던 경주. 그래서 그곳을 찾아가는 길은 더욱 특별하다. 경주의 산들은 그 산세가 웅장하거나 계곡이 아름답다기보다는 우리나라 어디서나 볼 수 있는 평범한 모습들이지만 산자락마다 신라 천년의 역사와 설화를 간직한 곳이어서 그 역사의 향기를 더듬으며 한 번쯤 올라볼 만한 산들이 많다. 일명 주사산[朱砂山], 부산[富山]이라 불리는 오봉산[五峯山] 역시 천년이 넘는 옛 설화를 찾아 떠나 봄직한 산이다. 그리고 그 오봉산 정상에 옛 설화를 간직한 주사암이 있다. 주사암은 신라 문무왕 때 의상 대사가 주암사[朱巖寺]라는 이름으로 창건하였는데, ‘신증동국여지승람’에 이 절의 내력과 관련된 설화가 전해진다 (주사암의 창건 설화 참고). 그리고 이 설화에 의해서 절 이름이 주사암이 되었다고 한다.",,129.0499565087,35.853341436,479934,12,
2555977,해솔방,,,경상북도 경주시 보불로 66-10,,,,해솔방은 불국사 근처에 있는 해물칼국수 전문점으로 전북 부안군 진서면에서 신선한 동죽과 바지락을 직거래로 구입하여 요리하고 있다. 해물동죽칼국수가 대표메뉴이며 그 외에 별미로 즐길 수 있는 수제돈가스와 짬뽕칼국수 등도 판매하고 있다. 아이들과도 부담 없이 즐길 수 있어 가족 단위 방문객들이 많이 방문하고 있으며 인근에 경주 대표 관광지인 불국사가 위치하고 있다.,,129.3156127806,35.7908118349,2555977,39,
2756965,키덜트뮤지엄,http://tong.visitkorea.or.kr/cms/resource/96/3444796_image2_1.jpg,,경상북도 경주시 보문로 132-16 (북군동),,,,"어린이 키드(Kid)와 어른 어덜트(Adult)의 합성어인 키덜트(Kidult). 즉, 아이들 같은 순수한 감성과 취향을 지닌 어른들은 물론 온 가족이 함께 즐길 수 있는 경북 최대의 키덜트 뮤지엄으로 경주 보문 단지를 대표하는 전시공간이다.
세계 최초의 영사기인 촛불 영사기와 에디슨의 축음기, 60~80년대 라디오 등 근현대 생활상을 살펴볼 수 있는 여러 가지 전시품과 건담, 스타워즈, 태권V 등 어린 시적의 영화, 만화 캐릭터부터 요즘 유행하고 있는 마블 캐릭터까지 5만여 점의 다양한 전시품과 캐릭터 피규어들을 만나볼 수 있다.","<a href=""http://kidultmuseum.co.kr/"" target=""_blank"" title=""새창 : 키덜트뮤지엄 홈페이지로 이동"">http://kidultmuseum.co.kr/</a>",129.268176281,35.8526484044,2756965,14,
2044527,강동 워터파크,http://tong.visitkorea.or.kr/cms/resource/71/3326671_image2_1.jpg,,경상북도 경주시 보불로 391 (천군동),,,,"강동 워터파크는 국내최고 2.6m 높이의 스톰웨이브(파도풀), 패밀리 슬라이드, 토네이도 슬라이드, 캐논볼, 드롭슬라이드 등의 스릴감 넘치는 실외 어트랙션과 바디 슬라이드, 베이비풀, 유수풀, 키즈풀, 바데풀 등의 실내 어트랙션이 가득하여 가족은 물론 다양한 연령층이 마음 놓고 즐길 수 있는 국내 물놀이 시설이다. 입장, 구명조끼, 식사, 어트랙션 이용권이 모두 포함된 올인패키지도 운영하고 있어 보다 편리한 이용이 가능하다.","<a href=""http://wp.blueone.com/""target=""_blank"" title=""새창: 강동 워터파크 홈페이지로 이동"">http://wp.blueone.com/</a>",129.3056850979,35.8179335881,2044527,12,
2902130,하루방뚝배기,http://tong.visitkorea.or.kr/cms/resource/16/2902116_image2_1.jpg,,경상북도 경주시 하동못안길 101,,,,"하루방뚝배기는 경상북도 경주시 하동에 있다. 한옥으로 지어진 덕분에 외관에서 고풍스러운 멋이 풍긴다. 깔끔한 분위기를 연출하는 인테리어도 눈에 띈다. 내부에는 단체석이 마련되어 있어 각종 모임을 하기 좋다. 대표 메뉴는 몸국이며, 고사리육개장도 인기가 많다. 이 밖에 안동간고등어, 바베큐 정식, 양념 바베큐 정식 등이 준비되어 있다. 동경주IC에서 가깝고, 주변에 석굴암, 불국사, 추억의달동네가 있다.
※ 반려동물 동반 가능(목줄, 배변봉투 지참)",,129.3130849192,35.8014911383,2902130,39,
2707233,한옥人(한옥인),http://tong.visitkorea.or.kr/cms/resource/65/2707565_image2_1.jpg,,경상북도 경주시 포석로1050번길 19 (황남동),,,,"한옥인(韓屋人)은 200여 평의 넓은 대지에 4개 동 건물로 이루어진 호텔급 전통한옥이다. 남측에 고급스럽고 화려한 사주대문, 북측에 첨성대로 향하는 옛골목으로 통하는 뒷문과 작고 아름다운 협문 등, 3개의 문이 있어 대릉원이나 황리단길로 쉽게 드나들 수 있다. 고풍스럽고 고즈넉한 뒷대문과 와편담장은 많은 관광객들의 포토존으로 걷고 싶은 골목길을 빛내고 있다.",,129.2114456476,35.834868784,2707233,32,
2902799,"1894사랑채",http://tong.visitkorea.or.kr/cms/resource/86/2902786_image2_1.jpg,,경상북도 경주시 포석로1068번길 23,,,,"1894사랑채는 경상북도 경주시 황남동에 있는 한옥 카페다. 1894년에 지어진 한옥에 터를 잡은 덕분에 외관에서 고풍스러운 멋이 풍긴다. 예스러운 분위기를 연출하는 인테리어도 눈에 띈다. 내부에는 단체석이 마련되어 있어 각종 모임을 하기 좋다. 대표 메뉴는 눈꽃 팥빙수며, 팥물 찐빵도 인기가 많다. 이 밖에 아메리카노, 바닐라 아이스크림, 복숭아 아이스티, 미숫가루 등 다양한 음료와 각종 디저트가 준비되어 있다. 경주IC에서 가깝고, 주변에 첨성대를 비롯해 국립경주박물관, 경주 교촌한옥마을 등 경주의 유명 관광지가 있어 둘러보기 좋다.
※ 반려동물 동반 가능(목줄, 배변봉투 지참)","<a href=""http://instagram.com/cafe_1894/""target=""_blank"" title=""새창 : 1894사랑채 사이트로 이동"">http://instagram.com/cafe_1894/</a>",129.211984457,35.8360269963,2902799,39,
2904171,안강할매고디탕,http://tong.visitkorea.or.kr/cms/resource/63/2904163_image2_1.jpg,,경상북도 경주시 호국로 2060,,,,"안강할매고디탕은 경상북도 경주시 안강읍 하곡리에 있다. 외관은 세월의 흔적이 엿보이는 덕분에 감성적인 느낌이다. 예스러운 동시에 깔끔한 분위기를 연출하는 인테리어도 눈에 띈다. 내부에는 단체석이 마련되어 있어 각종 모임을 하기 좋다. 대표 메뉴는 다슬기, 쑥, 부추를 넣고 끓여낸 덕택에 시원한 맛이 일품인 고디탕이다. 고디비빔밥+탕과 고디무침도 많은 사람이 찾는 메뉴다. 음식을 주문하면 상에 함께 오르는 반찬도 별미며, 콩잎, 매실장아찌, 고들빼기, 멍게젓 등 10여 가지 반찬을 판매하기도 한다. 오전 일찍 영업을 시작하기 때문에 여행길에 들러 든든한 아침 식사를 즐기기 안성맞춤이다.",,129.1401394217,35.9803148904,2904171,39,
2904353,우직,http://tong.visitkorea.or.kr/cms/resource/38/2904338_image2_1.jpg,,경상북도 경주시 사정로57번길 8,,,,"우직은 경상북도 경주시 황남동에 위치한 퓨전 양식 전문점이다. 한옥으로 지어진 덕분에 외관에서 고풍스러운 멋이 풍긴다. 깔끔한 분위기를 연출하는 인테리어도 눈에 띈다. 대표 메뉴는 수제 데미그라스 소스가 어우러진 데미그라스 오믈렛이다. 이 밖에 명란 까르보나라, 쉬림프 오이스터 파스타, 나폴리탄 파스타, 모둠 카츠 등이 준비되어 있다.","<a href=""https://www.instagram.com/woogic_gyeongju""target=""_blank"" title=""새창 : 우직 사이트로 이동"">https://www.instagram.com/woogic_gyeongju</a>",129.2094707568,35.8371073827,2904353,39,
1972448,경주휴원,http://tong.visitkorea.or.kr/cms/resource/40/2691040_image2_1.jpg,,경상북도 경주시 충효서악길 154,,,,"경주시 서악동에 위치한 휴원은 전통한옥의 특징을 보존하면서 황토벽을 두껍게 보강해 안정감과 건강함을 느낄 수 있도록 한 한옥 게스트하우스다. 침구의 청결과 포근함에도 신경을 많이 쓰고 있다. 목련나무와 정원, 오래된 우물과 수중펌프, 나직한 뒷산은 빈티지하면서도 아름다운 풍경을 자아낸다. 소소한 민박 자수체험도 할 수 있고, 이른 아침 휴원 뒤쪽에 자리한 도봉서당에 올라 새벽안개 사이로 보이는 경주의 신비로운 풍경을 만끽할 수 있다.","<a href=""http://www.huewon.kr/"" target=""_blank"" title=""새창 : 경주휴원 홈페이지로 이동"">http://www.huewon.kr/</a>",129.1902060635,35.8271220352,1972448,32,
2446529,경주수호정,http://tong.visitkorea.or.kr/cms/resource/11/2635611_image2_1.jpg,,경상북도 경주시 포석로1068번길 15-15,,,,"경주 대릉원 앞에 자리한 경주수호정은 소나무, 황토, 짚 등 천연재료로 지은 한옥 게스트하우스다. 객실마다 화장실 겸용 욕실이 있어 편의성을 높였다. 너른 마당에는 바위탁자를 놓아 휴식과 담소의 공간으로 활용한다. 경주시외·고속버스터미널이 자차로 약 10분 거리로 교통이 편리하고, 황리단길 근처라 경주의 핫플레스 맛집과 멋집의 즐거움을 느낄 수 있다. 첨성대, 반월성, 안압지 등 유명 관광지도 인근에 있다.","<a href=""http://www.xn--289a420afcw82c3qddpy.kr/"" target=""_blank"" title=""새창 : 경주수호정 홈페이지로 이동"">http://www.경주한옥민박.kr/</a>",129.2110983992,35.8368574416,2446529,32,
2049286,도보로 즐기는 신라의 여름밤,http://tong.visitkorea.or.kr/cms/resource/58/1613358_image2_1.jpg,,,,,,"경주 야경의 백미는 유네스코가 경주역사유적지구로 지정한 곳 중 하나인 월성 지구다. 월성지구는 신라 궁궐이 있던 월성, 경주 김씨의 시조 김알지가 태어난 계림, 내물왕릉, 첨성대, 신라 왕궁의 별궁 터인 동궁과 월지를 아우르는 지역이다. 모두 걸어서 둘러볼 수 있을 만큼 서로 가깝고, 복원 중인 월정교와 교촌마을도 지척에 있으니 함께 둘러보는 것이 좋다.",,129.2190922049,35.8346939478,2049286,25,
1971917,청공한옥,http://tong.visitkorea.or.kr/cms/resource/76/2637176_image2_1.jpg,,경상북도 경주시 이구2길 5-6 (구정동),,,,"‘청공’이란 이름은 불국사 아래 유난히 맑은 하늘과 바람이 머무는 이곳의 풍경에서 유래된 이름이다. 청공한옥에 머무는 손님들이 바쁜 일상에서 벗어나 지친 몸과 마음을 내려놓고 이름처럼 맑은 하늘 아래서 바람과 함께 머물며 아름다운 추억 만들어 가길 바라며 이름을 지었다. 
청공한옥은 천년의 역사와 찬란한 문화 예술의 도시 경주를 대표하는 토함산과 세계문화유산 불국사의 기운을 내려받은 앞자락에 위치하고 있다. 황토벽돌과 천연자재를 사용하였으며, 고품격 인테리어를 가미하여 고즈넉한 한옥에서 힐링의 쉼터가 되도록 건축 개조하였다. 한옥 내에는 한민족과 건강을 상징하는 소나무를 비롯하여 다양한 종류의 조경수와 원예식물, 기암괴석이 조화롭게 조경하였으며, 한옥 앞 밭엔 계절 따라 아름다운 꽃말을 가진 꽃들이 자리 잡고 있다.","<a href=""http://www.cghanokstay.kr/"" target=""_blank"" title=""새창 : 청공한옥 홈페이지로 이동"">http://www.cghanokstay.kr/</a>",129.3033057771,35.7819459356,1971917,32,
2766530,두부마을,http://tong.visitkorea.or.kr/cms/resource/34/2766934_image2_1.jpg,,경상북도 경주시 불국로 168-3 (마동),,,,"두부마을은 경북 경주시 마동에 있다. MBC 시사 교양 프로그램 <생방송 오늘 저녁>에 출연한 바 있다.<br>대표 메뉴는 특송이얼큰순두부 정식이다. 이 밖에 얼큰순두부 정식, 들깨순두부 정식, 흰색순두부 정식, 청국장 정식, 촌두부버섯전골 정식, 한방보쌈 정식, 두부스테이크, 해물파전을 판다.",,129.3120910626,35.7839486535,2766530,39,
2840787,카페 마르쉐,http://tong.visitkorea.or.kr/cms/resource/82/2840782_image2_1.jpg,,경상북도 경주시 첨성로81번길 22-7 1층,,,,"카페 마르쉐는 경상북도 경주시 황남동에 있는 한옥 카페다. 외관은 고풍스럽지만, 안으로 들어가면 디저트가 아기자기하게 진열되어 있다. SNS에 올라온 예쁜 카페 사진들 때문에 경주에 오면 꼭 들른다는 손님들도 많다. 대표 메뉴는 꾸덕꾸덕한 초코시트와 달콤한 초코 소스가 어우러진 마틸다 케이크다. 이 밖에 묵직한 당근시트와 오렌지 캐러멜 소스가 들어간 당근 케이크, 얼그레이의 향긋함을 느낄 수 있는 얼그레이 스콘 등이 있다. 경주 IC에서 가깝고, 인근에 황리단길, 대릉원돌담길, 첨성대가 있다.",,129.2119594867,35.8350576614,2840787,39,
2761920,스카이글램핑,http://tong.visitkorea.or.kr/cms/resource/23/2762023_image2_1.JPG,,경상북도 경주시 보불로 328-10 (하동),,,,"토함산 자락에 자리 잡은 글램핑장이다. 카바나 텐트 총 18동이 있으며, 방 1개와 데크테라스로 구조이다. 침대 퀸 사이즈 2개, 침구, 냉장고, 화장대, 거울, 비비큐 테이블 및 그릴, 에어컨, 전기장판이 구비되어 있다. 부대시설로는 매점, 화장실, 샤워실, 개수대, 수영장(여름)이 있다. 반려동물과 동반 입실은 불가다.
경주 보문단지와 멀지 않아 낮에는 경주 관광을 즐기고,  숙소로 이용하기에도 좋고, 야외 물놀이장이 있어 아이들과 함께 이용하기에도 좋다.","<a href=""https://skyglamping.qrsvc.kr/"" target=""_blank"" title=""새창 : 스카이글램핑 홈페이지로 이동"">https://skyglamping.qrsvc.kr/</a>",129.3072684673,35.8118231958,2761920,28,
2907299,경주황소곱창 황리단길본점,http://tong.visitkorea.or.kr/cms/resource/93/2907293_image2_1.jpg,,경상북도 경주시 금성로182번길 13,,,,"경주황소곱창 황리단길본점은 경상북도 경주시 사정동에 위치하고 있다. 
한옥으로 지어진 덕분에 외관에서 고풍스러운 멋이 풍긴다. 세련된 분위기를 연출하는 인테리어도 눈에 띈다. 대표 메뉴는 곱창, 대창, 막창, 차돌박이를 골고루 맛볼 수 있는 모둠구이다. 이 밖에 곱창전골, 냉면, 치즈계란찜, 염통 등도 준비되어 있다. 야외 좌석은 반려견 동반이 가능하다.",,129.2087236917,35.8339021752,2907299,39,
2902470,호랑이카츠,http://tong.visitkorea.or.kr/cms/resource/64/2902464_image2_1.jpg,,경상북도 경주시 사정로57번길 14 1층,,,,"호랑이카츠는 경상북도 경주시 황남동에 있다. 한옥의 고풍스러움과 모던한 분위기가 어우러진 외관과 깔끔한 분위기를 연출하는 인테리어도 눈에 띈다. 내부에는 단체석이 마련되어 있어 각종 모임을 하기 좋다. 대표 메뉴는 안심카츠정식이다. 이 밖에 등심카츠정식, 치즈갈비카츠정식, 어린이카츠정식, 에비카레정식, 차슈카레정식 등을 판다. 직접 선별한 품질 좋은 원육을 튀겨내 겉은 바삭하고 속은 촉촉하다. 또한 안데스 솔트와 고추냉이, 트러플 오일을 곁들여 돈가스의 색다른 향과 풍미를 느낄 수 있고, 취향에 따라 조합해 먹는 재미도 즐길 수 있다.","<a href=""http://instagram.com/tiger_katsu""target=""_blank"" title=""새창 : 호랑이카츠 사이트로 이동"">http://instagram.com/tiger_katsu</a>",129.2094262973,35.8377739733,2902470,39,
2738810,오아시스글램핑,http://tong.visitkorea.or.kr/cms/resource/22/2739322_image2_1.jpg,,경상북도 경주시 새골길 85-17 (구정동),,,,"경주 오아시스펜션&글램핑은 경북 경주시 구정동 청량감 가득한 숲속에 터를 잡았다. 마치 요새와 같은 느낌이다. 캠핑장에는 글램핑 13개 동과 카라반 2대의 시설이 마련되어 있다. 객실 내부에는 침대, 에어컨, 냉장고, 전자레인지, 테이블, 난방기구, 전기포트 등이 비치되어 있다. 캠핑장 근처에 토함산, 석굴암, 불국사, 보문관광단지 등 경주의 보석 같은 관광지가 많아 관광하기에도 좋다.","펜션 <a href=""http://www.oasispen.kr/"" target=""_blank"" title=""새창 : 오아시스애견펜션 사이트로 이동"">http://www.oasispen.kr/<br>글램핑장 <a href=""http://www.oasisglamping.com/"" target=""_blank"" title=""새창 : 오아시스글램핑 사이트로 이동"">http://www.oasisglamping.com/</a>",129.3054136674,35.7910171741,2738810,28,
2766548,맛자랑,http://tong.visitkorea.or.kr/cms/resource/42/2766942_image2_1.jpg,,경상북도 경주시 보불로 329 (하동),,,,"맛자랑은 경북 경주시 하동에 있다. 대표 메뉴는 소불고기, 조기구이, 가자미구이, 각종 반찬, 찌개류 등이 나오는 돌솥정식이다. 이 밖에 찰보리한우떡갈비정식, 맛자랑정식, 순두부정식, 해물파전을 판다. 내부에는 단체석이 마련되어 있어 각종 모임을 가지기에 좋고 예약도 가능하며 40대 이상 수용가능한 대형 주차장을 완비하고 있어 주차 걱정 없이 편안한 식사가 가능하다.",,129.3062490986,35.8122953451,2766548,39,
1854218,경주 최고의 문화유산을 만나다,http://tong.visitkorea.or.kr/cms/resource/30/1200930_image2_1.jpg,,,,,,경주 토함산 자락의 불국사와 석굴암이 우리나라를 대표하는 문화유산 중 하나라는 사실은 의심할 여지가 없다. 세계문화유산에 등재되기도 한 불국사와 석굴암은 경주에서 꼭 둘러봐야 하는 필수 답사 코스로 신라시대 불교문화의 정수를 만날 수 있는 곳이다. 석굴암 너머 장항리사지에서는 통일신라시대 걸작으로 평가받는 오층석탑을 만날 수 있다.,,129.3330446288,35.7893956579,1854218,25,
2771006,서라벌CC,http://tong.visitkorea.or.kr/cms/resource/56/2771256_image2_1.jpg,,경상북도 경주시 외동읍 내외로 577-189,,,,"서라벌 CC는 경상북도 경주시 외동읍에 위치하고 있다. 클럽 하우스를 중심으로 좌우 능선이 36홀의 코스를 감싸고 있어 클럽 하우스에서 내려다보는 전경은 편안하면서도 와이드 하다. 9홀 단위로 특징이 차별화된 홀들은 서로 조화를 이루면서도 각각 독립성을 유지하여 플레이어가 최상의 조건으로 즐길 수 있다. 자연 지형을 최대한 살려 공략에 대한 묘미를 배가 시켰다. 계곡을 그대로 이용하여 코스를 조성하고, 자연계류와 연못을 재생하여 마치 자연 속에 그대로 안착된 듯한 홀을 만들었다.","<a href=""https://www.seorabolgc.com/index"" target=""_blank"" title=""새창 : 서라벌 CC 홈페이지로 이동"">https://www.seorabolgc.com/</a>",129.2768939036,35.6945886155,2771006,28,
2595871,나들한옥,http://tong.visitkorea.or.kr/cms/resource/86/2636486_image2_1.jpg,,경상북도 경주시 쪽샘길 4-1 (인왕동),,,,"경주 나들한옥은 전통 한옥 건축양식과 현대의 편의성을 접목한 신축 한옥스테이다. 객실은 온돌과 침실로 구성되었고, 객실마다 화장실 겸 욕실, 온도조절기를 설치했다. 공용공간라운지에는 자동 원두커피머신, 정수기, 토스트기, 전기레인지, 전기포트, 비상약 등이 있고 모두 무료로 이용할 수 있다. 조식도 무료로 제공된다. 경주 첨성대에서 도보 1분 거리에 위치하고, 주변 유명 여행지 또한 도보 이동이 가능하여 여행이 편리하다.",http://gjhanok.com,129.2183644504,35.8361159955,2595871,32,
2706685,앨리게스트하우스,http://tong.visitkorea.or.kr/cms/resource/80/2707780_image2_1.jpg,,경상북도 경주시 계림로106번길 12 (황오동),,,,"경주 시내 중심가에 위치한 앨리게스트하우스는 경주역에서 도보 3분 거리에 있어 도보 여행자가 주로 찾는다. 주차는 불가능하지만 가족룸을 예약할 경우 주차서비스를 지원한다. 1인실부터 침대룸, 도미토리룸, 가족실까지 다양한 객실을 구비하였고. 객실마다 냉난방시스템과 도어록, 샤워시설을 갖춘 화장실을 설치하여 편의성을 높였다. 간단한 무료조식과 짐보관 서비스를 제공한다. 인근에 대릉원, 첨성대, 동궁과월지가 있다.",https://alleyhostel.modoo.at,129.2147145529,35.8437511762,2706685,32,
2707242,위연재,http://tong.visitkorea.or.kr/cms/resource/21/2731921_image2_1.jpg,,경상북도 경주시 쪽샘길 7 (황남동),,,,"위연재는 경주역사유적지구 맞은편에 자리한 한옥으로, 첨성대, 대릉원, 동궁과월지 등 주요 관광지를 도보로 이동할 수 있다. 건축 당시 신라 시대 유물이 출토된 숙소라, 하룻밤 묵는 것만으로도 천년고도 경주를 실감할 수 있다. 객실은 모두 온돌방이고, 객실마다 욕실을 갖춰 편의성을 높였다. 문무 객실에 딸린 누마루는 주변 경치를 감상하며 사진을 남길 수 있는 명당이다. 무료 조식을 제공하고 전용 주차장도 있다.",http://www.wiyeonjae.kr,129.2180172566,35.8361882036,2707242,32,
3438592,한옥스테이 다가감,,,경상북도 경주시 첨성로99번길 22-2 (황남동),,,,"한옥스테이 다가감은 황리단길 안에 위치하고 있어 접근성이 용이하며 기본 2인, 최대 4인까지 이용이 가능하다. 스테이에서 나오면 바로 펼쳐지는 핫플레이스의 중심에 위치하고 있으며 걸어서 여행하기 최적화 되어있다. 하루의 여행일정을 마무리하고 스테이에서 여행의 피로를 풀수 있는 '실내 자쿠지'도 프라이빗하게 즐길수 있다.
고풍스러운 한옥의 따뜻함과 현대적 시설을 갖추어 연인, 친구, 가족에게 최고의 안락함을 제공하고 있다.",https://blog.naver.com/dagagam42_,129.2129232901,35.8350687886,3438592,32,
2668037,월암종택(김호장군고택),,,경상북도 경주시 식혜골길 35 (탑동),,,,"김호장군고택은 1977년에 중요민속문화재 제34호로 지정되었다. 조선 선조 25년(1592년) 부산첨사로 임진왜란 때 공을 세운 김호가 살았던 집이다. 현재 14대종부가 살고 있다.
김호장군고택은 토담에 둘러싸여있는 구조로, 토담 안 깊숙히 기와집 1채가 남쪽을 향해 앉아있고 오른쪽으로는 초가집 1채가 따로 있다. 기와집 안채의 북동쪽으로 토담과는 별도로 담장을 둘러 막은 사당이 있다. 고택 뒤로는 남산이 위치하고 있다. 주변 관광지로 오릉, 포석정, 경주 국립박물관 등이 있다.
김호장군고택은 가족단위 여행객들이 묵기에 적합하다. 편의시설로는 TV, 에어컨, 무선인터넷, 세면도구를 제공하고 있다.","<a href=""http://www.kimhopen.kr""target=""_blank"">www.kimhopen.kr</a>",129.2186704484,35.8196345282,2668037,32,
2663296,경주 한옥(경주한옥펜션),,,경상북도 경주시 도초길 124-31,,,,"은은한 소나무 향이 기분 좋은 황토 집 천 년의 역사를 간직한 경상북도 경주시의 신축 한옥으로, 경주의 대표적인 관광지인 남산 삼릉과 포석정, 오릉에 인접해 있다. 전통 한옥 목수 자격이 있는 목수가 정성을 들여 지은 집인 만큼 하나하나 허투루 한 것이 없다. 전통적인 건축 방식 그대로 볏짚을 썰어 넣고, 황토로 맞벽을 쳤다. 미장 시에는 닥풀을 황토에 개어 발랐기 때문에 아토피에도 매우 좋다. ",,129.1968562111,35.801408396,2663296,32,
2613097,월암재,,,경상북도 경주시 남간안길 5-10 (탑동),,,,"월암재는 신라 천년의 정기가 서려있는 남산 자락에 위치해 있으며, 임진왜란 때 공을 세운 김호 장군의 재실을 고쳐 사용하고 있는 고택이다. 건물 뒤로는 솔숲이 있고, 대청에서 밖을 보면 탁 트인 전망과 함께 신라 최초 왕궁터인 창림사지와 남산이 보입니다. 경주의 걷기 좋은 길로 선정된 월정교에서 삼릉 가는 길 중간에 위치해 있다.","<a href=""http://www.경주고택.kr""  target=""_blank""> www.경주고택.kr </a>",129.2162068881,35.8156710399,2613097,32,
2569237,운정루,http://tong.visitkorea.or.kr/cms/resource/42/2567042_image2_1.jpg,,경상북도 경주시 칠불암길 77-14 (남산동),,,,운정루는 아름다운 경주의 남산 아래에 있는 전통의 멋을 지닌 한옥으로 편안히 쉬어갈 수 있는 공간이다.,"<a href=""http://unjeongru.modoo.at/""target=""_blank"">http://unjeongru.modoo.at/</a>",129.2458966484,35.7912826861,2569237,32,
2572817,옥산정사 독락당,,,경상북도 경주시 안강읍 옥산서원길 300-3,,,,독락당은 동방 5현의 한 분이신 대표적 성리학자 회재 이언적 선생님 중종 26년(1532년)에 벼슬을 그만두고 낙향하여 지은 집으로 현재까지 옥산파 종손이 거주하고 있어 종가 체험이 가능한 특별한 고택이다. 경주 시내에서 약간 떨어져 있어 오고 가는 불편함은 있지만 경주를 온종일 보고 즐기느라 지친 몸과 마음을 예스러움을 깊이 간직한 독락당에서 천년 고도의 정취를 느낄 수 있다.,"<a href=""http://www.독락당.com""target=""_blank"">http://www.독락당.com</a>",129.1599755192,36.0169583419,2572817,32,
3072218,오히,http://tong.visitkorea.or.kr/cms/resource/42/3070742_image2_1.jpg,,"경상북도 경주시 탑리1길 18-31 (탑동) 18-31, 18-33",,,,"오히는 황리단길 등 주요 명소에서 차량5분이내 접근 가능한 풀빌라 한옥 독채이다. 높은 층고와 탁 트인 시야가 특징이다. 한 객실 당 두 대의 주차가 가능하다. 숙소 안에 현지인 추천 배달 맛집 리스트가 존재한다. 바베큐장도 있어 미식 여행을 즐길 수 있는 숙소이다. 1층, 2층 깔끔한 공간분리로 가족끼리 여행을 추천한다. 깨끗한 침구류, 커피머신, 각종 취사도구가 있기 때문에 가볍게 여행 길에 오를 수 있다.","<a href=""https://naver.me/FXrANa1g"" target=""_blank"" title=""새창: 오히 홈페이지로 이동"">https://naver.me/FXrANa1g</a>",129.2125819637,35.824170013,3072218,32,
2628004,에스지빌라앤호텔(미동의),,,경상북도 경주시 감포읍 동해안로 1819-23,,,,"SG 빌라 앤 호텔은 바다와 인접해있어서 내다보면 푸르른 동해안이 눈에 가득 들어온다. 뒤로는 울창한 상록숲이 있어서 뷰가 정말 아름다운 펜트하우스이다. 각 펜트하우스마다 100평의 넓은 복층구조로 총 11개의 펜트하우스가 줄지어 모여있다. 100평의 넓은 복층구조로 프라이빗하고 조용하게 놀 수 있으며 각 객실 풀빌라 수영장이 딸려 있어서 물 반 사람 반 걱정하지 않고 놀기 좋다. 야외수영장도 대규모로 준비되어 있기 때문에 대가족 여행 오기에도 좋다. 37도 온천수로 사계절 내내 온천풀 히노끼탕을 경험하실 수가 있어서 더욱 좋은 동해 가볼 만한 곳 SG 빌라 앤 호텔은 전 객실 100% 독일산 구스 침구와 시몬스 뷰티레스트 매트리스를 들여놓아 편안한 잠자리를 선사한다.

넓은 거실과 주방시설이 갖추어져 있어서 간단한 요리도 가능하다.",,129.4917340697,35.7705924587,2628004,32,
2531281,구토란펜션,http://tong.visitkorea.or.kr/cms/resource/14/2998914_image2_1.jpg,,경상북도 경주시 귀계길 17-25,,,,경주 구토란펜션은 도자기 공예작가가 정성을 다해 손수 흙으로 지은 한옥 정원이다. 다섯 채 한옥에는 주인이 도자기와 기와장을 이용해 손수 그린 그림이 있다. 여름철에는 펜션 앞 작은 연못에서 화사한 연꽃 풍경을 감상할 수 있다. 펜션 단지 위에 있는 작은 공방 ‘구토란요’에서는 체험 프로그램도 운영한다.,"<a href=""http://www.gutoran.com"" target=""_blank"" title=""새창: 구토란펜션 홈페이지로 이동"">http://www.gutoran.com</a>",129.1607746629,35.7519410756,2531281,32,
3102067,온새미한옥,,,경상북도 경주시 포석로1050번길 8-6 (황남동),,,,"경주 황리단길 주택가에 자리한 온새미한옥은 1971년도에 지어진 한옥을 현대적으로 재해석한 독채 한옥스테이다. 실내는 침실 1, 거실, 욕실, 부엌으로 구성되어 있고, 실외는 마당과 야외 자쿠지가 자리하고 있다. 자쿠지는 온/냉수 사용이 가능해 반신욕 또는 족욕으로 하루의 피로를 풀 수 있다. 스탠바이미, 스타일러, 일리커피, 다이슨드라이기 등이 있어 숙박의 편의성을 높였다. 웰컴와인과 조식으로 빵과 과일이 제공된다.","<a href=""https://www.instagram.com/onsaemi_1971/"" target=""_blank"" title=""온새미한옥(으)로 이동"">https://www.instagram.com/onsaemi_1971//</a>",129.2101318918,35.8342438298,3102067,32,
3049878,JOY 모텔,http://tong.visitkorea.or.kr/cms/resource/70/3059670_image2_1.jpg,,경상북도 경주시 안강읍 화전중앙길 5,,,,"조이 모텔은 경상남도 경주시 안강읍에 위치한 무인텔이다. 객실은 넓어 쾌적하고, 욕조, 쇼파, 컴퓨터, 공기청정기가 비치되어 있어 편하게 쉬며 이용하기에 좋다. 주차장이 넓어 주차가 편리하고, 합리적 가격으로 이용이 가능하여 가성비가 좋다.",,129.2160934967,35.9930648858,3049878,32,
3101953,석등있는집 경주한옥숙소,,,경상북도 경주시 교촌안길 15-3 (교동),,,,"석등있는 집 경주한옥숙소는 200년의 세월이 깃든 전통한옥을 살려 게스트하우스로 운영하고 있는 곳이다. 350살이 넘은 모과나무와 천년의 세월이 깃든 교동 석등이 있어 경상북도 문화재자로 10호로 지정되어 있다. 객실은 총 8개로, 객실마다 화장실이 있고 방과 화장실이 현대식으로 되어 있어 이용에 편리하다. 조식은 없지만 전통찻집도 같이 운영해 아침에 차를 제공한다. 조명이 켜진 밤 풍경의 벗삼아 숙소에서 담 너머 월정교 야경도 감상할 수 있다.","<a href=""https://gyodonghouse.modoo.at/"" target=""_blank"" title=""석등있는집 경주한옥숙소(으)로 이동"">https://gyodonghouse.modoo.at//</a>",129.2161675954,35.8299805354,3101953,32,
3102030,라연재,,,경상북도 경주시 천원2길 35-11 (교동),,,,"경주 황리단길에 위치한 라연재는 오직 한팀만을 위한 한옥 독채 숙소다. 방 3개, 화장실, 너른 거실, 부엌, 누마루로 구성되어 있고 최대 10인까지 묵을 수 있다. 침대방, 다도방 및 욕조 창문을 통해 보이는 초록빛 뷰는 힐링을 선사한다. 주방과 연결된 누마루에는 책과 운동기구가 있어 여유를 즐기기에도 좋다. 야외에서 전기그릴 바베큐가 가능하다. 주차는 넓은 마당 또는 월정교 공영주차장에 하면된다.","<a href=""https://rayeonjae.modoo.at/"" target=""_blank"" title=""라연재(으)로 이동"">https://rayeonjae.modoo.at//</a>",129.2164482496,35.8256532519,3102030,32,
3102108,소여정,,,경상북도 경주시 원효로 182-4 (황오동),,,,"경주 황오동에 위치한 소여정은 50년 된 구옥을 리모델링한 프라이빗 한옥 숙소다. 돌담의 대문을 들어서면 단아한 정원이 한눈에 들어온다. 내부에는 불멍과 자쿠지 입욕, 스크린과 레이저빔으로 영상 시청이 가능한 거실, 퀸 사이즈 베드 2개와 한지 섬유 침구류를 갖춘 침실, 문지방 안에 있는 프라이빗 바, 화장실과 욕실로 구성되었다. 대릉원, 황리단길, 첨성대, 동궁과월지 등 주요 관광지가 도보 15분 거리에 있어 여행이 편리하다.","<a href=""http://www.instagram.com/sawyerjeong_gj"" target=""_blank"" title=""소여정(으)로 이동"">http://www.instagram.com/sawyerjeong_gj/</a>",129.2209335177,35.8414654402,3102108,32,
3102089,소소정,,,경상북도 경주시 사정로50번길 10 (사정동),,,,"경주 황리단길에 위치한 소소정은 고급 스파가 있는 옥캉스가 가능한 한옥스테이다. 본채, 사랑채, 별채의 3개 건물로 이루어져 있고, 객실은 7개로 안채에 1개, 사랑채에 2개, 본채에 2개, 별채에 2개기 있다. 객실에 따라 노천탕, 히노끼탕, 실내연인탕, 개인정원, 누마루가 있어 니즈에 맞춰 선택할 수 있다. 누마루와 개인정원에서는 전통차나 와인을 마시며 오붓한 시간을 즐길 수 있다. 조식으로 간단한 뷔페식과 궁중떡국을 제공한다.","<a href=""http://www.xn--9l4ba331c.com/"" target=""_blank"" title=""소소정(으)로 이동"">http://www.xn--9l4ba331c.com//</a>",129.2084014421,35.8358575032,3102089,32,
3044584,미드나잇 인 경주,http://tong.visitkorea.or.kr/cms/resource/56/3058256_image2_1.jpg,,경상북도 경주시 중앙로29번길 6 (노동동) 미드나잇 인 경주,,,,"미드나잇 인 경주는 경주 성동시장 옆에 위치한 따뜻한 감성이 가득한 게스트하우스다. 독립적인 형태의 1~3인실의 객실로, 객실별로 개별 욕실이 있고 다인실도 1인 침대로 구성히여 편의성을 높였다. 2층 공용공간에는 간단한 조리도구와 냉장고, 여러 종류의 책과 보드게임이 있다. 소소한 파티가 열리기도 하고 짐보관 서비스도 제공한다. 건물 뒤편에 주차장, 바로 옆에는 마트가 있고, 차로 10분 거리에 황리단길이 있다.",https://naver.me/5atnBTyi,129.2112565513,35.8427345591,3044584,32,
3102074,알천스테이 한옥커플가족독채펜션,,,경상북도 경주시 원효로272번길 3 (구황동),,,,"선덕여왕의 향기가 스며들어 있는 경주 분황사 앞에 위치한 알천스테이는 하루 한팀만 이용하는 신축 한옥 독채 공간이다. 한옥은 최고급 침구가 있는 침실, 거실, 주방 및 포토존, 욕실로 구성되어 있다. 실내에 자쿠지가 있어 고급입욕제를 녹인 물에 들어가 하루의 피로를 풀기에 좋고, 야외데크에서는 자이글을 이용해 바베큐를 할 수 있다. 분황사까지 도보 3분이 걸리고, 황룡사역사문화관과 동굴과월지 등도 도보 15분 이내로 걸린다.","<a href=""http://www.xn--9t4bp2cm6b2wiqvg.kr/"" target=""_blank"" title=""알천스테이 한옥커플가족독채펜션(으)로 이동"">http://www.xn--9t4bp2cm6b2wiqvg.kr//</a>",129.2307465637,35.8408656933,3102074,32,
3049899,브라운도트 호텔 경주불국사점,http://tong.visitkorea.or.kr/cms/resource/09/3060109_image2_1.jpg,,경상북도 경주시 진현로1길 4 (진현동),,,,"브라운도트 호텔 경주불국사점은 불국사 근처에 위치한 전통 분위기가 가득한 숙소다. 객실이 넓고 침구류가 쾌적하게 관리되며, 객실에 공기청정기, 스타일러, 욕조, PC 등이 있어 편리하게 이용하며 휴식을 취할 수 있다. 프론트 옆 조식공간에서는 토스트, 씨리얼, 계란, 우유, 주스, 커피 등 간단한 조식을 제공한다. 건물 내/외 주차장이 있어 주차가 편리하고, 주변이 조용하여 편안한 쉼을 누릴 수 있다. 합리적인 가격으로 가성비가 좋다.",,129.324342822,35.7820685418,3049899,32,
3101949,황리단까사드,,,경상북도 경주시 포석로1068번길 20-3 (황남동),,,,"황라단까사드는 경주 황리단길 중심에 위치한 신축 독채 한옥으로, 프리이빗하게 연인 또는 가족단위의 여행을 즐길 수 있는 공간이다. 실내는 온돌방, 침대방, 주방, 욕실 2개로 구성되어 있고, 실외에는 예쁜 꽃 정원과 돌길, 원목담장, 온실, 야외테이블이 갖춰져 있다. 조적욕조가 있어 하루의 피로를 풀며 힐링하기에도 좋다. 간단한 조식이 제공되고, 카페, 맛집, 대릉원 및 첨성대 등 주요 관광지가 도보 10분 거리에 있어 편리하다.","<a href=""https://casade.kr/"" target=""_blank"" title=""황리단까사드(으)로 이동"">https://casade.kr//</a>",129.2115594991,35.8358297886,3101949,32,
3049913,경주 소울메이트,http://tong.visitkorea.or.kr/cms/resource/73/3059473_image2_1.jpg,,경상북도 경주시 태종로685번길 28 (노서동),,,,"경상남도 경주시 노서동에 위치한 경주 소울메이트는 빈티지한 인테리어가 돋보이는 숙소로, 황리단길과 중앙 야시장이 도보 10~15분 거리에 있어 접근성이 좋다. 객실은 본관 소울동과 별관 메이트동에 스탠다드, 디럭스, 온돌, VIP룸으로 구성되어 있다. 전 객실에 PC가 설치되어 있고, 온돌룸을 제외한 다른 객실에 욕조가 있으며, 디럭스룸부터는 넷플릭스 시청이 가능하다. 주차장이 넓고 숙소 바로 앞에 편의점이 있어 편하게 이용할 수 있다.",,129.2031545416,35.8407151896,3049913,32,
3049879,한진호스텔,,,경상북도 경주시 원효로26번길 21-14 (노서동),,,,"한진호스텔은 경상북도 경주 노서동 천마총 인근에 위치한 숙소다. 객실은 공용 도미토리, 싱글룸, 더블룸, 패밀리 더블룸으로 구성되어 있다. 도미토리를 제외한 객실에는 전용 욕실이 있다. 도보 10분 내외 거리에 황리단길과 대릉원이 있고, 차로 3분 이내 거리에 첨성대, 동궁과 월지, 교촌마을 등 주요 관광지가 있어 여행을 편히 즐기기에 좋다.",,129.2046877522,35.8403097087,3049879,32,
3102072,한옥스테이 여여,,,경상북도 경주시 갯마을길 53 (배반동),,,,"경주 남산국립공원 아래에 자리한 한옥스테이 여여는 소나무 숲이 한옥 뒤에 자리잡고 있어 공기가 맑고 시원하다. 침실, 거실 겸 주방, 화장실로 이루어진 공간에 서까래, 찻자리와 방석, 다도 식기, 조명이 어우러져 고즈넉한 감성을 자아낸다. 따뜻한 커피를 마시며 바라보는 소나무 숲, 프라이빗한 뒤뜰과 조적욕조에서 즐기는 아름다운 정원, 나만의 빔프로젝트 영화관에서 하루를 마무리하며 소중한 추억을 만들 수 있다. 천년숲정원이 도보 5분 거리에 있다.","<a href=""https://www.yeoyeo.co.kr/"" target=""_blank"" title=""한옥스테이 여여(으)로 이동"">https://www.yeoyeo.co.kr//</a>",129.2370856462,35.8145604483,3102072,32,
3101941,우드인스테이,,,경상북도 경주시 강변로152번길 7 (사정동),,,,"우드인스테이는 경주버스터미널과 황리단길 사이에 위치한 한옥스테이로, 전통한옥과 넓고 예쁜 장미정원이 일품인 곳이다. 주택단지에 있다보니 조용한 휴식을 취하기에 안성맞춤이다. 객실은 총 3개로, 모든 객실은 편백나무와 라탄가구로 꾸며져 있고 개별 욕실을 갖추고 있으며, 블루베리룸에는 자쿠지도 있어 하루의 피로를 풀기에 좋다. 맛있는 조식이 제공되고, 별빛과 달빛과 벗삼아 즐기는 불멍과 치맥은 특별한 추억을 선사한다.","<a href=""https://www.instagram.com/woodinstory/"" target=""_blank"" title=""우드인스테이(으)로 이동"">https://www.instagram.com/woodinstory//</a>",129.2037351353,35.8375877757,3101941,32,
3102206,한옥스테이 수향,,,경상북도 경주시 첨성로 109 (황남동),,,,"경주 황남동에 위치한 한옥스테이 수향은 1974년도에 지어진 한옥을 리모델링한 공간으로, 고요한 감성을 위해 시각적 화려함보다는 최대한 자연친화적으로 연출하였다. 객실은 상현방과 하현방 2개로, 상현방은 향균매트리스와 호텔식 침구가 있는 침실, 화장대, 다이닝룸, 반신욕탕이 있는 욕실로 구성되어 있고, 하현방은 온돌방, 화장대, 다이닝룸, 욕실로 구성되어 있다. 조식으로 토스트, 잼, 주스, 드립백 커피, 과일을 제공한다.","<a href=""https://suhyanghanok.modoo.at/"" target=""_blank"" title=""한옥스테이 수향(으)로 이동"">https://suhyanghanok.modoo.at//</a>",129.2142565539,35.8334356656,3102206,32,
1853986,바다의 용으로 다시 태어난 문무대왕을 찾아서,http://tong.visitkorea.or.kr/cms/resource/35/202535_image2_1.jpg,,,,,,"경주 시내에서 토함산을 넘어가면 기림사, 골굴사 등 사찰과 함께 삼국통일의 주역인 문무왕의 자취를 만나러 가는 길이 이어진다. 선무도로 유명한 골굴사에서 암벽에 새겨진 마애여래불을 만난 뒤 사세에 비해 차분하고 고즈넉한 기림사를 돌아본다. 수중릉으로 조성된 문무왕릉과 신문왕이 조성한 감은사지를 둘러보고 경주의 바다를 만끽해보자.",,129.4055767822,35.8030343852,1853986,25,
2037712,왕에게 가다,http://tong.visitkorea.or.kr/cms/resource/66/1768966_image2_1.jpg,,,,,,국립경주박물관으로 들어서면 커다란 종이 보인다. 경덕왕이 아버지를 기리기 위해 만든 성덕대왕신종이다. 신라의 황금 같은 문화유산을 보기 좋은 코스로 각 유적지마다 담긴 이야기를 주시해 돌아보면 뜻 깊은 체험 여행이 될 것이다.,,129.1878424395,35.8250694447,2037712,25,
2364616,버스로 떠나는 제2의 수학여행 양동마을 코스,http://tong.visitkorea.or.kr/cms/resource/34/2032634_image2_1.jpg,,,,,,도시 전체가 하나의 거대한 신라박물관인 경주. 유네스코 지정 세계문화유산도 52개나 된다. 그렇다 보니 경주 관광지도에 표시된 관광지들을 다 돌아봐야 한다는 일념이 ‘불끈불끈’ 솟는 것은 당연지사. 이럴 땐 학창시절의 수학여행을 떠올리며 시티투어 버스를 타자. 그때의 추억과 함께 경주의 찬란한 유산들이 새록새록 가슴에 새겨질 것이다.,,129.2546510266,35.9998926221,2364616,25,
1945387,경주의 보물을 만나는 길,http://tong.visitkorea.or.kr/cms/resource/43/179843_image2_1.jpg,,,,,,"신라문화의 보물 같은 결정체를 보는 여행이다. 경주 여행에 빼 놓을 수 없는 포석정의 오묘한 물흐름 구조의 아름다움과 불국사, 석굴암, 인공 석굴사원인 골굴암의 고유함까지 놓치지 말자. 신라의 역사 과학관에서는 우리 문화재의 과학적 뿌리를 살펴볼 수 있으니 빠뜨릴 수 없다.",,129.2128629747,35.8073108096,1945387,25,
1854171,신라의 화려한 역사와 문화를 만나다,http://tong.visitkorea.or.kr/cms/resource/48/1200648_image2_1.jpg,,,,,,"경주는 신라시대 역사의 산 교육장이다. 답사 여행은 에밀레종으로 잘 알려진 성덕대왕신종이 있는 국립경주박물관에서부터 시작하는 것이 좋다. 신라의 역사를 차분히 훑어보면 ‘아는 만큼 보인다’는 말을 실감하게 된다. 경주 동궁과 월지는 야경이 아름답고, 선덕여왕릉으로 가는 길은 아름드리 소나무 숲이 인상적이다.",,129.2286026351,35.8293391766,1854171,25,
1854229,통일신라의 주역이 잠들어 있는 곳,http://tong.visitkorea.or.kr/cms/resource/61/179561_image2_1.jpg,,,,,,"경주를 가로지르는 형산강 서쪽은 시내에 비해 사람들의 발길이 뜸하다. 하지만 태종무열왕, 김유신 등 통일신라의 주역들이 잠들어 있는 곳이다. 멀리 남산과 토함산 자락이 시원하게 뻗어나가는 장관을 마주할 수 있다.",,129.1923942418,35.8453339098,1854229,25,
